label	contrast	confound	smoothing	participant_id	frozen_status	normalized_rms_loo_influence	retained_er_median	retained_er_percentile_95	influence_to_retained_median_ratio	full_er_n	interpretation
exploratory_post_primary	gain_demean	C0	S0	sub-002	retained_ER	0.14610002727547405	0.11312535568193496	0.14580196296723086	1.2914878931850715	54	exploratory_descriptive_not_primary
exploratory_post_primary	gain_demean	C0	S0	sub-004	retained_ER	0.1354506586829166	0.11312535568193496	0.14580196296723086	1.1973501242617246	54	exploratory_descriptive_not_primary
exploratory_post_primary	gain_demean	C0	S0	sub-006	retained_ER	0.1057871477258168	0.11312535568193496	0.14580196296723086	0.9351320673258222	54	exploratory_descriptive_not_primary
exploratory_post_primary	gain_demean	C0	S0	sub-008	retained_ER	0.12016520860030161	0.11312535568193496	0.14580196296723086	1.0622305483676004	54	exploratory_descriptive_not_primary
exploratory_post_primary	gain_demean	C0	S0	sub-010	retained_ER	0.1094535908356182	0.11312535568193496	0.14580196296723086	0.9675425122495053	54	exploratory_descriptive_not_primary
exploratory_post_primary	gain_demean	C0	S0	sub-014	retained_ER	0.09915336096813761	0.11312535568193496	0.14580196296723086	0.8764910427943207	54	exploratory_descriptive_not_primary
exploratory_post_primary	gain_demean	C0	S0	sub-016	frozen_excluded_ER	0.15990083440330727	0.11312535568193496	0.14580196296723086	1.4134835947202409	54	exploratory_descriptive_not_primary
exploratory_post_primary	gain_demean	C0	S0	sub-018	frozen_excluded_ER	0.1252053623330053	0.11312535568193496	0.14580196296723086	1.1067842534350538	54	exploratory_descriptive_not_primary
exploratory_post_primary	gain_demean	C0	S0	sub-020	retained_ER	0.11686072293287092	0.11312535568193496	0.14580196296723086	1.033019717183815	54	exploratory_descriptive_not_primary
exploratory_post_primary	gain_demean	C0	S0	sub-022	retained_ER	0.14248407498611868	0.11312535568193496	0.14580196296723086	1.2595237745526224	54	exploratory_descriptive_not_primary
exploratory_post_primary	gain_demean	C0	S0	sub-024	retained_ER	0.13473167410330575	0.11312535568193496	0.14580196296723086	1.190994479452683	54	exploratory_descriptive_not_primary
exploratory_post_primary	gain_demean	C0	S0	sub-026	retained_ER	0.15454805651984804	0.11312535568193496	0.14580196296723086	1.3661663699372384	54	exploratory_descriptive_not_primary
exploratory_post_primary	gain_demean	C0	S0	sub-030	frozen_excluded_ER	0.23208010601968712	0.11312535568193496	0.14580196296723086	2.051530398474125	54	exploratory_descriptive_not_primary
exploratory_post_primary	gain_demean	C0	S0	sub-032	retained_ER	0.12572995457974115	0.11312535568193496	0.14580196296723086	1.111421518383955	54	exploratory_descriptive_not_primary
exploratory_post_primary	gain_demean	C0	S0	sub-036	retained_ER	0.11232242109529716	0.11312535568193496	0.14580196296723086	0.9929022580145928	54	exploratory_descriptive_not_primary
exploratory_post_primary	gain_demean	C0	S0	sub-038	retained_ER	0.1547790809296168	0.11312535568193496	0.14580196296723086	1.368208568243499	54	exploratory_descriptive_not_primary
exploratory_post_primary	gain_demean	C0	S0	sub-040	retained_ER	0.12737736584728485	0.11312535568193496	0.14580196296723086	1.125984224132926	54	exploratory_descriptive_not_primary
exploratory_post_primary	gain_demean	C0	S0	sub-044	retained_ER	0.10976031464069512	0.11312535568193496	0.14580196296723086	0.9702538743771905	54	exploratory_descriptive_not_primary
exploratory_post_primary	gain_demean	C0	S0	sub-046	retained_ER	0.11125203833607027	0.11312535568193496	0.14580196296723086	0.9834403407213874	54	exploratory_descriptive_not_primary
exploratory_post_primary	gain_demean	C0	S0	sub-050	retained_ER	0.11117718122299444	0.11312535568193496	0.14580196296723086	0.9827786224653469	54	exploratory_descriptive_not_primary
exploratory_post_primary	gain_demean	C0	S0	sub-052	retained_ER	0.10973135391769478	0.11312535568193496	0.14580196296723086	0.9699978687909472	54	exploratory_descriptive_not_primary
exploratory_post_primary	gain_demean	C0	S0	sub-054	retained_ER	0.10061211762420265	0.11312535568193496	0.14580196296723086	0.8893860887128193	54	exploratory_descriptive_not_primary
exploratory_post_primary	gain_demean	C0	S0	sub-056	retained_ER	0.10767426686969951	0.11312535568193496	0.14580196296723086	0.9518137310651926	54	exploratory_descriptive_not_primary
exploratory_post_primary	gain_demean	C0	S0	sub-058	retained_ER	0.10473994012035358	0.11312535568193496	0.14580196296723086	0.9258750126261883	54	exploratory_descriptive_not_primary
exploratory_post_primary	gain_demean	C0	S0	sub-060	retained_ER	0.12409743672685922	0.11312535568193496	0.14580196296723086	1.0969904667152917	54	exploratory_descriptive_not_primary
exploratory_post_primary	gain_demean	C0	S0	sub-062	retained_ER	0.1105423971166499	0.11312535568193496	0.14580196296723086	0.9771672888919143	54	exploratory_descriptive_not_primary
exploratory_post_primary	gain_demean	C0	S0	sub-064	retained_ER	0.1115202730971602	0.11312535568193496	0.14580196296723086	0.9858114692758391	54	exploratory_descriptive_not_primary
exploratory_post_primary	gain_demean	C0	S0	sub-066	retained_ER	0.11771681851831549	0.11312535568193496	0.14580196296723086	1.0405873891728568	54	exploratory_descriptive_not_primary
exploratory_post_primary	gain_demean	C0	S0	sub-068	retained_ER	0.10735318879951568	0.11312535568193496	0.14580196296723086	0.9489754808051309	54	exploratory_descriptive_not_primary
exploratory_post_primary	gain_demean	C0	S0	sub-070	retained_ER	0.11448759847036592	0.11312535568193496	0.14580196296723086	1.0120418873401031	54	exploratory_descriptive_not_primary
exploratory_post_primary	gain_demean	C0	S0	sub-072	retained_ER	0.1389118748566644	0.11312535568193496	0.14580196296723086	1.2279464141286875	54	exploratory_descriptive_not_primary
exploratory_post_primary	gain_demean	C0	S0	sub-074	retained_ER	0.1055459585045817	0.11312535568193496	0.14580196296723086	0.9330000146150823	54	exploratory_descriptive_not_primary
exploratory_post_primary	gain_demean	C0	S0	sub-076	retained_ER	0.13069232271672254	0.11312535568193496	0.14580196296723086	1.1552876181373444	54	exploratory_descriptive_not_primary
exploratory_post_primary	gain_demean	C0	S0	sub-080	retained_ER	0.11291781682194861	0.11312535568193496	0.14580196296723086	0.9981654081108936	54	exploratory_descriptive_not_primary
exploratory_post_primary	gain_demean	C0	S0	sub-082	retained_ER	0.10906274465464902	0.11312535568193496	0.14580196296723086	0.9640875292475681	54	exploratory_descriptive_not_primary
exploratory_post_primary	gain_demean	C0	S0	sub-084	retained_ER	0.11267408372289696	0.11312535568193496	0.14580196296723086	0.9960108681531414	54	exploratory_descriptive_not_primary
exploratory_post_primary	gain_demean	C0	S0	sub-088	frozen_excluded_ER	0.14280171649319298	0.11312535568193496	0.14580196296723086	1.2623316464497716	54	exploratory_descriptive_not_primary
exploratory_post_primary	gain_demean	C0	S0	sub-090	retained_ER	0.1263790578801459	0.11312535568193496	0.14580196296723086	1.1171594300704366	54	exploratory_descriptive_not_primary
exploratory_post_primary	gain_demean	C0	S0	sub-092	retained_ER	0.10114740316801521	0.11312535568193496	0.14580196296723086	0.8941178797475152	54	exploratory_descriptive_not_primary
exploratory_post_primary	gain_demean	C0	S0	sub-094	retained_ER	0.12509182221313647	0.11312535568193496	0.14580196296723086	1.1057805870228299	54	exploratory_descriptive_not_primary
exploratory_post_primary	gain_demean	C0	S0	sub-096	retained_ER	0.10985252536793105	0.11312535568193496	0.14580196296723086	0.9710689942650359	54	exploratory_descriptive_not_primary
exploratory_post_primary	gain_demean	C0	S0	sub-098	retained_ER	0.11542963644384352	0.11312535568193496	0.14580196296723086	1.0203692686579242	54	exploratory_descriptive_not_primary
exploratory_post_primary	gain_demean	C0	S0	sub-100	frozen_excluded_ER	0.13793745284693407	0.11312535568193496	0.14580196296723086	1.2193327659871513	54	exploratory_descriptive_not_primary
exploratory_post_primary	gain_demean	C0	S0	sub-102	retained_ER	0.09691074437477543	0.11312535568193496	0.14580196296723086	0.8566668700450428	54	exploratory_descriptive_not_primary
exploratory_post_primary	gain_demean	C0	S0	sub-104	retained_ER	0.11312535568193496	0.11312535568193496	0.14580196296723086	1.0	54	exploratory_descriptive_not_primary
exploratory_post_primary	gain_demean	C0	S0	sub-106	retained_ER	0.11140870267732565	0.11312535568193496	0.14580196296723086	0.9848252145218807	54	exploratory_descriptive_not_primary
exploratory_post_primary	gain_demean	C0	S0	sub-108	retained_ER	0.10882676993180919	0.11312535568193496	0.14580196296723086	0.9620015714053377	54	exploratory_descriptive_not_primary
exploratory_post_primary	gain_demean	C0	S0	sub-110	retained_ER	0.1453548665048661	0.11312535568193496	0.14580196296723086	1.2849008573599374	54	exploratory_descriptive_not_primary
exploratory_post_primary	gain_demean	C0	S0	sub-112	retained_ER	0.11611500600408829	0.11312535568193496	0.14580196296723086	1.026427765058782	54	exploratory_descriptive_not_primary
exploratory_post_primary	gain_demean	C0	S0	sub-114	retained_ER	0.12210271105661208	0.11312535568193496	0.14580196296723086	1.0793575880540698	54	exploratory_descriptive_not_primary
exploratory_post_primary	gain_demean	C0	S0	sub-116	retained_ER	0.13762255629212697	0.11312535568193496	0.14580196296723086	1.2165491587851331	54	exploratory_descriptive_not_primary
exploratory_post_primary	gain_demean	C0	S0	sub-118	retained_ER	0.1063908413280972	0.11312535568193496	0.14580196296723086	0.9404685685782714	54	exploratory_descriptive_not_primary
exploratory_post_primary	gain_demean	C0	S0	sub-120	retained_ER	0.13110176607656515	0.11312535568193496	0.14580196296723086	1.158906995573768	54	exploratory_descriptive_not_primary
exploratory_post_primary	gain_demean	C0	S0	sub-124	retained_ER	0.12207307009061474	0.11312535568193496	0.14580196296723086	1.0790955692889692	54	exploratory_descriptive_not_primary
exploratory_post_primary	gain_demean	C0	S1	sub-002	retained_ER	0.10892985736664647	0.07385262960567042	0.10832759385029181	1.4749624752465524	54	exploratory_descriptive_not_primary
exploratory_post_primary	gain_demean	C0	S1	sub-004	retained_ER	0.0814557625746698	0.07385262960567042	0.10832759385029181	1.1029500643321115	54	exploratory_descriptive_not_primary
exploratory_post_primary	gain_demean	C0	S1	sub-006	retained_ER	0.07728413847050895	0.07385262960567042	0.10832759385029181	1.0464642746393835	54	exploratory_descriptive_not_primary
exploratory_post_primary	gain_demean	C0	S1	sub-008	retained_ER	0.0772934848196777	0.07385262960567042	0.10832759385029181	1.0465908286865264	54	exploratory_descriptive_not_primary
exploratory_post_primary	gain_demean	C0	S1	sub-010	retained_ER	0.07471344163871305	0.07385262960567042	0.10832759385029181	1.011655807486326	54	exploratory_descriptive_not_primary
exploratory_post_primary	gain_demean	C0	S1	sub-014	retained_ER	0.06451378489462707	0.07385262960567042	0.10832759385029181	0.8735475668109953	54	exploratory_descriptive_not_primary
exploratory_post_primary	gain_demean	C0	S1	sub-016	frozen_excluded_ER	0.09880792244808483	0.07385262960567042	0.10832759385029181	1.3379066253383392	54	exploratory_descriptive_not_primary
exploratory_post_primary	gain_demean	C0	S1	sub-018	frozen_excluded_ER	0.0768318203397964	0.07385262960567042	0.10832759385029181	1.0403396703683145	54	exploratory_descriptive_not_primary
exploratory_post_primary	gain_demean	C0	S1	sub-020	retained_ER	0.06825749751164654	0.07385262960567042	0.10832759385029181	0.9242392298839108	54	exploratory_descriptive_not_primary
exploratory_post_primary	gain_demean	C0	S1	sub-022	retained_ER	0.08279509176529568	0.07385262960567042	0.10832759385029181	1.1210852234696684	54	exploratory_descriptive_not_primary
exploratory_post_primary	gain_demean	C0	S1	sub-024	retained_ER	0.0980867341828766	0.07385262960567042	0.10832759385029181	1.3281413905855761	54	exploratory_descriptive_not_primary
exploratory_post_primary	gain_demean	C0	S1	sub-026	retained_ER	0.10742419857575985	0.07385262960567042	0.10832759385029181	1.454575133605152	54	exploratory_descriptive_not_primary
exploratory_post_primary	gain_demean	C0	S1	sub-030	frozen_excluded_ER	0.1531334669497548	0.07385262960567042	0.10832759385029181	2.0735005343397708	54	exploratory_descriptive_not_primary
exploratory_post_primary	gain_demean	C0	S1	sub-032	retained_ER	0.07866546943928934	0.07385262960567042	0.10832759385029181	1.0651681579832248	54	exploratory_descriptive_not_primary
exploratory_post_primary	gain_demean	C0	S1	sub-036	retained_ER	0.07186346924743145	0.07385262960567042	0.10832759385029181	0.973065815410231	54	exploratory_descriptive_not_primary
exploratory_post_primary	gain_demean	C0	S1	sub-038	retained_ER	0.11399908938365705	0.07385262960567042	0.10832759385029181	1.5436023062732511	54	exploratory_descriptive_not_primary
exploratory_post_primary	gain_demean	C0	S1	sub-040	retained_ER	0.08373985110219477	0.07385262960567042	0.10832759385029181	1.1338777176833958	54	exploratory_descriptive_not_primary
exploratory_post_primary	gain_demean	C0	S1	sub-044	retained_ER	0.06748644766341202	0.07385262960567042	0.10832759385029181	0.9137988453999532	54	exploratory_descriptive_not_primary
exploratory_post_primary	gain_demean	C0	S1	sub-046	retained_ER	0.07385262960567042	0.07385262960567042	0.10832759385029181	1.0	54	exploratory_descriptive_not_primary
exploratory_post_primary	gain_demean	C0	S1	sub-050	retained_ER	0.06176273579139281	0.07385262960567042	0.10832759385029181	0.8362970434657435	54	exploratory_descriptive_not_primary
exploratory_post_primary	gain_demean	C0	S1	sub-052	retained_ER	0.07750802759588475	0.07385262960567042	0.10832759385029181	1.0494958406996746	54	exploratory_descriptive_not_primary
exploratory_post_primary	gain_demean	C0	S1	sub-054	retained_ER	0.06470168057131018	0.07385262960567042	0.10832759385029181	0.8760917643255098	54	exploratory_descriptive_not_primary
exploratory_post_primary	gain_demean	C0	S1	sub-056	retained_ER	0.06113603210194477	0.07385262960567042	0.10832759385029181	0.8278111751521267	54	exploratory_descriptive_not_primary
exploratory_post_primary	gain_demean	C0	S1	sub-058	retained_ER	0.0700419496290577	0.07385262960567042	0.10832759385029181	0.9484015667829364	54	exploratory_descriptive_not_primary
exploratory_post_primary	gain_demean	C0	S1	sub-060	retained_ER	0.08183683782225404	0.07385262960567042	0.10832759385029181	1.1081100058212496	54	exploratory_descriptive_not_primary
exploratory_post_primary	gain_demean	C0	S1	sub-062	retained_ER	0.0712865987860948	0.07385262960567042	0.10832759385029181	0.9652547128886716	54	exploratory_descriptive_not_primary
exploratory_post_primary	gain_demean	C0	S1	sub-064	retained_ER	0.06771286701723783	0.07385262960567042	0.10832759385029181	0.9168646719661127	54	exploratory_descriptive_not_primary
exploratory_post_primary	gain_demean	C0	S1	sub-066	retained_ER	0.06821065358773233	0.07385262960567042	0.10832759385029181	0.9236049407033585	54	exploratory_descriptive_not_primary
exploratory_post_primary	gain_demean	C0	S1	sub-068	retained_ER	0.0610837749199508	0.07385262960567042	0.10832759385029181	0.8271035878627777	54	exploratory_descriptive_not_primary
exploratory_post_primary	gain_demean	C0	S1	sub-070	retained_ER	0.06884679929958976	0.07385262960567042	0.10832759385029181	0.9322186585256497	54	exploratory_descriptive_not_primary
exploratory_post_primary	gain_demean	C0	S1	sub-072	retained_ER	0.08269689196816384	0.07385262960567042	0.10832759385029181	1.1197555511525665	54	exploratory_descriptive_not_primary
exploratory_post_primary	gain_demean	C0	S1	sub-074	retained_ER	0.06684873805698052	0.07385262960567042	0.10832759385029181	0.9051639516956057	54	exploratory_descriptive_not_primary
exploratory_post_primary	gain_demean	C0	S1	sub-076	retained_ER	0.08423941726445089	0.07385262960567042	0.10832759385029181	1.140642082945994	54	exploratory_descriptive_not_primary
exploratory_post_primary	gain_demean	C0	S1	sub-080	retained_ER	0.07978885108221463	0.07385262960567042	0.10832759385029181	1.0803792838283504	54	exploratory_descriptive_not_primary
exploratory_post_primary	gain_demean	C0	S1	sub-082	retained_ER	0.07682658045359667	0.07385262960567042	0.10832759385029181	1.0402687197978648	54	exploratory_descriptive_not_primary
exploratory_post_primary	gain_demean	C0	S1	sub-084	retained_ER	0.06298069743100804	0.07385262960567042	0.10832759385029181	0.852788827795136	54	exploratory_descriptive_not_primary
exploratory_post_primary	gain_demean	C0	S1	sub-088	frozen_excluded_ER	0.09076374523036447	0.07385262960567042	0.10832759385029181	1.228984610500526	54	exploratory_descriptive_not_primary
exploratory_post_primary	gain_demean	C0	S1	sub-090	retained_ER	0.08547608142233172	0.07385262960567042	0.10832759385029181	1.1573871083362055	54	exploratory_descriptive_not_primary
exploratory_post_primary	gain_demean	C0	S1	sub-092	retained_ER	0.06439162470871337	0.07385262960567042	0.10832759385029181	0.8718934593463599	54	exploratory_descriptive_not_primary
exploratory_post_primary	gain_demean	C0	S1	sub-094	retained_ER	0.09426662772632065	0.07385262960567042	0.10832759385029181	1.276415318312279	54	exploratory_descriptive_not_primary
exploratory_post_primary	gain_demean	C0	S1	sub-096	retained_ER	0.0728710613695551	0.07385262960567042	0.10832759385029181	0.9867090956495886	54	exploratory_descriptive_not_primary
exploratory_post_primary	gain_demean	C0	S1	sub-098	retained_ER	0.0725975540532855	0.07385262960567042	0.10832759385029181	0.9830056755042266	54	exploratory_descriptive_not_primary
exploratory_post_primary	gain_demean	C0	S1	sub-100	frozen_excluded_ER	0.07896227631550387	0.07385262960567042	0.10832759385029181	1.0691870653369548	54	exploratory_descriptive_not_primary
exploratory_post_primary	gain_demean	C0	S1	sub-102	retained_ER	0.06525039429790211	0.07385262960567042	0.10832759385029181	0.8835216111640278	54	exploratory_descriptive_not_primary
exploratory_post_primary	gain_demean	C0	S1	sub-104	retained_ER	0.07740383608034167	0.07385262960567042	0.10832759385029181	1.0480850376436506	54	exploratory_descriptive_not_primary
exploratory_post_primary	gain_demean	C0	S1	sub-106	retained_ER	0.0649216474132436	0.07385262960567042	0.10832759385029181	0.8790702207881695	54	exploratory_descriptive_not_primary
exploratory_post_primary	gain_demean	C0	S1	sub-108	retained_ER	0.07173650042944582	0.07385262960567042	0.10832759385029181	0.9713465967627222	54	exploratory_descriptive_not_primary
exploratory_post_primary	gain_demean	C0	S1	sub-110	retained_ER	0.11133094242156687	0.07385262960567042	0.10832759385029181	1.507474317651363	54	exploratory_descriptive_not_primary
exploratory_post_primary	gain_demean	C0	S1	sub-112	retained_ER	0.06570468605494686	0.07385262960567042	0.10832759385029181	0.8896729392815289	54	exploratory_descriptive_not_primary
exploratory_post_primary	gain_demean	C0	S1	sub-114	retained_ER	0.0660275979610699	0.07385262960567042	0.10832759385029181	0.8940453212515034	54	exploratory_descriptive_not_primary
exploratory_post_primary	gain_demean	C0	S1	sub-116	retained_ER	0.0862265047918194	0.07385262960567042	0.10832759385029181	1.1675482004123372	54	exploratory_descriptive_not_primary
exploratory_post_primary	gain_demean	C0	S1	sub-118	retained_ER	0.06381537039684915	0.07385262960567042	0.10832759385029181	0.8640906997839571	54	exploratory_descriptive_not_primary
exploratory_post_primary	gain_demean	C0	S1	sub-120	retained_ER	0.10223906497615863	0.07385262960567042	0.10832759385029181	1.384365939602355	54	exploratory_descriptive_not_primary
exploratory_post_primary	gain_demean	C0	S1	sub-124	retained_ER	0.08933461431005664	0.07385262960567042	0.10832759385029181	1.2096334929040564	54	exploratory_descriptive_not_primary
exploratory_post_primary	gain_demean	C0	S2	sub-002	retained_ER	0.09776954811663549	0.06067299851522615	0.09848972019419341	1.6114177724725407	54	exploratory_descriptive_not_primary
exploratory_post_primary	gain_demean	C0	S2	sub-004	retained_ER	0.05948542585048728	0.06067299851522615	0.09848972019419341	0.9804266692960486	54	exploratory_descriptive_not_primary
exploratory_post_primary	gain_demean	C0	S2	sub-006	retained_ER	0.06985332702603218	0.06067299851522615	0.09848972019419341	1.1513083041132735	54	exploratory_descriptive_not_primary
exploratory_post_primary	gain_demean	C0	S2	sub-008	retained_ER	0.06273251976390906	0.06067299851522615	0.09848972019419341	1.033944609613551	54	exploratory_descriptive_not_primary
exploratory_post_primary	gain_demean	C0	S2	sub-010	retained_ER	0.06184787013740064	0.06067299851522615	0.09848972019419341	1.019363994708118	54	exploratory_descriptive_not_primary
exploratory_post_primary	gain_demean	C0	S2	sub-014	retained_ER	0.05248119131208934	0.06067299851522615	0.09848972019419341	0.8649843026782161	54	exploratory_descriptive_not_primary
exploratory_post_primary	gain_demean	C0	S2	sub-016	frozen_excluded_ER	0.0800813617213198	0.06067299851522615	0.09848972019419341	1.3198846880993205	54	exploratory_descriptive_not_primary
exploratory_post_primary	gain_demean	C0	S2	sub-018	frozen_excluded_ER	0.060311648705787646	0.06067299851522615	0.09848972019419341	0.9940443060623116	54	exploratory_descriptive_not_primary
exploratory_post_primary	gain_demean	C0	S2	sub-020	retained_ER	0.05206487703417651	0.06067299851522615	0.09848972019419341	0.8581226955696051	54	exploratory_descriptive_not_primary
exploratory_post_primary	gain_demean	C0	S2	sub-022	retained_ER	0.06842570490514809	0.06067299851522615	0.09848972019419341	1.1277785271808571	54	exploratory_descriptive_not_primary
exploratory_post_primary	gain_demean	C0	S2	sub-024	retained_ER	0.0808156713607866	0.06067299851522615	0.09848972019419341	1.3319874299686303	54	exploratory_descriptive_not_primary
exploratory_post_primary	gain_demean	C0	S2	sub-026	retained_ER	0.09896983491256536	0.06067299851522615	0.09848972019419341	1.6312006548964026	54	exploratory_descriptive_not_primary
exploratory_post_primary	gain_demean	C0	S2	sub-030	frozen_excluded_ER	0.1348431402550979	0.06067299851522615	0.09848972019419341	2.2224571647181475	54	exploratory_descriptive_not_primary
exploratory_post_primary	gain_demean	C0	S2	sub-032	retained_ER	0.06341181749347004	0.06067299851522615	0.09848972019419341	1.0451406563919297	54	exploratory_descriptive_not_primary
exploratory_post_primary	gain_demean	C0	S2	sub-036	retained_ER	0.058511162365481435	0.06067299851522615	0.09848972019419341	0.9643690570328052	54	exploratory_descriptive_not_primary
exploratory_post_primary	gain_demean	C0	S2	sub-038	retained_ER	0.10303002063308753	0.06067299851522615	0.09848972019419341	1.698119808719058	54	exploratory_descriptive_not_primary
exploratory_post_primary	gain_demean	C0	S2	sub-040	retained_ER	0.0667052286817789	0.06067299851522615	0.09848972019419341	1.0994219885974308	54	exploratory_descriptive_not_primary
exploratory_post_primary	gain_demean	C0	S2	sub-044	retained_ER	0.054922247009113453	0.06067299851522615	0.09848972019419341	0.9052172853354277	54	exploratory_descriptive_not_primary
exploratory_post_primary	gain_demean	C0	S2	sub-046	retained_ER	0.06403322516917838	0.06067299851522615	0.09848972019419341	1.0553825710972395	54	exploratory_descriptive_not_primary
exploratory_post_primary	gain_demean	C0	S2	sub-050	retained_ER	0.04807709441266087	0.06067299851522615	0.09848972019419341	0.7923968748733543	54	exploratory_descriptive_not_primary
exploratory_post_primary	gain_demean	C0	S2	sub-052	retained_ER	0.07116543621429859	0.06067299851522615	0.09848972019419341	1.1729342204249114	54	exploratory_descriptive_not_primary
exploratory_post_primary	gain_demean	C0	S2	sub-054	retained_ER	0.05154190491145182	0.06067299851522615	0.09848972019419341	0.8495031755932939	54	exploratory_descriptive_not_primary
exploratory_post_primary	gain_demean	C0	S2	sub-056	retained_ER	0.04579283040500756	0.06067299851522615	0.09848972019419341	0.7547481008955846	54	exploratory_descriptive_not_primary
exploratory_post_primary	gain_demean	C0	S2	sub-058	retained_ER	0.05950451953321975	0.06067299851522615	0.09848972019419341	0.9807413674846948	54	exploratory_descriptive_not_primary
exploratory_post_primary	gain_demean	C0	S2	sub-060	retained_ER	0.06547334158190679	0.06067299851522615	0.09848972019419341	1.0791182764022447	54	exploratory_descriptive_not_primary
exploratory_post_primary	gain_demean	C0	S2	sub-062	retained_ER	0.05805259476052253	0.06067299851522615	0.09848972019419341	0.9568110391965213	54	exploratory_descriptive_not_primary
exploratory_post_primary	gain_demean	C0	S2	sub-064	retained_ER	0.05327607152602942	0.06067299851522615	0.09848972019419341	0.8780853564153346	54	exploratory_descriptive_not_primary
exploratory_post_primary	gain_demean	C0	S2	sub-066	retained_ER	0.04829142329849397	0.06067299851522615	0.09848972019419341	0.7959293999022486	54	exploratory_descriptive_not_primary
exploratory_post_primary	gain_demean	C0	S2	sub-068	retained_ER	0.04925246386677659	0.06067299851522615	0.09848972019419341	0.8117690747460993	54	exploratory_descriptive_not_primary
exploratory_post_primary	gain_demean	C0	S2	sub-070	retained_ER	0.055731647623696194	0.06067299851522615	0.09848972019419341	0.9185576613575492	54	exploratory_descriptive_not_primary
exploratory_post_primary	gain_demean	C0	S2	sub-072	retained_ER	0.06173704865253217	0.06067299851522615	0.09848972019419341	1.0175374575733056	54	exploratory_descriptive_not_primary
exploratory_post_primary	gain_demean	C0	S2	sub-074	retained_ER	0.05551947891170707	0.06067299851522615	0.09848972019419341	0.9150607398738372	54	exploratory_descriptive_not_primary
exploratory_post_primary	gain_demean	C0	S2	sub-076	retained_ER	0.06706844349681652	0.06067299851522615	0.09848972019419341	1.105408421177427	54	exploratory_descriptive_not_primary
exploratory_post_primary	gain_demean	C0	S2	sub-080	retained_ER	0.06735512054296695	0.06067299851522615	0.09848972019419341	1.110133373844444	54	exploratory_descriptive_not_primary
exploratory_post_primary	gain_demean	C0	S2	sub-082	retained_ER	0.06617061935307353	0.06067299851522615	0.09848972019419341	1.0906106665631126	54	exploratory_descriptive_not_primary
exploratory_post_primary	gain_demean	C0	S2	sub-084	retained_ER	0.04723102583475821	0.06067299851522615	0.09848972019419341	0.7784521449505315	54	exploratory_descriptive_not_primary
exploratory_post_primary	gain_demean	C0	S2	sub-088	frozen_excluded_ER	0.07979482360315567	0.06067299851522615	0.09848972019419341	1.3151620252150684	54	exploratory_descriptive_not_primary
exploratory_post_primary	gain_demean	C0	S2	sub-090	retained_ER	0.06974920629317152	0.06067299851522615	0.09848972019419341	1.1495922074078415	54	exploratory_descriptive_not_primary
exploratory_post_primary	gain_demean	C0	S2	sub-092	retained_ER	0.05094971597010679	0.06067299851522615	0.09848972019419341	0.8397428381147297	54	exploratory_descriptive_not_primary
exploratory_post_primary	gain_demean	C0	S2	sub-094	retained_ER	0.08431464333528833	0.06067299851522615	0.09848972019419341	1.3896567731711695	54	exploratory_descriptive_not_primary
exploratory_post_primary	gain_demean	C0	S2	sub-096	retained_ER	0.06067299851522615	0.06067299851522615	0.09848972019419341	1.0	54	exploratory_descriptive_not_primary
exploratory_post_primary	gain_demean	C0	S2	sub-098	retained_ER	0.059721575671260616	0.06067299851522615	0.09848972019419341	0.9843188425288265	54	exploratory_descriptive_not_primary
exploratory_post_primary	gain_demean	C0	S2	sub-100	frozen_excluded_ER	0.05706207772656794	0.06067299851522615	0.09848972019419341	0.9404855392510058	54	exploratory_descriptive_not_primary
exploratory_post_primary	gain_demean	C0	S2	sub-102	retained_ER	0.05209312119417259	0.06067299851522615	0.09848972019419341	0.85858821006019	54	exploratory_descriptive_not_primary
exploratory_post_primary	gain_demean	C0	S2	sub-104	retained_ER	0.06571683425295015	0.06067299851522615	0.09848972019419341	1.0831314729971393	54	exploratory_descriptive_not_primary
exploratory_post_primary	gain_demean	C0	S2	sub-106	retained_ER	0.05070916634810697	0.06067299851522615	0.09848972019419341	0.8357781482545532	54	exploratory_descriptive_not_primary
exploratory_post_primary	gain_demean	C0	S2	sub-108	retained_ER	0.05900161702167539	0.06067299851522615	0.09848972019419341	0.9724526307508715	54	exploratory_descriptive_not_primary
exploratory_post_primary	gain_demean	C0	S2	sub-110	retained_ER	0.10739189835640264	0.06067299851522615	0.09848972019419341	1.7700113886649624	54	exploratory_descriptive_not_primary
exploratory_post_primary	gain_demean	C0	S2	sub-112	retained_ER	0.051984694438012416	0.06067299851522615	0.09848972019419341	0.8568011423560454	54	exploratory_descriptive_not_primary
exploratory_post_primary	gain_demean	C0	S2	sub-114	retained_ER	0.04881315981285882	0.06067299851522615	0.09848972019419341	0.8045285548333159	54	exploratory_descriptive_not_primary
exploratory_post_primary	gain_demean	C0	S2	sub-116	retained_ER	0.07042678126015496	0.06067299851522615	0.09848972019419341	1.1607598599644133	54	exploratory_descriptive_not_primary
exploratory_post_primary	gain_demean	C0	S2	sub-118	retained_ER	0.0498007620402516	0.06067299851522615	0.09848972019419341	0.820806013530943	54	exploratory_descriptive_not_primary
exploratory_post_primary	gain_demean	C0	S2	sub-120	retained_ER	0.09202001435826608	0.06067299851522615	0.09848972019419341	1.516655128478169	54	exploratory_descriptive_not_primary
exploratory_post_primary	gain_demean	C0	S2	sub-124	retained_ER	0.07843047018813487	0.06067299851522615	0.09848972019419341	1.2926750302023131	54	exploratory_descriptive_not_primary
exploratory_post_primary	gain_demean	C1	S0	sub-002	retained_ER	0.14278213988785124	0.11535425938819426	0.14362573207033544	1.2377708516800903	54	exploratory_descriptive_not_primary
exploratory_post_primary	gain_demean	C1	S0	sub-004	retained_ER	0.13998066365231587	0.11535425938819426	0.14362573207033544	1.2134850017219387	54	exploratory_descriptive_not_primary
exploratory_post_primary	gain_demean	C1	S0	sub-006	retained_ER	0.10692035877192356	0.11535425938819426	0.14362573207033544	0.9268869596926748	54	exploratory_descriptive_not_primary
exploratory_post_primary	gain_demean	C1	S0	sub-008	retained_ER	0.12459777061163238	0.11535425938819426	0.14362573207033544	1.080131512026197	54	exploratory_descriptive_not_primary
exploratory_post_primary	gain_demean	C1	S0	sub-010	retained_ER	0.11348232690144092	0.11535425938819426	0.14362573207033544	0.9837723158496138	54	exploratory_descriptive_not_primary
exploratory_post_primary	gain_demean	C1	S0	sub-014	retained_ER	0.10060256588065385	0.11535425938819426	0.14362573207033544	0.8721183458176651	54	exploratory_descriptive_not_primary
exploratory_post_primary	gain_demean	C1	S0	sub-016	frozen_excluded_ER	0.14177722796072784	0.11535425938819426	0.14362573207033544	1.2290593231032247	54	exploratory_descriptive_not_primary
exploratory_post_primary	gain_demean	C1	S0	sub-018	frozen_excluded_ER	0.12080637307114019	0.11535425938819426	0.14362573207033544	1.0472640864053253	54	exploratory_descriptive_not_primary
exploratory_post_primary	gain_demean	C1	S0	sub-020	retained_ER	0.12022811544009876	0.11535425938819426	0.14362573207033544	1.0422512014532799	54	exploratory_descriptive_not_primary
exploratory_post_primary	gain_demean	C1	S0	sub-022	retained_ER	0.13219987420004364	0.11535425938819426	0.14362573207033544	1.146033747702024	54	exploratory_descriptive_not_primary
exploratory_post_primary	gain_demean	C1	S0	sub-024	retained_ER	0.13499654899489388	0.11535425938819426	0.14362573207033544	1.1702779742237233	54	exploratory_descriptive_not_primary
exploratory_post_primary	gain_demean	C1	S0	sub-026	retained_ER	0.14637236146803556	0.11535425938819426	0.14362573207033544	1.26889429349512	54	exploratory_descriptive_not_primary
exploratory_post_primary	gain_demean	C1	S0	sub-030	frozen_excluded_ER	0.23031594355693072	0.11535425938819426	0.14362573207033544	1.996596786095807	54	exploratory_descriptive_not_primary
exploratory_post_primary	gain_demean	C1	S0	sub-032	retained_ER	0.12433224885569749	0.11535425938819426	0.14362573207033544	1.0778297179065595	54	exploratory_descriptive_not_primary
exploratory_post_primary	gain_demean	C1	S0	sub-036	retained_ER	0.11284924846147937	0.11535425938819426	0.14362573207033544	0.9782841921919421	54	exploratory_descriptive_not_primary
exploratory_post_primary	gain_demean	C1	S0	sub-038	retained_ER	0.15598852402826094	0.11535425938819426	0.14362573207033544	1.3522563003358448	54	exploratory_descriptive_not_primary
exploratory_post_primary	gain_demean	C1	S0	sub-040	retained_ER	0.12961245762898332	0.11535425938819426	0.14362573207033544	1.1236035697026745	54	exploratory_descriptive_not_primary
exploratory_post_primary	gain_demean	C1	S0	sub-044	retained_ER	0.11260850537073075	0.11535425938819426	0.14362573207033544	0.9761972030159424	54	exploratory_descriptive_not_primary
exploratory_post_primary	gain_demean	C1	S0	sub-046	retained_ER	0.11312822103391036	0.11535425938819426	0.14362573207033544	0.9807025907314549	54	exploratory_descriptive_not_primary
exploratory_post_primary	gain_demean	C1	S0	sub-050	retained_ER	0.11318762608678769	0.11535425938819426	0.14362573207033544	0.9812175700065366	54	exploratory_descriptive_not_primary
exploratory_post_primary	gain_demean	C1	S0	sub-052	retained_ER	0.11148218184000751	0.11535425938819426	0.14362573207033544	0.9664331636410902	54	exploratory_descriptive_not_primary
exploratory_post_primary	gain_demean	C1	S0	sub-054	retained_ER	0.10391728348679086	0.11535425938819426	0.14362573207033544	0.9008534581899115	54	exploratory_descriptive_not_primary
exploratory_post_primary	gain_demean	C1	S0	sub-056	retained_ER	0.11243487826664675	0.11535425938819426	0.14362573207033544	0.9746920387939634	54	exploratory_descriptive_not_primary
exploratory_post_primary	gain_demean	C1	S0	sub-058	retained_ER	0.10824505567284097	0.11535425938819426	0.14362573207033544	0.9383706873672594	54	exploratory_descriptive_not_primary
exploratory_post_primary	gain_demean	C1	S0	sub-060	retained_ER	0.12542180118265298	0.11535425938819426	0.14362573207033544	1.0872749896523464	54	exploratory_descriptive_not_primary
exploratory_post_primary	gain_demean	C1	S0	sub-062	retained_ER	0.11319980020942864	0.11535425938819426	0.14362573207033544	0.9813231068346133	54	exploratory_descriptive_not_primary
exploratory_post_primary	gain_demean	C1	S0	sub-064	retained_ER	0.11545586633865741	0.11535425938819426	0.14362573207033544	1.0008808253028718	54	exploratory_descriptive_not_primary
exploratory_post_primary	gain_demean	C1	S0	sub-066	retained_ER	0.12127051398899286	0.11535425938819426	0.14362573207033544	1.0512876995802036	54	exploratory_descriptive_not_primary
exploratory_post_primary	gain_demean	C1	S0	sub-068	retained_ER	0.11038412196076901	0.11535425938819426	0.14362573207033544	0.9569141403725755	54	exploratory_descriptive_not_primary
exploratory_post_primary	gain_demean	C1	S0	sub-070	retained_ER	0.11535425938819426	0.11535425938819426	0.14362573207033544	1.0	54	exploratory_descriptive_not_primary
exploratory_post_primary	gain_demean	C1	S0	sub-072	retained_ER	0.14418812685865823	0.11535425938819426	0.14362573207033544	1.2499592786897553	54	exploratory_descriptive_not_primary
exploratory_post_primary	gain_demean	C1	S0	sub-074	retained_ER	0.10763345942710646	0.11535425938819426	0.14362573207033544	0.9330687917200744	54	exploratory_descriptive_not_primary
exploratory_post_primary	gain_demean	C1	S0	sub-076	retained_ER	0.13443059248643363	0.11535425938819426	0.14362573207033544	1.1653717270555484	54	exploratory_descriptive_not_primary
exploratory_post_primary	gain_demean	C1	S0	sub-080	retained_ER	0.11176158760711329	0.11535425938819426	0.14362573207033544	0.9688553175224265	54	exploratory_descriptive_not_primary
exploratory_post_primary	gain_demean	C1	S0	sub-082	retained_ER	0.11133722376857161	0.11535425938819426	0.14362573207033544	0.9651765297534062	54	exploratory_descriptive_not_primary
exploratory_post_primary	gain_demean	C1	S0	sub-084	retained_ER	0.11346019531763149	0.11535425938819426	0.14362573207033544	0.9835804583150346	54	exploratory_descriptive_not_primary
exploratory_post_primary	gain_demean	C1	S0	sub-088	frozen_excluded_ER	0.13632085776764366	0.11535425938819426	0.14362573207033544	1.1817583372356617	54	exploratory_descriptive_not_primary
exploratory_post_primary	gain_demean	C1	S0	sub-090	retained_ER	0.1263209968619469	0.11535425938819426	0.14362573207033544	1.0950700696438698	54	exploratory_descriptive_not_primary
exploratory_post_primary	gain_demean	C1	S0	sub-092	retained_ER	0.10192619343002016	0.11535425938819426	0.14362573207033544	0.883592803339966	54	exploratory_descriptive_not_primary
exploratory_post_primary	gain_demean	C1	S0	sub-094	retained_ER	0.13018130063016684	0.11535425938819426	0.14362573207033544	1.1285348397242627	54	exploratory_descriptive_not_primary
exploratory_post_primary	gain_demean	C1	S0	sub-096	retained_ER	0.11189847175685426	0.11535425938819426	0.14362573207033544	0.9700419590081155	54	exploratory_descriptive_not_primary
exploratory_post_primary	gain_demean	C1	S0	sub-098	retained_ER	0.11640015691452132	0.11535425938819426	0.14362573207033544	1.0090668305780317	54	exploratory_descriptive_not_primary
exploratory_post_primary	gain_demean	C1	S0	sub-100	frozen_excluded_ER	0.1373299702989199	0.11535425938819426	0.14362573207033544	1.1905062806287214	54	exploratory_descriptive_not_primary
exploratory_post_primary	gain_demean	C1	S0	sub-102	retained_ER	0.09948676847647207	0.11535425938819426	0.14362573207033544	0.8624455568794878	54	exploratory_descriptive_not_primary
exploratory_post_primary	gain_demean	C1	S0	sub-104	retained_ER	0.11675360365583613	0.11535425938819426	0.14362573207033544	1.0121308417657362	54	exploratory_descriptive_not_primary
exploratory_post_primary	gain_demean	C1	S0	sub-106	retained_ER	0.1118622396807199	0.11535425938819426	0.14362573207033544	0.9697278650481134	54	exploratory_descriptive_not_primary
exploratory_post_primary	gain_demean	C1	S0	sub-108	retained_ER	0.11102052781158446	0.11535425938819426	0.14362573207033544	0.962431109179716	54	exploratory_descriptive_not_primary
exploratory_post_primary	gain_demean	C1	S0	sub-110	retained_ER	0.13112569659418424	0.11535425938819426	0.14362573207033544	1.1367217586037754	54	exploratory_descriptive_not_primary
exploratory_post_primary	gain_demean	C1	S0	sub-112	retained_ER	0.1152896747636518	0.11535425938819426	0.14362573207033544	0.9994401192909131	54	exploratory_descriptive_not_primary
exploratory_post_primary	gain_demean	C1	S0	sub-114	retained_ER	0.1251565910793969	0.11535425938819426	0.14362573207033544	1.0849758972333694	54	exploratory_descriptive_not_primary
exploratory_post_primary	gain_demean	C1	S0	sub-116	retained_ER	0.13352542819262692	0.11535425938819426	0.14362573207033544	1.1575249054591248	54	exploratory_descriptive_not_primary
exploratory_post_primary	gain_demean	C1	S0	sub-118	retained_ER	0.10872430811508688	0.11535425938819426	0.14362573207033544	0.9425253015513191	54	exploratory_descriptive_not_primary
exploratory_post_primary	gain_demean	C1	S0	sub-120	retained_ER	0.131143350935428	0.11535425938819426	0.14362573207033544	1.1368748031583276	54	exploratory_descriptive_not_primary
exploratory_post_primary	gain_demean	C1	S0	sub-124	retained_ER	0.12024237108212532	0.11535425938819426	0.14362573207033544	1.042374782863296	54	exploratory_descriptive_not_primary
exploratory_post_primary	gain_demean	C1	S1	sub-002	retained_ER	0.10028462842188797	0.07302266148587036	0.0994998974565495	1.3733357067695033	54	exploratory_descriptive_not_primary
exploratory_post_primary	gain_demean	C1	S1	sub-004	retained_ER	0.08526378843705275	0.07302266148587036	0.0994998974565495	1.1676346315253245	54	exploratory_descriptive_not_primary
exploratory_post_primary	gain_demean	C1	S1	sub-006	retained_ER	0.07511065148707148	0.07302266148587036	0.0994998974565495	1.0285937263681513	54	exploratory_descriptive_not_primary
exploratory_post_primary	gain_demean	C1	S1	sub-008	retained_ER	0.08340388537895371	0.07302266148587036	0.0994998974565495	1.142164414194792	54	exploratory_descriptive_not_primary
exploratory_post_primary	gain_demean	C1	S1	sub-010	retained_ER	0.07759647569579461	0.07302266148587036	0.0994998974565495	1.0626355451425071	54	exploratory_descriptive_not_primary
exploratory_post_primary	gain_demean	C1	S1	sub-014	retained_ER	0.06433019436188074	0.07302266148587036	0.0994998974565495	0.8809620609942903	54	exploratory_descriptive_not_primary
exploratory_post_primary	gain_demean	C1	S1	sub-016	frozen_excluded_ER	0.08840467276092401	0.07302266148587036	0.0994998974565495	1.2106470917665746	54	exploratory_descriptive_not_primary
exploratory_post_primary	gain_demean	C1	S1	sub-018	frozen_excluded_ER	0.076797309785225	0.07302266148587036	0.0994998974565495	1.0516914643009148	54	exploratory_descriptive_not_primary
exploratory_post_primary	gain_demean	C1	S1	sub-020	retained_ER	0.07007741041866125	0.07302266148587036	0.0994998974565495	0.9596666157151913	54	exploratory_descriptive_not_primary
exploratory_post_primary	gain_demean	C1	S1	sub-022	retained_ER	0.08474511491399787	0.07302266148587036	0.0994998974565495	1.1605317197373828	54	exploratory_descriptive_not_primary
exploratory_post_primary	gain_demean	C1	S1	sub-024	retained_ER	0.09832280100854182	0.07302266148587036	0.0994998974565495	1.3464696986916445	54	exploratory_descriptive_not_primary
exploratory_post_primary	gain_demean	C1	S1	sub-026	retained_ER	0.0887639190455183	0.07302266148587036	0.0994998974565495	1.2155667465324282	54	exploratory_descriptive_not_primary
exploratory_post_primary	gain_demean	C1	S1	sub-030	frozen_excluded_ER	0.1589904616877988	0.07302266148587036	0.0994998974565495	2.1772756354349383	54	exploratory_descriptive_not_primary
exploratory_post_primary	gain_demean	C1	S1	sub-032	retained_ER	0.07617303640144024	0.07302266148587036	0.0994998974565495	1.0431424280006483	54	exploratory_descriptive_not_primary
exploratory_post_primary	gain_demean	C1	S1	sub-036	retained_ER	0.07276621914280511	0.07302266148587036	0.0994998974565495	0.9964881813693565	54	exploratory_descriptive_not_primary
exploratory_post_primary	gain_demean	C1	S1	sub-038	retained_ER	0.11113111674505263	0.07302266148587036	0.0994998974565495	1.5218716283924563	54	exploratory_descriptive_not_primary
exploratory_post_primary	gain_demean	C1	S1	sub-040	retained_ER	0.08367320912295509	0.07302266148587036	0.0994998974565495	1.145852635611557	54	exploratory_descriptive_not_primary
exploratory_post_primary	gain_demean	C1	S1	sub-044	retained_ER	0.06742742534540025	0.07302266148587036	0.0994998974565495	0.9233767158493289	54	exploratory_descriptive_not_primary
exploratory_post_primary	gain_demean	C1	S1	sub-046	retained_ER	0.07152785042358915	0.07302266148587036	0.0994998974565495	0.9795294908201826	54	exploratory_descriptive_not_primary
exploratory_post_primary	gain_demean	C1	S1	sub-050	retained_ER	0.06316394289556909	0.07302266148587036	0.0994998974565495	0.8649909714368752	54	exploratory_descriptive_not_primary
exploratory_post_primary	gain_demean	C1	S1	sub-052	retained_ER	0.07641963071952282	0.07302266148587036	0.0994998974565495	1.0465193840450442	54	exploratory_descriptive_not_primary
exploratory_post_primary	gain_demean	C1	S1	sub-054	retained_ER	0.06912106323626875	0.07302266148587036	0.0994998974565495	0.9465700349698078	54	exploratory_descriptive_not_primary
exploratory_post_primary	gain_demean	C1	S1	sub-056	retained_ER	0.06335718125963748	0.07302266148587036	0.0994998974565495	0.867637250826538	54	exploratory_descriptive_not_primary
exploratory_post_primary	gain_demean	C1	S1	sub-058	retained_ER	0.07081956545045465	0.07302266148587036	0.0994998974565495	0.9698299679772422	54	exploratory_descriptive_not_primary
exploratory_post_primary	gain_demean	C1	S1	sub-060	retained_ER	0.08090385189416995	0.07302266148587036	0.0994998974565495	1.1079280082091307	54	exploratory_descriptive_not_primary
exploratory_post_primary	gain_demean	C1	S1	sub-062	retained_ER	0.0714606037792583	0.07302266148587036	0.0994998974565495	0.9786085897880575	54	exploratory_descriptive_not_primary
exploratory_post_primary	gain_demean	C1	S1	sub-064	retained_ER	0.06798562836887188	0.07302266148587036	0.0994998974565495	0.9310209595965887	54	exploratory_descriptive_not_primary
exploratory_post_primary	gain_demean	C1	S1	sub-066	retained_ER	0.07038139227071194	0.07302266148587036	0.0994998974565495	0.9638294583980687	54	exploratory_descriptive_not_primary
exploratory_post_primary	gain_demean	C1	S1	sub-068	retained_ER	0.06218381037487713	0.07302266148587036	0.0994998974565495	0.8515686652548193	54	exploratory_descriptive_not_primary
exploratory_post_primary	gain_demean	C1	S1	sub-070	retained_ER	0.06952299803590631	0.07302266148587036	0.0994998974565495	0.9520742824384562	54	exploratory_descriptive_not_primary
exploratory_post_primary	gain_demean	C1	S1	sub-072	retained_ER	0.08476492696068616	0.07302266148587036	0.0994998974565495	1.1608030334129618	54	exploratory_descriptive_not_primary
exploratory_post_primary	gain_demean	C1	S1	sub-074	retained_ER	0.06746791022232711	0.07302266148587036	0.0994998974565495	0.923931131096638	54	exploratory_descriptive_not_primary
exploratory_post_primary	gain_demean	C1	S1	sub-076	retained_ER	0.08530159785802198	0.07302266148587036	0.0994998974565495	1.1681524080648245	54	exploratory_descriptive_not_primary
exploratory_post_primary	gain_demean	C1	S1	sub-080	retained_ER	0.07988487039907051	0.07302266148587036	0.0994998974565495	1.093973689448829	54	exploratory_descriptive_not_primary
exploratory_post_primary	gain_demean	C1	S1	sub-082	retained_ER	0.07710223047554077	0.07302266148587036	0.0994998974565495	1.0558671637907884	54	exploratory_descriptive_not_primary
exploratory_post_primary	gain_demean	C1	S1	sub-084	retained_ER	0.06280150366639622	0.07302266148587036	0.0994998974565495	0.8600275912779227	54	exploratory_descriptive_not_primary
exploratory_post_primary	gain_demean	C1	S1	sub-088	frozen_excluded_ER	0.08637523739995695	0.07302266148587036	0.0994998974565495	1.1828552348324126	54	exploratory_descriptive_not_primary
exploratory_post_primary	gain_demean	C1	S1	sub-090	retained_ER	0.08627892955213493	0.07302266148587036	0.0994998974565495	1.1815363586662697	54	exploratory_descriptive_not_primary
exploratory_post_primary	gain_demean	C1	S1	sub-092	retained_ER	0.06381662795578978	0.07302266148587036	0.0994998974565495	0.8739290880015115	54	exploratory_descriptive_not_primary
exploratory_post_primary	gain_demean	C1	S1	sub-094	retained_ER	0.09815880250055535	0.07302266148587036	0.0994998974565495	1.3442238409722815	54	exploratory_descriptive_not_primary
exploratory_post_primary	gain_demean	C1	S1	sub-096	retained_ER	0.07302266148587036	0.07302266148587036	0.0994998974565495	1.0	54	exploratory_descriptive_not_primary
exploratory_post_primary	gain_demean	C1	S1	sub-098	retained_ER	0.07137689297384303	0.07302266148587036	0.0994998974565495	0.9774622222945711	54	exploratory_descriptive_not_primary
exploratory_post_primary	gain_demean	C1	S1	sub-100	frozen_excluded_ER	0.0798142504916037	0.07302266148587036	0.0994998974565495	1.093006593672945	54	exploratory_descriptive_not_primary
exploratory_post_primary	gain_demean	C1	S1	sub-102	retained_ER	0.06779171714446972	0.07302266148587036	0.0994998974565495	0.9283654658025192	54	exploratory_descriptive_not_primary
exploratory_post_primary	gain_demean	C1	S1	sub-104	retained_ER	0.07760608222429367	0.07302266148587036	0.0994998974565495	1.0627671005843877	54	exploratory_descriptive_not_primary
exploratory_post_primary	gain_demean	C1	S1	sub-106	retained_ER	0.06464398638376749	0.07302266148587036	0.0994998974565495	0.8852592478606917	54	exploratory_descriptive_not_primary
exploratory_post_primary	gain_demean	C1	S1	sub-108	retained_ER	0.06691365130330007	0.07302266148587036	0.0994998974565495	0.9163408994103514	54	exploratory_descriptive_not_primary
exploratory_post_primary	gain_demean	C1	S1	sub-110	retained_ER	0.09107850620808491	0.07302266148587036	0.0994998974565495	1.2472635803025105	54	exploratory_descriptive_not_primary
exploratory_post_primary	gain_demean	C1	S1	sub-112	retained_ER	0.06483220908814336	0.07302266148587036	0.0994998974565495	0.8878368409057258	54	exploratory_descriptive_not_primary
exploratory_post_primary	gain_demean	C1	S1	sub-114	retained_ER	0.0646701823296971	0.07302266148587036	0.0994998974565495	0.8856179850718062	54	exploratory_descriptive_not_primary
exploratory_post_primary	gain_demean	C1	S1	sub-116	retained_ER	0.09798015939748919	0.07302266148587036	0.0994998974565495	1.3417774346179923	54	exploratory_descriptive_not_primary
exploratory_post_primary	gain_demean	C1	S1	sub-118	retained_ER	0.06393572734602758	0.07302266148587036	0.0994998974565495	0.8755600801868736	54	exploratory_descriptive_not_primary
exploratory_post_primary	gain_demean	C1	S1	sub-120	retained_ER	0.10511604624742996	0.07302266148587036	0.0994998974565495	1.4394989734490786	54	exploratory_descriptive_not_primary
exploratory_post_primary	gain_demean	C1	S1	sub-124	retained_ER	0.08381760266260103	0.07302266148587036	0.0994998974565495	1.1478300154647123	54	exploratory_descriptive_not_primary
exploratory_post_primary	gain_demean	C1	S2	sub-002	retained_ER	0.08691306137653944	0.0602263644260401	0.08818811857196045	1.443106556486096	54	exploratory_descriptive_not_primary
exploratory_post_primary	gain_demean	C1	S2	sub-004	retained_ER	0.06195691165974767	0.0602263644260401	0.08818811857196045	1.028734047791192	54	exploratory_descriptive_not_primary
exploratory_post_primary	gain_demean	C1	S2	sub-006	retained_ER	0.0671916380258448	0.0602263644260401	0.08818811857196045	1.115651569975775	54	exploratory_descriptive_not_primary
exploratory_post_primary	gain_demean	C1	S2	sub-008	retained_ER	0.07116473585487817	0.0602263644260401	0.08818811857196045	1.181620981659465	54	exploratory_descriptive_not_primary
exploratory_post_primary	gain_demean	C1	S2	sub-010	retained_ER	0.06472438445742638	0.0602263644260401	0.08818811857196045	1.0746852325265293	54	exploratory_descriptive_not_primary
exploratory_post_primary	gain_demean	C1	S2	sub-014	retained_ER	0.05187812699014698	0.0602263644260401	0.08818811857196045	0.8613856653070099	54	exploratory_descriptive_not_primary
exploratory_post_primary	gain_demean	C1	S2	sub-016	frozen_excluded_ER	0.07030698026219831	0.0602263644260401	0.08818811857196045	1.16737878721764	54	exploratory_descriptive_not_primary
exploratory_post_primary	gain_demean	C1	S2	sub-018	frozen_excluded_ER	0.061375197969602176	0.0602263644260401	0.08818811857196045	1.0190752597223909	54	exploratory_descriptive_not_primary
exploratory_post_primary	gain_demean	C1	S2	sub-020	retained_ER	0.052785853839397816	0.0602263644260401	0.08818811857196045	0.8764575836919483	54	exploratory_descriptive_not_primary
exploratory_post_primary	gain_demean	C1	S2	sub-022	retained_ER	0.07200348640277678	0.0602263644260401	0.08818811857196045	1.195547615881735	54	exploratory_descriptive_not_primary
exploratory_post_primary	gain_demean	C1	S2	sub-024	retained_ER	0.08205078371673173	0.0602263644260401	0.08818811857196045	1.3623731815572684	54	exploratory_descriptive_not_primary
exploratory_post_primary	gain_demean	C1	S2	sub-026	retained_ER	0.07544712551455288	0.0602263644260401	0.08818811857196045	1.2527258823202645	54	exploratory_descriptive_not_primary
exploratory_post_primary	gain_demean	C1	S2	sub-030	frozen_excluded_ER	0.1474336620306834	0.0602263644260401	0.08818811857196045	2.44799206187743	54	exploratory_descriptive_not_primary
exploratory_post_primary	gain_demean	C1	S2	sub-032	retained_ER	0.058789987736272385	0.0602263644260401	0.08818811857196045	0.976150366978707	54	exploratory_descriptive_not_primary
exploratory_post_primary	gain_demean	C1	S2	sub-036	retained_ER	0.060288551011843494	0.0602263644260401	0.08818811857196045	1.0010325475627833	54	exploratory_descriptive_not_primary
exploratory_post_primary	gain_demean	C1	S2	sub-038	retained_ER	0.09935670879560005	0.0602263644260401	0.08818811857196045	1.649721176804774	54	exploratory_descriptive_not_primary
exploratory_post_primary	gain_demean	C1	S2	sub-040	retained_ER	0.06643864713166148	0.0602263644260401	0.08818811857196045	1.1031488911015086	54	exploratory_descriptive_not_primary
exploratory_post_primary	gain_demean	C1	S2	sub-044	retained_ER	0.05353854724033589	0.0602263644260401	0.08818811857196045	0.8889553229812326	54	exploratory_descriptive_not_primary
exploratory_post_primary	gain_demean	C1	S2	sub-046	retained_ER	0.05973807422426353	0.0602263644260401	0.08818811857196045	0.9918924177736778	54	exploratory_descriptive_not_primary
exploratory_post_primary	gain_demean	C1	S2	sub-050	retained_ER	0.049403889186437164	0.0602263644260401	0.08818811857196045	0.820303361447406	54	exploratory_descriptive_not_primary
exploratory_post_primary	gain_demean	C1	S2	sub-052	retained_ER	0.06854535947272745	0.0602263644260401	0.08818811857196045	1.1381287933609765	54	exploratory_descriptive_not_primary
exploratory_post_primary	gain_demean	C1	S2	sub-054	retained_ER	0.056889497837250225	0.0602263644260401	0.08818811857196045	0.9445945870950313	54	exploratory_descriptive_not_primary
exploratory_post_primary	gain_demean	C1	S2	sub-056	retained_ER	0.047178027707178376	0.0602263644260401	0.08818811857196045	0.783345104038523	54	exploratory_descriptive_not_primary
exploratory_post_primary	gain_demean	C1	S2	sub-058	retained_ER	0.058860673247333684	0.0602263644260401	0.08818811857196045	0.9773240309003953	54	exploratory_descriptive_not_primary
exploratory_post_primary	gain_demean	C1	S2	sub-060	retained_ER	0.0636375027543914	0.0602263644260401	0.08818811857196045	1.0566386226507212	54	exploratory_descriptive_not_primary
exploratory_post_primary	gain_demean	C1	S2	sub-062	retained_ER	0.05658017443879074	0.0602263644260401	0.08818811857196045	0.9394585739651112	54	exploratory_descriptive_not_primary
exploratory_post_primary	gain_demean	C1	S2	sub-064	retained_ER	0.05203042967823569	0.0602263644260401	0.08818811857196045	0.8639145027943821	54	exploratory_descriptive_not_primary
exploratory_post_primary	gain_demean	C1	S2	sub-066	retained_ER	0.0495048745953112	0.0602263644260401	0.08818811857196045	0.8219801255993922	54	exploratory_descriptive_not_primary
exploratory_post_primary	gain_demean	C1	S2	sub-068	retained_ER	0.04794826906410466	0.0602263644260401	0.08818811857196045	0.7961342100100807	54	exploratory_descriptive_not_primary
exploratory_post_primary	gain_demean	C1	S2	sub-070	retained_ER	0.05599432523054934	0.0602263644260401	0.08818811857196045	0.9297311196546184	54	exploratory_descriptive_not_primary
exploratory_post_primary	gain_demean	C1	S2	sub-072	retained_ER	0.06188994977228394	0.0602263644260401	0.08818811857196045	1.0276222110050621	54	exploratory_descriptive_not_primary
exploratory_post_primary	gain_demean	C1	S2	sub-074	retained_ER	0.05556359753500887	0.0602263644260401	0.08818811857196045	0.9225793066629938	54	exploratory_descriptive_not_primary
exploratory_post_primary	gain_demean	C1	S2	sub-076	retained_ER	0.06536361460988033	0.0602263644260401	0.08818811857196045	1.0852990253155483	54	exploratory_descriptive_not_primary
exploratory_post_primary	gain_demean	C1	S2	sub-080	retained_ER	0.07093623167796112	0.0602263644260401	0.08818811857196045	1.17782689282321	54	exploratory_descriptive_not_primary
exploratory_post_primary	gain_demean	C1	S2	sub-082	retained_ER	0.06503127612234362	0.0602263644260401	0.08818811857196045	1.0797808690943667	54	exploratory_descriptive_not_primary
exploratory_post_primary	gain_demean	C1	S2	sub-084	retained_ER	0.04556886653866023	0.0602263644260401	0.08818811857196045	0.7566265533862708	54	exploratory_descriptive_not_primary
exploratory_post_primary	gain_demean	C1	S2	sub-088	frozen_excluded_ER	0.07392354598234638	0.0602263644260401	0.08818811857196045	1.227428331210775	54	exploratory_descriptive_not_primary
exploratory_post_primary	gain_demean	C1	S2	sub-090	retained_ER	0.07089230137407389	0.0602263644260401	0.08818811857196045	1.1770974730034038	54	exploratory_descriptive_not_primary
exploratory_post_primary	gain_demean	C1	S2	sub-092	retained_ER	0.050091129922053744	0.0602263644260401	0.08818811857196045	0.8317143231112224	54	exploratory_descriptive_not_primary
exploratory_post_primary	gain_demean	C1	S2	sub-094	retained_ER	0.08771641168279172	0.0602263644260401	0.08818811857196045	1.4564454042466781	54	exploratory_descriptive_not_primary
exploratory_post_primary	gain_demean	C1	S2	sub-096	retained_ER	0.0602263644260401	0.0602263644260401	0.08818811857196045	1.0	54	exploratory_descriptive_not_primary
exploratory_post_primary	gain_demean	C1	S2	sub-098	retained_ER	0.05806467277745703	0.0602263644260401	0.08818811857196045	0.964107219999346	54	exploratory_descriptive_not_primary
exploratory_post_primary	gain_demean	C1	S2	sub-100	frozen_excluded_ER	0.0592563715883772	0.0602263644260401	0.08818811857196045	0.983894215649459	54	exploratory_descriptive_not_primary
exploratory_post_primary	gain_demean	C1	S2	sub-102	retained_ER	0.05461307442425592	0.0602263644260401	0.08818811857196045	0.9067967981252217	54	exploratory_descriptive_not_primary
exploratory_post_primary	gain_demean	C1	S2	sub-104	retained_ER	0.06479228444072634	0.0602263644260401	0.08818811857196045	1.0758126454784323	54	exploratory_descriptive_not_primary
exploratory_post_primary	gain_demean	C1	S2	sub-106	retained_ER	0.05042928099116148	0.0602263644260401	0.08818811857196045	0.8373289915762764	54	exploratory_descriptive_not_primary
exploratory_post_primary	gain_demean	C1	S2	sub-108	retained_ER	0.0501878121553479	0.0602263644260401	0.08818811857196045	0.8333196372326299	54	exploratory_descriptive_not_primary
exploratory_post_primary	gain_demean	C1	S2	sub-110	retained_ER	0.0805378079942272	0.0602263644260401	0.08818811857196045	1.3372516963584977	54	exploratory_descriptive_not_primary
exploratory_post_primary	gain_demean	C1	S2	sub-112	retained_ER	0.05115203451184583	0.0602263644260401	0.08818811857196045	0.849329608375451	54	exploratory_descriptive_not_primary
exploratory_post_primary	gain_demean	C1	S2	sub-114	retained_ER	0.047055625524461665	0.0602263644260401	0.08818811857196045	0.7813127352597795	54	exploratory_descriptive_not_primary
exploratory_post_primary	gain_demean	C1	S2	sub-116	retained_ER	0.08850258983140627	0.0602263644260401	0.08818811857196045	1.4694991250898148	54	exploratory_descriptive_not_primary
exploratory_post_primary	gain_demean	C1	S2	sub-118	retained_ER	0.04875765864545011	0.0602263644260401	0.08818811857196045	0.8095733340392159	54	exploratory_descriptive_not_primary
exploratory_post_primary	gain_demean	C1	S2	sub-120	retained_ER	0.09663488891455106	0.0602263644260401	0.08818811857196045	1.6045280141925518	54	exploratory_descriptive_not_primary
exploratory_post_primary	gain_demean	C1	S2	sub-124	retained_ER	0.07219351545628477	0.0602263644260401	0.08818811857196045	1.1987028628457346	54	exploratory_descriptive_not_primary
exploratory_post_primary	gain_demean	C2	S0	sub-002	retained_ER	0.13182714730537543	0.11672590376684541	0.13459209071307207	1.1293735413580008	54	exploratory_descriptive_not_primary
exploratory_post_primary	gain_demean	C2	S0	sub-004	retained_ER	0.1257463207740047	0.11672590376684541	0.13459209071307207	1.077278622105828	54	exploratory_descriptive_not_primary
exploratory_post_primary	gain_demean	C2	S0	sub-006	retained_ER	0.10747826800479345	0.11672590376684541	0.13459209071307207	0.9207747769464806	54	exploratory_descriptive_not_primary
exploratory_post_primary	gain_demean	C2	S0	sub-008	retained_ER	0.1244616999643269	0.11672590376684541	0.13459209071307207	1.0662731745725729	54	exploratory_descriptive_not_primary
exploratory_post_primary	gain_demean	C2	S0	sub-010	retained_ER	0.11025535969074067	0.11672590376684541	0.13459209071307207	0.9445663398843384	54	exploratory_descriptive_not_primary
exploratory_post_primary	gain_demean	C2	S0	sub-014	retained_ER	0.10325403903451393	0.11672590376684541	0.13459209071307207	0.884585475052385	54	exploratory_descriptive_not_primary
exploratory_post_primary	gain_demean	C2	S0	sub-016	frozen_excluded_ER	0.1340481216809386	0.11672590376684541	0.13459209071307207	1.1484008035499431	54	exploratory_descriptive_not_primary
exploratory_post_primary	gain_demean	C2	S0	sub-018	frozen_excluded_ER	0.1203004736359027	0.11672590376684541	0.13459209071307207	1.030623621267455	54	exploratory_descriptive_not_primary
exploratory_post_primary	gain_demean	C2	S0	sub-020	retained_ER	0.1239207075998464	0.11672590376684541	0.13459209071307207	1.061638450428041	54	exploratory_descriptive_not_primary
exploratory_post_primary	gain_demean	C2	S0	sub-022	retained_ER	0.13224815298192485	0.11672590376684541	0.13459209071307207	1.1329803301080832	54	exploratory_descriptive_not_primary
exploratory_post_primary	gain_demean	C2	S0	sub-024	retained_ER	0.12390025373951229	0.11672590376684541	0.13459209071307207	1.0614632205975232	54	exploratory_descriptive_not_primary
exploratory_post_primary	gain_demean	C2	S0	sub-026	retained_ER	0.13490104706148856	0.11672590376684541	0.13459209071307207	1.1557078823818503	54	exploratory_descriptive_not_primary
exploratory_post_primary	gain_demean	C2	S0	sub-030	frozen_excluded_ER	0.24101533934434075	0.11672590376684541	0.13459209071307207	2.064797372019134	54	exploratory_descriptive_not_primary
exploratory_post_primary	gain_demean	C2	S0	sub-032	retained_ER	0.12739137860632843	0.11672590376684541	0.13459209071307207	1.0913719619664441	54	exploratory_descriptive_not_primary
exploratory_post_primary	gain_demean	C2	S0	sub-036	retained_ER	0.11370093966675832	0.11672590376684541	0.13459209071307207	0.9740848945909271	54	exploratory_descriptive_not_primary
exploratory_post_primary	gain_demean	C2	S0	sub-038	retained_ER	0.13850079587294759	0.11672590376684541	0.13459209071307207	1.186547213629603	54	exploratory_descriptive_not_primary
exploratory_post_primary	gain_demean	C2	S0	sub-040	retained_ER	0.12277860913450434	0.11672590376684541	0.13459209071307207	1.0518540030304577	54	exploratory_descriptive_not_primary
exploratory_post_primary	gain_demean	C2	S0	sub-044	retained_ER	0.11640876524983523	0.11672590376684541	0.13459209071307207	0.9972830493765664	54	exploratory_descriptive_not_primary
exploratory_post_primary	gain_demean	C2	S0	sub-046	retained_ER	0.1163360073373077	0.11672590376684541	0.13459209071307207	0.9966597266163257	54	exploratory_descriptive_not_primary
exploratory_post_primary	gain_demean	C2	S0	sub-050	retained_ER	0.11572190350141127	0.11672590376684541	0.13459209071307207	0.9913986507447432	54	exploratory_descriptive_not_primary
exploratory_post_primary	gain_demean	C2	S0	sub-052	retained_ER	0.11510894832701284	0.11672590376684541	0.13459209071307207	0.986147415546575	54	exploratory_descriptive_not_primary
exploratory_post_primary	gain_demean	C2	S0	sub-054	retained_ER	0.10289713669209431	0.11672590376684541	0.13459209071307207	0.881527864608584	54	exploratory_descriptive_not_primary
exploratory_post_primary	gain_demean	C2	S0	sub-056	retained_ER	0.11428198363477723	0.11672590376684541	0.13459209071307207	0.9790627439736959	54	exploratory_descriptive_not_primary
exploratory_post_primary	gain_demean	C2	S0	sub-058	retained_ER	0.1076408240056325	0.11672590376684541	0.13459209071307207	0.9221674069933959	54	exploratory_descriptive_not_primary
exploratory_post_primary	gain_demean	C2	S0	sub-060	retained_ER	0.12002062347381941	0.11672590376684541	0.13459209071307207	1.0282261229140282	54	exploratory_descriptive_not_primary
exploratory_post_primary	gain_demean	C2	S0	sub-062	retained_ER	0.11357377529109167	0.11672590376684541	0.13459209071307207	0.9729954673810024	54	exploratory_descriptive_not_primary
exploratory_post_primary	gain_demean	C2	S0	sub-064	retained_ER	0.11790010670601915	0.11672590376684541	0.13459209071307207	1.0100594889504488	54	exploratory_descriptive_not_primary
exploratory_post_primary	gain_demean	C2	S0	sub-066	retained_ER	0.11672590376684541	0.11672590376684541	0.13459209071307207	1.0	54	exploratory_descriptive_not_primary
exploratory_post_primary	gain_demean	C2	S0	sub-068	retained_ER	0.1118257867406519	0.11672590376684541	0.13459209071307207	0.9580203119610771	54	exploratory_descriptive_not_primary
exploratory_post_primary	gain_demean	C2	S0	sub-070	retained_ER	0.11458927556932473	0.11672590376684541	0.13459209071307207	0.9816953381505745	54	exploratory_descriptive_not_primary
exploratory_post_primary	gain_demean	C2	S0	sub-072	retained_ER	0.13481216797987794	0.11672590376684541	0.13459209071307207	1.1549464482978775	54	exploratory_descriptive_not_primary
exploratory_post_primary	gain_demean	C2	S0	sub-074	retained_ER	0.10879337963984852	0.11672590376684541	0.13459209071307207	0.9320414417793522	54	exploratory_descriptive_not_primary
exploratory_post_primary	gain_demean	C2	S0	sub-076	retained_ER	0.1287008556764056	0.11672590376684541	0.13459209071307207	1.102590355037898	54	exploratory_descriptive_not_primary
exploratory_post_primary	gain_demean	C2	S0	sub-080	retained_ER	0.11605715855297907	0.11672590376684541	0.13459209071307207	0.9942708071448979	54	exploratory_descriptive_not_primary
exploratory_post_primary	gain_demean	C2	S0	sub-082	retained_ER	0.11172765672270599	0.11672590376684541	0.13459209071307207	0.95717962437778	54	exploratory_descriptive_not_primary
exploratory_post_primary	gain_demean	C2	S0	sub-084	retained_ER	0.11720150856846245	0.11672590376684541	0.13459209071307207	1.0040745437496637	54	exploratory_descriptive_not_primary
exploratory_post_primary	gain_demean	C2	S0	sub-088	frozen_excluded_ER	0.13219970311375914	0.11672590376684541	0.13459209071307207	1.1325652562761213	54	exploratory_descriptive_not_primary
exploratory_post_primary	gain_demean	C2	S0	sub-090	retained_ER	0.11220151055351582	0.11672590376684541	0.13459209071307207	0.9612391674227954	54	exploratory_descriptive_not_primary
exploratory_post_primary	gain_demean	C2	S0	sub-092	retained_ER	0.10542204660324701	0.11672590376684541	0.13459209071307207	0.9031589664434955	54	exploratory_descriptive_not_primary
exploratory_post_primary	gain_demean	C2	S0	sub-094	retained_ER	0.13222242097330256	0.11672590376684541	0.13459209071307207	1.1327598819659663	54	exploratory_descriptive_not_primary
exploratory_post_primary	gain_demean	C2	S0	sub-096	retained_ER	0.11214174950524143	0.11672590376684541	0.13459209071307207	0.9607271898210304	54	exploratory_descriptive_not_primary
exploratory_post_primary	gain_demean	C2	S0	sub-098	retained_ER	0.11924908726978388	0.11672590376684541	0.13459209071307207	1.0216163115599295	54	exploratory_descriptive_not_primary
exploratory_post_primary	gain_demean	C2	S0	sub-100	frozen_excluded_ER	0.14011862877238035	0.11672590376684541	0.13459209071307207	1.2004073153484494	54	exploratory_descriptive_not_primary
exploratory_post_primary	gain_demean	C2	S0	sub-102	retained_ER	0.10187920534187367	0.11672590376684541	0.13459209071307207	0.8728071666540502	54	exploratory_descriptive_not_primary
exploratory_post_primary	gain_demean	C2	S0	sub-104	retained_ER	0.12030165933918538	0.11672590376684541	0.13459209071307207	1.0306337792807532	54	exploratory_descriptive_not_primary
exploratory_post_primary	gain_demean	C2	S0	sub-106	retained_ER	0.11512150724859885	0.11672590376684541	0.13459209071307207	0.98625500881577	54	exploratory_descriptive_not_primary
exploratory_post_primary	gain_demean	C2	S0	sub-108	retained_ER	0.11330347659352227	0.11672590376684541	0.13459209071307207	0.9706797971754472	54	exploratory_descriptive_not_primary
exploratory_post_primary	gain_demean	C2	S0	sub-110	retained_ER	0.12904448012870418	0.11672590376684541	0.13459209071307207	1.1055342127525056	54	exploratory_descriptive_not_primary
exploratory_post_primary	gain_demean	C2	S0	sub-112	retained_ER	0.1176274732134282	0.11672590376684541	0.13459209071307207	1.0077238163722735	54	exploratory_descriptive_not_primary
exploratory_post_primary	gain_demean	C2	S0	sub-114	retained_ER	0.11935663004136723	0.11672590376684541	0.13459209071307207	1.0225376389441077	54	exploratory_descriptive_not_primary
exploratory_post_primary	gain_demean	C2	S0	sub-116	retained_ER	0.13426197481286326	0.11672590376684541	0.13459209071307207	1.1502329001542393	54	exploratory_descriptive_not_primary
exploratory_post_primary	gain_demean	C2	S0	sub-118	retained_ER	0.11291646527566841	0.11672590376684541	0.13459209071307207	0.9673642407705304	54	exploratory_descriptive_not_primary
exploratory_post_primary	gain_demean	C2	S0	sub-120	retained_ER	0.12990655536766113	0.11672590376684541	0.13459209071307207	1.1129196791411737	54	exploratory_descriptive_not_primary
exploratory_post_primary	gain_demean	C2	S0	sub-124	retained_ER	0.1255805925010145	0.11672590376684541	0.13459209071307207	1.075858814953842	54	exploratory_descriptive_not_primary
exploratory_post_primary	gain_demean	C2	S1	sub-002	retained_ER	0.07745667813708723	0.0721236973182022	0.09379004590203682	1.0739421440827759	54	exploratory_descriptive_not_primary
exploratory_post_primary	gain_demean	C2	S1	sub-004	retained_ER	0.07094327000945506	0.0721236973182022	0.09379004590203682	0.9836332945669825	54	exploratory_descriptive_not_primary
exploratory_post_primary	gain_demean	C2	S1	sub-006	retained_ER	0.06343755686065035	0.0721236973182022	0.09379004590203682	0.8795660680118836	54	exploratory_descriptive_not_primary
exploratory_post_primary	gain_demean	C2	S1	sub-008	retained_ER	0.08107444831233965	0.0721236973182022	0.09379004590203682	1.1241027751897918	54	exploratory_descriptive_not_primary
exploratory_post_primary	gain_demean	C2	S1	sub-010	retained_ER	0.0726241593433593	0.0721236973182022	0.09379004590203682	1.0069389402341524	54	exploratory_descriptive_not_primary
exploratory_post_primary	gain_demean	C2	S1	sub-014	retained_ER	0.06355134601897786	0.0721236973182022	0.09379004590203682	0.8811437624806722	54	exploratory_descriptive_not_primary
exploratory_post_primary	gain_demean	C2	S1	sub-016	frozen_excluded_ER	0.08068870418318794	0.0721236973182022	0.09379004590203682	1.1187544064359016	54	exploratory_descriptive_not_primary
exploratory_post_primary	gain_demean	C2	S1	sub-018	frozen_excluded_ER	0.07584132270445745	0.0721236973182022	0.09379004590203682	1.0515451304424048	54	exploratory_descriptive_not_primary
exploratory_post_primary	gain_demean	C2	S1	sub-020	retained_ER	0.07250127107492983	0.0721236973182022	0.09379004590203682	1.0052350859809893	54	exploratory_descriptive_not_primary
exploratory_post_primary	gain_demean	C2	S1	sub-022	retained_ER	0.08459173794000918	0.0721236973182022	0.09379004590203682	1.172870236626934	54	exploratory_descriptive_not_primary
exploratory_post_primary	gain_demean	C2	S1	sub-024	retained_ER	0.07976018917396827	0.0721236973182022	0.09379004590203682	1.1058804822785868	54	exploratory_descriptive_not_primary
exploratory_post_primary	gain_demean	C2	S1	sub-026	retained_ER	0.07985203595201619	0.0721236973182022	0.09379004590203682	1.107153944142899	54	exploratory_descriptive_not_primary
exploratory_post_primary	gain_demean	C2	S1	sub-030	frozen_excluded_ER	0.16353048664066758	0.0721236973182022	0.09379004590203682	2.267361390517574	54	exploratory_descriptive_not_primary
exploratory_post_primary	gain_demean	C2	S1	sub-032	retained_ER	0.07562220360413485	0.0721236973182022	0.09379004590203682	1.0485070291182883	54	exploratory_descriptive_not_primary
exploratory_post_primary	gain_demean	C2	S1	sub-036	retained_ER	0.06972651760570456	0.0721236973182022	0.09379004590203682	0.9667629392053829	54	exploratory_descriptive_not_primary
exploratory_post_primary	gain_demean	C2	S1	sub-038	retained_ER	0.09023396515559269	0.0721236973182022	0.09379004590203682	1.2511001031670614	54	exploratory_descriptive_not_primary
exploratory_post_primary	gain_demean	C2	S1	sub-040	retained_ER	0.07853006033544846	0.0721236973182022	0.09379004590203682	1.0888246617333281	54	exploratory_descriptive_not_primary
exploratory_post_primary	gain_demean	C2	S1	sub-044	retained_ER	0.06802994713618886	0.0721236973182022	0.09379004590203682	0.9432398735196263	54	exploratory_descriptive_not_primary
exploratory_post_primary	gain_demean	C2	S1	sub-046	retained_ER	0.07251540475439738	0.0721236973182022	0.09379004590203682	1.0054310504142212	54	exploratory_descriptive_not_primary
exploratory_post_primary	gain_demean	C2	S1	sub-050	retained_ER	0.06396546159653346	0.0721236973182022	0.09379004590203682	0.8868855033086358	54	exploratory_descriptive_not_primary
exploratory_post_primary	gain_demean	C2	S1	sub-052	retained_ER	0.0773136404722247	0.0721236973182022	0.09379004590203682	1.0719589170688937	54	exploratory_descriptive_not_primary
exploratory_post_primary	gain_demean	C2	S1	sub-054	retained_ER	0.06620103818296982	0.0721236973182022	0.09379004590203682	0.9178819256990913	54	exploratory_descriptive_not_primary
exploratory_post_primary	gain_demean	C2	S1	sub-056	retained_ER	0.06315223573389335	0.0721236973182022	0.09379004590203682	0.8756100710598945	54	exploratory_descriptive_not_primary
exploratory_post_primary	gain_demean	C2	S1	sub-058	retained_ER	0.06795531479762663	0.0721236973182022	0.09379004590203682	0.9422050910370678	54	exploratory_descriptive_not_primary
exploratory_post_primary	gain_demean	C2	S1	sub-060	retained_ER	0.07372067448841242	0.0721236973182022	0.09379004590203682	1.0221421977739789	54	exploratory_descriptive_not_primary
exploratory_post_primary	gain_demean	C2	S1	sub-062	retained_ER	0.07055620009456995	0.0721236973182022	0.09379004590203682	0.9782665437031518	54	exploratory_descriptive_not_primary
exploratory_post_primary	gain_demean	C2	S1	sub-064	retained_ER	0.06727227298935488	0.0721236973182022	0.09379004590203682	0.9327346696129104	54	exploratory_descriptive_not_primary
exploratory_post_primary	gain_demean	C2	S1	sub-066	retained_ER	0.06620443937614108	0.0721236973182022	0.09379004590203682	0.9179290834752137	54	exploratory_descriptive_not_primary
exploratory_post_primary	gain_demean	C2	S1	sub-068	retained_ER	0.06138128277365753	0.0721236973182022	0.09379004590203682	0.8510556870490116	54	exploratory_descriptive_not_primary
exploratory_post_primary	gain_demean	C2	S1	sub-070	retained_ER	0.06805834438943205	0.0721236973182022	0.09379004590203682	0.9436336033795627	54	exploratory_descriptive_not_primary
exploratory_post_primary	gain_demean	C2	S1	sub-072	retained_ER	0.07761725652488116	0.0721236973182022	0.09379004590203682	1.07616857442072	54	exploratory_descriptive_not_primary
exploratory_post_primary	gain_demean	C2	S1	sub-074	retained_ER	0.06445642977882231	0.0721236973182022	0.09379004590203682	0.8936928107615905	54	exploratory_descriptive_not_primary
exploratory_post_primary	gain_demean	C2	S1	sub-076	retained_ER	0.0837240130697166	0.0721236973182022	0.09379004590203682	1.160839171906773	54	exploratory_descriptive_not_primary
exploratory_post_primary	gain_demean	C2	S1	sub-080	retained_ER	0.08416103435025636	0.0721236973182022	0.09379004590203682	1.1668985018744489	54	exploratory_descriptive_not_primary
exploratory_post_primary	gain_demean	C2	S1	sub-082	retained_ER	0.07319612344892265	0.0721236973182022	0.09379004590203682	1.0148692617072723	54	exploratory_descriptive_not_primary
exploratory_post_primary	gain_demean	C2	S1	sub-084	retained_ER	0.06386422176164772	0.0721236973182022	0.09379004590203682	0.8854818060683364	54	exploratory_descriptive_not_primary
exploratory_post_primary	gain_demean	C2	S1	sub-088	frozen_excluded_ER	0.08872159332704635	0.0721236973182022	0.09379004590203682	1.230130964246272	54	exploratory_descriptive_not_primary
exploratory_post_primary	gain_demean	C2	S1	sub-090	retained_ER	0.0721236973182022	0.0721236973182022	0.09379004590203682	1.0	54	exploratory_descriptive_not_primary
exploratory_post_primary	gain_demean	C2	S1	sub-092	retained_ER	0.06465157049020266	0.0721236973182022	0.09379004590203682	0.896398450081763	54	exploratory_descriptive_not_primary
exploratory_post_primary	gain_demean	C2	S1	sub-094	retained_ER	0.09753641603486558	0.0721236973182022	0.09379004590203682	1.3523490844423176	54	exploratory_descriptive_not_primary
exploratory_post_primary	gain_demean	C2	S1	sub-096	retained_ER	0.06981012284809177	0.0721236973182022	0.09379004590203682	0.9679221316136473	54	exploratory_descriptive_not_primary
exploratory_post_primary	gain_demean	C2	S1	sub-098	retained_ER	0.07228343487354658	0.0721236973182022	0.09379004590203682	1.002214772138478	54	exploratory_descriptive_not_primary
exploratory_post_primary	gain_demean	C2	S1	sub-100	frozen_excluded_ER	0.07947376954692358	0.0721236973182022	0.09379004590203682	1.1019092545449192	54	exploratory_descriptive_not_primary
exploratory_post_primary	gain_demean	C2	S1	sub-102	retained_ER	0.0682048257001289	0.0721236973182022	0.09379004590203682	0.9456645767786467	54	exploratory_descriptive_not_primary
exploratory_post_primary	gain_demean	C2	S1	sub-104	retained_ER	0.07996993415544959	0.0721236973182022	0.09379004590203682	1.1087886108033345	54	exploratory_descriptive_not_primary
exploratory_post_primary	gain_demean	C2	S1	sub-106	retained_ER	0.06502005998639022	0.0721236973182022	0.09379004590203682	0.9015075821685697	54	exploratory_descriptive_not_primary
exploratory_post_primary	gain_demean	C2	S1	sub-108	retained_ER	0.06805135576680982	0.0721236973182022	0.09379004590203682	0.9435367056485521	54	exploratory_descriptive_not_primary
exploratory_post_primary	gain_demean	C2	S1	sub-110	retained_ER	0.08673500666065588	0.0721236973182022	0.09379004590203682	1.2025868041399779	54	exploratory_descriptive_not_primary
exploratory_post_primary	gain_demean	C2	S1	sub-112	retained_ER	0.06440391100232354	0.0721236973182022	0.09379004590203682	0.8929646343306588	54	exploratory_descriptive_not_primary
exploratory_post_primary	gain_demean	C2	S1	sub-114	retained_ER	0.060343534501916596	0.0721236973182022	0.09379004590203682	0.8366672362301012	54	exploratory_descriptive_not_primary
exploratory_post_primary	gain_demean	C2	S1	sub-116	retained_ER	0.0961607663996663	0.0721236973182022	0.09379004590203682	1.3332756080905706	54	exploratory_descriptive_not_primary
exploratory_post_primary	gain_demean	C2	S1	sub-118	retained_ER	0.06574175589730817	0.0721236973182022	0.09379004590203682	0.9115139453716915	54	exploratory_descriptive_not_primary
exploratory_post_primary	gain_demean	C2	S1	sub-120	retained_ER	0.10216868873268552	0.0721236973182022	0.09379004590203682	1.4165758624648424	54	exploratory_descriptive_not_primary
exploratory_post_primary	gain_demean	C2	S1	sub-124	retained_ER	0.08617165755702619	0.0721236973182022	0.09379004590203682	1.194775930258343	54	exploratory_descriptive_not_primary
exploratory_post_primary	gain_demean	C2	S2	sub-002	retained_ER	0.05946421181720353	0.056122104911845064	0.08091705502075133	1.059550633580265	54	exploratory_descriptive_not_primary
exploratory_post_primary	gain_demean	C2	S2	sub-004	retained_ER	0.051796924769132786	0.056122104911845064	0.08091705502075133	0.9229326813471066	54	exploratory_descriptive_not_primary
exploratory_post_primary	gain_demean	C2	S2	sub-006	retained_ER	0.048469297694434456	0.056122104911845064	0.08091705502075133	0.8636400536039871	54	exploratory_descriptive_not_primary
exploratory_post_primary	gain_demean	C2	S2	sub-008	retained_ER	0.06825658524552097	0.056122104911845064	0.08091705502075133	1.216215702399908	54	exploratory_descriptive_not_primary
exploratory_post_primary	gain_demean	C2	S2	sub-010	retained_ER	0.05976127824997207	0.056122104911845064	0.08091705502075133	1.064843849742331	54	exploratory_descriptive_not_primary
exploratory_post_primary	gain_demean	C2	S2	sub-014	retained_ER	0.05045551315505896	0.056122104911845064	0.08091705502075133	0.8990310187815119	54	exploratory_descriptive_not_primary
exploratory_post_primary	gain_demean	C2	S2	sub-016	frozen_excluded_ER	0.06480492894120059	0.056122104911845064	0.08091705502075133	1.1547130857439194	54	exploratory_descriptive_not_primary
exploratory_post_primary	gain_demean	C2	S2	sub-018	frozen_excluded_ER	0.05929841350610374	0.056122104911845064	0.08091705502075133	1.0565963910164797	54	exploratory_descriptive_not_primary
exploratory_post_primary	gain_demean	C2	S2	sub-020	retained_ER	0.054959793027151475	0.056122104911845064	0.08091705502075133	0.9792895885405704	54	exploratory_descriptive_not_primary
exploratory_post_primary	gain_demean	C2	S2	sub-022	retained_ER	0.07174804596963046	0.056122104911845064	0.08091705502075133	1.2784275657930178	54	exploratory_descriptive_not_primary
exploratory_post_primary	gain_demean	C2	S2	sub-024	retained_ER	0.06418953467436819	0.056122104911845064	0.08091705502075133	1.1437478115832471	54	exploratory_descriptive_not_primary
exploratory_post_primary	gain_demean	C2	S2	sub-026	retained_ER	0.06663940942988211	0.056122104911845064	0.08091705502075133	1.1874003930279757	54	exploratory_descriptive_not_primary
exploratory_post_primary	gain_demean	C2	S2	sub-030	frozen_excluded_ER	0.1512637033475362	0.056122104911845064	0.08091705502075133	2.695260692469335	54	exploratory_descriptive_not_primary
exploratory_post_primary	gain_demean	C2	S2	sub-032	retained_ER	0.057115852864660935	0.056122104911845064	0.08091705502075133	1.0177068902596726	54	exploratory_descriptive_not_primary
exploratory_post_primary	gain_demean	C2	S2	sub-036	retained_ER	0.05546278306762859	0.056122104911845064	0.08091705502075133	0.988252011480109	54	exploratory_descriptive_not_primary
exploratory_post_primary	gain_demean	C2	S2	sub-038	retained_ER	0.07679118802499281	0.056122104911845064	0.08091705502075133	1.3682877387727015	54	exploratory_descriptive_not_primary
exploratory_post_primary	gain_demean	C2	S2	sub-040	retained_ER	0.06372427635969925	0.056122104911845064	0.08091705502075133	1.1354577035162072	54	exploratory_descriptive_not_primary
exploratory_post_primary	gain_demean	C2	S2	sub-044	retained_ER	0.05313533685058035	0.056122104911845064	0.08091705502075133	0.9467808973673343	54	exploratory_descriptive_not_primary
exploratory_post_primary	gain_demean	C2	S2	sub-046	retained_ER	0.05999819740444848	0.056122104911845064	0.08091705502075133	1.0690653441935556	54	exploratory_descriptive_not_primary
exploratory_post_primary	gain_demean	C2	S2	sub-050	retained_ER	0.05028669677305049	0.056122104911845064	0.08091705502075133	0.8960229993518479	54	exploratory_descriptive_not_primary
exploratory_post_primary	gain_demean	C2	S2	sub-052	retained_ER	0.06858232894662646	0.056122104911845064	0.08091705502075133	1.2220198984758954	54	exploratory_descriptive_not_primary
exploratory_post_primary	gain_demean	C2	S2	sub-054	retained_ER	0.05420823379207312	0.056122104911845064	0.08091705502075133	0.9658980873440475	54	exploratory_descriptive_not_primary
exploratory_post_primary	gain_demean	C2	S2	sub-056	retained_ER	0.04613639055476672	0.056122104911845064	0.08091705502075133	0.8220716351825433	54	exploratory_descriptive_not_primary
exploratory_post_primary	gain_demean	C2	S2	sub-058	retained_ER	0.05569727938439594	0.056122104911845064	0.08091705502075133	0.9924303351038521	54	exploratory_descriptive_not_primary
exploratory_post_primary	gain_demean	C2	S2	sub-060	retained_ER	0.058809504540622094	0.056122104911845064	0.08091705502075133	1.047884868769593	54	exploratory_descriptive_not_primary
exploratory_post_primary	gain_demean	C2	S2	sub-062	retained_ER	0.05598630866561455	0.056122104911845064	0.08091705502075133	0.9975803429603394	54	exploratory_descriptive_not_primary
exploratory_post_primary	gain_demean	C2	S2	sub-064	retained_ER	0.05099171034646527	0.056122104911845064	0.08091705502075133	0.9085851364014507	54	exploratory_descriptive_not_primary
exploratory_post_primary	gain_demean	C2	S2	sub-066	retained_ER	0.04666548385793319	0.056122104911845064	0.08091705502075133	0.8314991736541947	54	exploratory_descriptive_not_primary
exploratory_post_primary	gain_demean	C2	S2	sub-068	retained_ER	0.045930087106869834	0.056122104911845064	0.08091705502075133	0.8183956603020406	54	exploratory_descriptive_not_primary
exploratory_post_primary	gain_demean	C2	S2	sub-070	retained_ER	0.0536560560207494	0.056122104911845064	0.08091705502075133	0.9560592230998952	54	exploratory_descriptive_not_primary
exploratory_post_primary	gain_demean	C2	S2	sub-072	retained_ER	0.05613505163831279	0.056122104911845064	0.08091705502075133	1.0002306885404255	54	exploratory_descriptive_not_primary
exploratory_post_primary	gain_demean	C2	S2	sub-074	retained_ER	0.051057390580586136	0.056122104911845064	0.08091705502075133	0.9097554459296487	54	exploratory_descriptive_not_primary
exploratory_post_primary	gain_demean	C2	S2	sub-076	retained_ER	0.06692547112586338	0.056122104911845064	0.08091705502075133	1.1924975235869701	54	exploratory_descriptive_not_primary
exploratory_post_primary	gain_demean	C2	S2	sub-080	retained_ER	0.07545589863946792	0.056122104911845064	0.08091705502075133	1.3444951638573037	54	exploratory_descriptive_not_primary
exploratory_post_primary	gain_demean	C2	S2	sub-082	retained_ER	0.06130408459079639	0.056122104911845064	0.08091705502075133	1.0923340221663287	54	exploratory_descriptive_not_primary
exploratory_post_primary	gain_demean	C2	S2	sub-084	retained_ER	0.04542884142692974	0.056122104911845064	0.08091705502075133	0.8094643188862573	54	exploratory_descriptive_not_primary
exploratory_post_primary	gain_demean	C2	S2	sub-088	frozen_excluded_ER	0.07926559905417777	0.056122104911845064	0.08091705502075133	1.4123775146831328	54	exploratory_descriptive_not_primary
exploratory_post_primary	gain_demean	C2	S2	sub-090	retained_ER	0.05896296278011195	0.056122104911845064	0.08091705502075133	1.0506192323457793	54	exploratory_descriptive_not_primary
exploratory_post_primary	gain_demean	C2	S2	sub-092	retained_ER	0.04993818191261304	0.056122104911845064	0.08091705502075133	0.8898130601311988	54	exploratory_descriptive_not_primary
exploratory_post_primary	gain_demean	C2	S2	sub-094	retained_ER	0.08741195007410539	0.056122104911845064	0.08091705502075133	1.5575315682013262	54	exploratory_descriptive_not_primary
exploratory_post_primary	gain_demean	C2	S2	sub-096	retained_ER	0.056122104911845064	0.056122104911845064	0.08091705502075133	1.0	54	exploratory_descriptive_not_primary
exploratory_post_primary	gain_demean	C2	S2	sub-098	retained_ER	0.05875927999313779	0.056122104911845064	0.08091705502075133	1.046989953164357	54	exploratory_descriptive_not_primary
exploratory_post_primary	gain_demean	C2	S2	sub-100	frozen_excluded_ER	0.05769144283400457	0.056122104911845064	0.08091705502075133	1.0279629198624067	54	exploratory_descriptive_not_primary
exploratory_post_primary	gain_demean	C2	S2	sub-102	retained_ER	0.05458832187942559	0.056122104911845064	0.08091705502075133	0.9726706075114486	54	exploratory_descriptive_not_primary
exploratory_post_primary	gain_demean	C2	S2	sub-104	retained_ER	0.06677515395676059	0.056122104911845064	0.08091705502075133	1.1898191285171684	54	exploratory_descriptive_not_primary
exploratory_post_primary	gain_demean	C2	S2	sub-106	retained_ER	0.049513037017777616	0.056122104911845064	0.08091705502075133	0.882237704654008	54	exploratory_descriptive_not_primary
exploratory_post_primary	gain_demean	C2	S2	sub-108	retained_ER	0.051330907025743104	0.056122104911845064	0.08091705502075133	0.9146290415580842	54	exploratory_descriptive_not_primary
exploratory_post_primary	gain_demean	C2	S2	sub-110	retained_ER	0.07461041865644392	0.056122104911845064	0.08091705502075133	1.3294301554376793	54	exploratory_descriptive_not_primary
exploratory_post_primary	gain_demean	C2	S2	sub-112	retained_ER	0.05023089993010309	0.056122104911845064	0.08091705502075133	0.8950287949641998	54	exploratory_descriptive_not_primary
exploratory_post_primary	gain_demean	C2	S2	sub-114	retained_ER	0.04463196491206941	0.056122104911845064	0.08091705502075133	0.7952653412087086	54	exploratory_descriptive_not_primary
exploratory_post_primary	gain_demean	C2	S2	sub-116	retained_ER	0.08366763301792374	0.056122104911845064	0.08091705502075133	1.4908142370879776	54	exploratory_descriptive_not_primary
exploratory_post_primary	gain_demean	C2	S2	sub-118	retained_ER	0.05012710184485233	0.056122104911845064	0.08091705502075133	0.8931792904701363	54	exploratory_descriptive_not_primary
exploratory_post_primary	gain_demean	C2	S2	sub-120	retained_ER	0.09273214698643675	0.056122104911845064	0.08091705502075133	1.6523283852609887	54	exploratory_descriptive_not_primary
exploratory_post_primary	gain_demean	C2	S2	sub-124	retained_ER	0.07381182209888297	0.056122104911845064	0.08091705502075133	1.315200529538662	54	exploratory_descriptive_not_primary
exploratory_post_primary	loss_demean	C0	S0	sub-002	retained_ER	0.12960806764620678	0.12488369625708351	0.16547306913301144	1.0378301694353902	54	exploratory_descriptive_not_primary
exploratory_post_primary	loss_demean	C0	S0	sub-004	retained_ER	0.14249760872454278	0.12488369625708351	0.16547306913301144	1.141042529932807	54	exploratory_descriptive_not_primary
exploratory_post_primary	loss_demean	C0	S0	sub-006	retained_ER	0.10642393786152331	0.12488369625708351	0.16547306913301144	0.8521844007759087	54	exploratory_descriptive_not_primary
exploratory_post_primary	loss_demean	C0	S0	sub-008	retained_ER	0.1459167200540564	0.12488369625708351	0.16547306913301144	1.168420894218847	54	exploratory_descriptive_not_primary
exploratory_post_primary	loss_demean	C0	S0	sub-010	retained_ER	0.11729365638310497	0.12488369625708351	0.16547306913301144	0.9392231323906861	54	exploratory_descriptive_not_primary
exploratory_post_primary	loss_demean	C0	S0	sub-014	retained_ER	0.10321902576297293	0.12488369625708351	0.16547306913301144	0.8265212262014406	54	exploratory_descriptive_not_primary
exploratory_post_primary	loss_demean	C0	S0	sub-016	frozen_excluded_ER	0.20020494260126756	0.12488369625708351	0.16547306913301144	1.603131142027771	54	exploratory_descriptive_not_primary
exploratory_post_primary	loss_demean	C0	S0	sub-018	frozen_excluded_ER	0.13645718186157874	0.12488369625708351	0.16547306913301144	1.0926741116043701	54	exploratory_descriptive_not_primary
exploratory_post_primary	loss_demean	C0	S0	sub-020	retained_ER	0.1271223309132187	0.12488369625708351	0.16547306913301144	1.0179257559091361	54	exploratory_descriptive_not_primary
exploratory_post_primary	loss_demean	C0	S0	sub-022	retained_ER	0.1559294905911109	0.12488369625708351	0.16547306913301144	1.2485976573764843	54	exploratory_descriptive_not_primary
exploratory_post_primary	loss_demean	C0	S0	sub-024	retained_ER	0.13128233818649301	0.12488369625708351	0.16547306913301144	1.0512368076953564	54	exploratory_descriptive_not_primary
exploratory_post_primary	loss_demean	C0	S0	sub-026	retained_ER	0.17225957629952068	0.12488369625708351	0.16547306913301144	1.3793600082504762	54	exploratory_descriptive_not_primary
exploratory_post_primary	loss_demean	C0	S0	sub-030	frozen_excluded_ER	0.2459346714631699	0.12488369625708351	0.16547306913301144	1.9693096763959714	54	exploratory_descriptive_not_primary
exploratory_post_primary	loss_demean	C0	S0	sub-032	retained_ER	0.16557845077984543	0.12488369625708351	0.16547306913301144	1.3258612272252766	54	exploratory_descriptive_not_primary
exploratory_post_primary	loss_demean	C0	S0	sub-036	retained_ER	0.12101421530250993	0.12488369625708351	0.16547306913301144	0.9690153232924181	54	exploratory_descriptive_not_primary
exploratory_post_primary	loss_demean	C0	S0	sub-038	retained_ER	0.1353568664608082	0.12488369625708351	0.16547306913301144	1.0838633906395978	54	exploratory_descriptive_not_primary
exploratory_post_primary	loss_demean	C0	S0	sub-040	retained_ER	0.13792366233685535	0.12488369625708351	0.16547306913301144	1.1044168812310615	54	exploratory_descriptive_not_primary
exploratory_post_primary	loss_demean	C0	S0	sub-044	retained_ER	0.11161600518315867	0.12488369625708351	0.16547306913301144	0.8937596221798866	54	exploratory_descriptive_not_primary
exploratory_post_primary	loss_demean	C0	S0	sub-046	retained_ER	0.11004781286599281	0.12488369625708351	0.16547306913301144	0.8812024000270636	54	exploratory_descriptive_not_primary
exploratory_post_primary	loss_demean	C0	S0	sub-050	retained_ER	0.12068776643292034	0.12488369625708351	0.16547306913301144	0.9664013001703161	54	exploratory_descriptive_not_primary
exploratory_post_primary	loss_demean	C0	S0	sub-052	retained_ER	0.1144422561286624	0.12488369625708351	0.16547306913301144	0.9163906863636825	54	exploratory_descriptive_not_primary
exploratory_post_primary	loss_demean	C0	S0	sub-054	retained_ER	0.11053642311378886	0.12488369625708351	0.16547306913301144	0.8851149223373435	54	exploratory_descriptive_not_primary
exploratory_post_primary	loss_demean	C0	S0	sub-056	retained_ER	0.11213406048972034	0.12488369625708351	0.16547306913301144	0.8979079243369208	54	exploratory_descriptive_not_primary
exploratory_post_primary	loss_demean	C0	S0	sub-058	retained_ER	0.12861106983128706	0.12488369625708351	0.16547306913301144	1.0298467589118314	54	exploratory_descriptive_not_primary
exploratory_post_primary	loss_demean	C0	S0	sub-060	retained_ER	0.1272046195101236	0.12488369625708351	0.16547306913301144	1.0185846777650005	54	exploratory_descriptive_not_primary
exploratory_post_primary	loss_demean	C0	S0	sub-062	retained_ER	0.10721774724998119	0.12488369625708351	0.16547306913301144	0.8585407900584918	54	exploratory_descriptive_not_primary
exploratory_post_primary	loss_demean	C0	S0	sub-064	retained_ER	0.11974686977930533	0.12488369625708351	0.16547306913301144	0.9588671169116937	54	exploratory_descriptive_not_primary
exploratory_post_primary	loss_demean	C0	S0	sub-066	retained_ER	0.1308366130003498	0.12488369625708351	0.16547306913301144	1.0476676853879445	54	exploratory_descriptive_not_primary
exploratory_post_primary	loss_demean	C0	S0	sub-068	retained_ER	0.12512767214045273	0.12488369625708351	0.16547306913301144	1.0019536247779453	54	exploratory_descriptive_not_primary
exploratory_post_primary	loss_demean	C0	S0	sub-070	retained_ER	0.12703844762397346	0.12488369625708351	0.16547306913301144	1.0172540646334987	54	exploratory_descriptive_not_primary
exploratory_post_primary	loss_demean	C0	S0	sub-072	retained_ER	0.14252613162843386	0.12488369625708351	0.16547306913301144	1.1412709256701685	54	exploratory_descriptive_not_primary
exploratory_post_primary	loss_demean	C0	S0	sub-074	retained_ER	0.11407280024341103	0.12488369625708351	0.16547306913301144	0.9134322866980382	54	exploratory_descriptive_not_primary
exploratory_post_primary	loss_demean	C0	S0	sub-076	retained_ER	0.12931609831867732	0.12488369625708351	0.16547306913301144	1.03549223953517	54	exploratory_descriptive_not_primary
exploratory_post_primary	loss_demean	C0	S0	sub-080	retained_ER	0.11900217700639983	0.12488369625708351	0.16547306913301144	0.9529040264905669	54	exploratory_descriptive_not_primary
exploratory_post_primary	loss_demean	C0	S0	sub-082	retained_ER	0.13324166048567815	0.12488369625708351	0.16547306913301144	1.0669259837680418	54	exploratory_descriptive_not_primary
exploratory_post_primary	loss_demean	C0	S0	sub-084	retained_ER	0.11644310941433585	0.12488369625708351	0.16547306913301144	0.9324124197495564	54	exploratory_descriptive_not_primary
exploratory_post_primary	loss_demean	C0	S0	sub-088	frozen_excluded_ER	0.150269111304705	0.12488369625708351	0.16547306913301144	1.203272451156182	54	exploratory_descriptive_not_primary
exploratory_post_primary	loss_demean	C0	S0	sub-090	retained_ER	0.11761535352774143	0.12488369625708351	0.16547306913301144	0.9417991063110465	54	exploratory_descriptive_not_primary
exploratory_post_primary	loss_demean	C0	S0	sub-092	retained_ER	0.10081251933525183	0.12488369625708351	0.16547306913301144	0.8072512454125385	54	exploratory_descriptive_not_primary
exploratory_post_primary	loss_demean	C0	S0	sub-094	retained_ER	0.10919563999557311	0.12488369625708351	0.16547306913301144	0.8743786680591578	54	exploratory_descriptive_not_primary
exploratory_post_primary	loss_demean	C0	S0	sub-096	retained_ER	0.1167214058458567	0.12488369625708351	0.16547306913301144	0.9346408646135517	54	exploratory_descriptive_not_primary
exploratory_post_primary	loss_demean	C0	S0	sub-098	retained_ER	0.12488369625708351	0.12488369625708351	0.16547306913301144	1.0	54	exploratory_descriptive_not_primary
exploratory_post_primary	loss_demean	C0	S0	sub-100	frozen_excluded_ER	0.16779085397864504	0.12488369625708351	0.16547306913301144	1.3435769360416236	54	exploratory_descriptive_not_primary
exploratory_post_primary	loss_demean	C0	S0	sub-102	retained_ER	0.10686153927508853	0.12488369625708351	0.16547306913301144	0.8556884723775723	54	exploratory_descriptive_not_primary
exploratory_post_primary	loss_demean	C0	S0	sub-104	retained_ER	0.10937261274039135	0.12488369625708351	0.16547306913301144	0.875795768530415	54	exploratory_descriptive_not_primary
exploratory_post_primary	loss_demean	C0	S0	sub-106	retained_ER	0.12029680592747752	0.12488369625708351	0.16547306913301144	0.9632707033257288	54	exploratory_descriptive_not_primary
exploratory_post_primary	loss_demean	C0	S0	sub-108	retained_ER	0.12606345648984094	0.12488369625708351	0.16547306913301144	1.009446871514187	54	exploratory_descriptive_not_primary
exploratory_post_primary	loss_demean	C0	S0	sub-110	retained_ER	0.170252570356067	0.12488369625708351	0.16547306913301144	1.3632890077627737	54	exploratory_descriptive_not_primary
exploratory_post_primary	loss_demean	C0	S0	sub-112	retained_ER	0.1495194335407837	0.12488369625708351	0.16547306913301144	1.1972694436668936	54	exploratory_descriptive_not_primary
exploratory_post_primary	loss_demean	C0	S0	sub-114	retained_ER	0.16531499666276045	0.12488369625708351	0.16547306913301144	1.3237516314575262	54	exploratory_descriptive_not_primary
exploratory_post_primary	loss_demean	C0	S0	sub-116	retained_ER	0.15749249790090844	0.12488369625708351	0.16547306913301144	1.261113360840129	54	exploratory_descriptive_not_primary
exploratory_post_primary	loss_demean	C0	S0	sub-118	retained_ER	0.11563356096029666	0.12488369625708351	0.16547306913301144	0.9259300006804357	54	exploratory_descriptive_not_primary
exploratory_post_primary	loss_demean	C0	S0	sub-120	retained_ER	0.1366697913562375	0.12488369625708351	0.16547306913301144	1.0943765715813802	54	exploratory_descriptive_not_primary
exploratory_post_primary	loss_demean	C0	S0	sub-124	retained_ER	0.12138324740101036	0.12488369625708351	0.16547306913301144	0.9719703295066862	54	exploratory_descriptive_not_primary
exploratory_post_primary	loss_demean	C0	S1	sub-002	retained_ER	0.1038936416739659	0.10462411568676595	0.1427403687056684	0.9930181105187353	54	exploratory_descriptive_not_primary
exploratory_post_primary	loss_demean	C0	S1	sub-004	retained_ER	0.12811735598006277	0.10462411568676595	0.1427403687056684	1.224548997514428	54	exploratory_descriptive_not_primary
exploratory_post_primary	loss_demean	C0	S1	sub-006	retained_ER	0.08420657358539964	0.10462411568676595	0.1427403687056684	0.8048486052441831	54	exploratory_descriptive_not_primary
exploratory_post_primary	loss_demean	C0	S1	sub-008	retained_ER	0.1349996269831426	0.10462411568676595	0.1427403687056684	1.2903299215194122	54	exploratory_descriptive_not_primary
exploratory_post_primary	loss_demean	C0	S1	sub-010	retained_ER	0.10133049480596437	0.10462411568676595	0.1427403687056684	0.9685194865525808	54	exploratory_descriptive_not_primary
exploratory_post_primary	loss_demean	C0	S1	sub-014	retained_ER	0.08600875856573771	0.10462411568676595	0.1427403687056684	0.8220739358336777	54	exploratory_descriptive_not_primary
exploratory_post_primary	loss_demean	C0	S1	sub-016	frozen_excluded_ER	0.17553887336900878	0.10462411568676595	0.1427403687056684	1.6778050855364404	54	exploratory_descriptive_not_primary
exploratory_post_primary	loss_demean	C0	S1	sub-018	frozen_excluded_ER	0.1045077338685598	0.10462411568676595	0.1427403687056684	0.9988876195756379	54	exploratory_descriptive_not_primary
exploratory_post_primary	loss_demean	C0	S1	sub-020	retained_ER	0.10462411568676595	0.10462411568676595	0.1427403687056684	1.0	54	exploratory_descriptive_not_primary
exploratory_post_primary	loss_demean	C0	S1	sub-022	retained_ER	0.1454186820102075	0.10462411568676595	0.1427403687056684	1.3899155185748604	54	exploratory_descriptive_not_primary
exploratory_post_primary	loss_demean	C0	S1	sub-024	retained_ER	0.1330114514521251	0.10462411568676595	0.1427403687056684	1.2713268884426985	54	exploratory_descriptive_not_primary
exploratory_post_primary	loss_demean	C0	S1	sub-026	retained_ER	0.13595704833504543	0.10462411568676595	0.1427403687056684	1.2994809795294913	54	exploratory_descriptive_not_primary
exploratory_post_primary	loss_demean	C0	S1	sub-030	frozen_excluded_ER	0.2349293851836866	0.10462411568676595	0.1427403687056684	2.245461131418702	54	exploratory_descriptive_not_primary
exploratory_post_primary	loss_demean	C0	S1	sub-032	retained_ER	0.19067474978483862	0.10462411568676595	0.1427403687056684	1.8224741832533102	54	exploratory_descriptive_not_primary
exploratory_post_primary	loss_demean	C0	S1	sub-036	retained_ER	0.11760783807616489	0.10462411568676595	0.1427403687056684	1.1240987539457048	54	exploratory_descriptive_not_primary
exploratory_post_primary	loss_demean	C0	S1	sub-038	retained_ER	0.11096863840889681	0.10462411568676595	0.1427403687056684	1.0606411120465356	54	exploratory_descriptive_not_primary
exploratory_post_primary	loss_demean	C0	S1	sub-040	retained_ER	0.1282283400514034	0.10462411568676595	0.1427403687056684	1.2256097861348345	54	exploratory_descriptive_not_primary
exploratory_post_primary	loss_demean	C0	S1	sub-044	retained_ER	0.0786445839008074	0.10462411568676595	0.1427403687056684	0.7516869641819612	54	exploratory_descriptive_not_primary
exploratory_post_primary	loss_demean	C0	S1	sub-046	retained_ER	0.09176860360021954	0.10462411568676595	0.1427403687056684	0.8771266834404172	54	exploratory_descriptive_not_primary
exploratory_post_primary	loss_demean	C0	S1	sub-050	retained_ER	0.08564532648065448	0.10462411568676595	0.1427403687056684	0.8186002425776094	54	exploratory_descriptive_not_primary
exploratory_post_primary	loss_demean	C0	S1	sub-052	retained_ER	0.08866151413164827	0.10462411568676595	0.1427403687056684	0.8474290420488896	54	exploratory_descriptive_not_primary
exploratory_post_primary	loss_demean	C0	S1	sub-054	retained_ER	0.0876652832701345	0.10462411568676595	0.1427403687056684	0.8379070417435642	54	exploratory_descriptive_not_primary
exploratory_post_primary	loss_demean	C0	S1	sub-056	retained_ER	0.08312983093976707	0.10462411568676595	0.1427403687056684	0.7945570712267657	54	exploratory_descriptive_not_primary
exploratory_post_primary	loss_demean	C0	S1	sub-058	retained_ER	0.10879327376964434	0.10462411568676595	0.1427403687056684	1.0398489206385306	54	exploratory_descriptive_not_primary
exploratory_post_primary	loss_demean	C0	S1	sub-060	retained_ER	0.09345362862047278	0.10462411568676595	0.1427403687056684	0.8932321961053752	54	exploratory_descriptive_not_primary
exploratory_post_primary	loss_demean	C0	S1	sub-062	retained_ER	0.08290584545763123	0.10462411568676595	0.1427403687056684	0.792416212203341	54	exploratory_descriptive_not_primary
exploratory_post_primary	loss_demean	C0	S1	sub-064	retained_ER	0.08451299325443754	0.10462411568676595	0.1427403687056684	0.8077773723551548	54	exploratory_descriptive_not_primary
exploratory_post_primary	loss_demean	C0	S1	sub-066	retained_ER	0.09495665476749571	0.10462411568676595	0.1427403687056684	0.9075981588392713	54	exploratory_descriptive_not_primary
exploratory_post_primary	loss_demean	C0	S1	sub-068	retained_ER	0.10834796937701353	0.10462411568676595	0.1427403687056684	1.0355926897522978	54	exploratory_descriptive_not_primary
exploratory_post_primary	loss_demean	C0	S1	sub-070	retained_ER	0.0986844621677148	0.10462411568676595	0.1427403687056684	0.9432286382535946	54	exploratory_descriptive_not_primary
exploratory_post_primary	loss_demean	C0	S1	sub-072	retained_ER	0.11592390182613806	0.10462411568676595	0.1427403687056684	1.108003647774692	54	exploratory_descriptive_not_primary
exploratory_post_primary	loss_demean	C0	S1	sub-074	retained_ER	0.09109332895536118	0.10462411568676595	0.1427403687056684	0.8706723909436465	54	exploratory_descriptive_not_primary
exploratory_post_primary	loss_demean	C0	S1	sub-076	retained_ER	0.12542538211360163	0.10462411568676595	0.1427403687056684	1.1988190417696105	54	exploratory_descriptive_not_primary
exploratory_post_primary	loss_demean	C0	S1	sub-080	retained_ER	0.10885526353136685	0.10462411568676595	0.1427403687056684	1.0404414203821661	54	exploratory_descriptive_not_primary
exploratory_post_primary	loss_demean	C0	S1	sub-082	retained_ER	0.13872289874885982	0.10462411568676595	0.1427403687056684	1.3259170492220185	54	exploratory_descriptive_not_primary
exploratory_post_primary	loss_demean	C0	S1	sub-084	retained_ER	0.0912456636697481	0.10462411568676595	0.1427403687056684	0.8721284100783074	54	exploratory_descriptive_not_primary
exploratory_post_primary	loss_demean	C0	S1	sub-088	frozen_excluded_ER	0.12745085924051575	0.10462411568676595	0.1427403687056684	1.2181786044633416	54	exploratory_descriptive_not_primary
exploratory_post_primary	loss_demean	C0	S1	sub-090	retained_ER	0.09607276710434616	0.10462411568676595	0.1427403687056684	0.9182659893822026	54	exploratory_descriptive_not_primary
exploratory_post_primary	loss_demean	C0	S1	sub-092	retained_ER	0.07830365768788008	0.10462411568676595	0.1427403687056684	0.7484283826332481	54	exploratory_descriptive_not_primary
exploratory_post_primary	loss_demean	C0	S1	sub-094	retained_ER	0.09106031432232711	0.10462411568676595	0.1427403687056684	0.8703568362283941	54	exploratory_descriptive_not_primary
exploratory_post_primary	loss_demean	C0	S1	sub-096	retained_ER	0.09888426163752902	0.10462411568676595	0.1427403687056684	0.945138326746565	54	exploratory_descriptive_not_primary
exploratory_post_primary	loss_demean	C0	S1	sub-098	retained_ER	0.1070145264032577	0.10462411568676595	0.1427403687056684	1.0228476073685382	54	exploratory_descriptive_not_primary
exploratory_post_primary	loss_demean	C0	S1	sub-100	frozen_excluded_ER	0.1329024617779815	0.10462411568676595	0.1427403687056684	1.2702851623222133	54	exploratory_descriptive_not_primary
exploratory_post_primary	loss_demean	C0	S1	sub-102	retained_ER	0.09530819195451992	0.10462411568676595	0.1427403687056684	0.9109581603524662	54	exploratory_descriptive_not_primary
exploratory_post_primary	loss_demean	C0	S1	sub-104	retained_ER	0.08770881517213615	0.10462411568676595	0.1427403687056684	0.8383231207872522	54	exploratory_descriptive_not_primary
exploratory_post_primary	loss_demean	C0	S1	sub-106	retained_ER	0.09233491408245763	0.10462411568676595	0.1427403687056684	0.8825394936565012	54	exploratory_descriptive_not_primary
exploratory_post_primary	loss_demean	C0	S1	sub-108	retained_ER	0.12424802293837875	0.10462411568676595	0.1427403687056684	1.1875658123636121	54	exploratory_descriptive_not_primary
exploratory_post_primary	loss_demean	C0	S1	sub-110	retained_ER	0.19256904467050912	0.10462411568676595	0.1427403687056684	1.8405799026970169	54	exploratory_descriptive_not_primary
exploratory_post_primary	loss_demean	C0	S1	sub-112	retained_ER	0.10543058323463723	0.10462411568676595	0.1427403687056684	1.0077082376522615	54	exploratory_descriptive_not_primary
exploratory_post_primary	loss_demean	C0	S1	sub-114	retained_ER	0.13230431120924194	0.10462411568676595	0.1427403687056684	1.2645680237369719	54	exploratory_descriptive_not_primary
exploratory_post_primary	loss_demean	C0	S1	sub-116	retained_ER	0.125703439143933	0.10462411568676595	0.1427403687056684	1.2014767180472656	54	exploratory_descriptive_not_primary
exploratory_post_primary	loss_demean	C0	S1	sub-118	retained_ER	0.10700037116986354	0.10462411568676595	0.1427403687056684	1.0227123112821508	54	exploratory_descriptive_not_primary
exploratory_post_primary	loss_demean	C0	S1	sub-120	retained_ER	0.13389716892155826	0.10462411568676595	0.1427403687056684	1.2797925988921415	54	exploratory_descriptive_not_primary
exploratory_post_primary	loss_demean	C0	S1	sub-124	retained_ER	0.11334393197195584	0.10462411568676595	0.1427403687056684	1.083344229272113	54	exploratory_descriptive_not_primary
exploratory_post_primary	loss_demean	C0	S2	sub-002	retained_ER	0.08767219017424471	0.08767219017424471	0.14038729543669642	1.0	54	exploratory_descriptive_not_primary
exploratory_post_primary	loss_demean	C0	S2	sub-004	retained_ER	0.12287231635195044	0.08767219017424471	0.14038729543669642	1.4014970551978567	54	exploratory_descriptive_not_primary
exploratory_post_primary	loss_demean	C0	S2	sub-006	retained_ER	0.07094973079962714	0.08767219017424471	0.14038729543669642	0.8092615304649924	54	exploratory_descriptive_not_primary
exploratory_post_primary	loss_demean	C0	S2	sub-008	retained_ER	0.1438526627116179	0.08767219017424471	0.14038729543669642	1.6408015178555126	54	exploratory_descriptive_not_primary
exploratory_post_primary	loss_demean	C0	S2	sub-010	retained_ER	0.08347980382666471	0.08767219017424471	0.14038729543669642	0.9521811153656843	54	exploratory_descriptive_not_primary
exploratory_post_primary	loss_demean	C0	S2	sub-014	retained_ER	0.0729877328666308	0.08767219017424471	0.14038729543669642	0.8325072377178078	54	exploratory_descriptive_not_primary
exploratory_post_primary	loss_demean	C0	S2	sub-016	frozen_excluded_ER	0.16022901906859838	0.08767219017424471	0.14038729543669642	1.8275922929511637	54	exploratory_descriptive_not_primary
exploratory_post_primary	loss_demean	C0	S2	sub-018	frozen_excluded_ER	0.08912552057090607	0.08767219017424471	0.14038729543669642	1.0165768688311874	54	exploratory_descriptive_not_primary
exploratory_post_primary	loss_demean	C0	S2	sub-020	retained_ER	0.09184357444698261	0.08767219017424471	0.14038729543669642	1.0475793323338616	54	exploratory_descriptive_not_primary
exploratory_post_primary	loss_demean	C0	S2	sub-022	retained_ER	0.13518924452431436	0.08767219017424471	0.14038729543669642	1.5419854831461555	54	exploratory_descriptive_not_primary
exploratory_post_primary	loss_demean	C0	S2	sub-024	retained_ER	0.12912851920898719	0.08767219017424471	0.14038729543669642	1.4728560898541465	54	exploratory_descriptive_not_primary
exploratory_post_primary	loss_demean	C0	S2	sub-026	retained_ER	0.1169271521958004	0.08767219017424471	0.14038729543669642	1.333685766985092	54	exploratory_descriptive_not_primary
exploratory_post_primary	loss_demean	C0	S2	sub-030	frozen_excluded_ER	0.24540127979975881	0.08767219017424471	0.14038729543669642	2.7990777840958954	54	exploratory_descriptive_not_primary
exploratory_post_primary	loss_demean	C0	S2	sub-032	retained_ER	0.20393496194342123	0.08767219017424471	0.14038729543669642	2.326107760489492	54	exploratory_descriptive_not_primary
exploratory_post_primary	loss_demean	C0	S2	sub-036	retained_ER	0.11100388104962736	0.08767219017424471	0.14038729543669642	1.2661241931907017	54	exploratory_descriptive_not_primary
exploratory_post_primary	loss_demean	C0	S2	sub-038	retained_ER	0.0937232554613702	0.08767219017424471	0.14038729543669642	1.0690192097984463	54	exploratory_descriptive_not_primary
exploratory_post_primary	loss_demean	C0	S2	sub-040	retained_ER	0.12242802442859238	0.08767219017424471	0.14038729543669642	1.3964294057816047	54	exploratory_descriptive_not_primary
exploratory_post_primary	loss_demean	C0	S2	sub-044	retained_ER	0.06140633366554217	0.08767219017424471	0.14038729543669642	0.7004083454913094	54	exploratory_descriptive_not_primary
exploratory_post_primary	loss_demean	C0	S2	sub-046	retained_ER	0.08047346584668756	0.08767219017424471	0.14038729543669642	0.9178904472073756	54	exploratory_descriptive_not_primary
exploratory_post_primary	loss_demean	C0	S2	sub-050	retained_ER	0.06870678976649199	0.08767219017424471	0.14038729543669642	0.7836782636539613	54	exploratory_descriptive_not_primary
exploratory_post_primary	loss_demean	C0	S2	sub-052	retained_ER	0.07437974776675232	0.08767219017424471	0.14038729543669642	0.8483847343031555	54	exploratory_descriptive_not_primary
exploratory_post_primary	loss_demean	C0	S2	sub-054	retained_ER	0.07186924727158767	0.08767219017424471	0.14038729543669642	0.819749650701672	54	exploratory_descriptive_not_primary
exploratory_post_primary	loss_demean	C0	S2	sub-056	retained_ER	0.06467513001197085	0.08767219017424471	0.14038729543669642	0.7376926467039526	54	exploratory_descriptive_not_primary
exploratory_post_primary	loss_demean	C0	S2	sub-058	retained_ER	0.0908376725779979	0.08767219017424471	0.14038729543669642	1.0361058894212853	54	exploratory_descriptive_not_primary
exploratory_post_primary	loss_demean	C0	S2	sub-060	retained_ER	0.07439696153926117	0.08767219017424471	0.14038729543669642	0.8485810767519371	54	exploratory_descriptive_not_primary
exploratory_post_primary	loss_demean	C0	S2	sub-062	retained_ER	0.07018559131305925	0.08767219017424471	0.14038729543669642	0.8005456596164462	54	exploratory_descriptive_not_primary
exploratory_post_primary	loss_demean	C0	S2	sub-064	retained_ER	0.06725694471428195	0.08767219017424471	0.14038729543669642	0.7671411490988381	54	exploratory_descriptive_not_primary
exploratory_post_primary	loss_demean	C0	S2	sub-066	retained_ER	0.07032308976539364	0.08767219017424471	0.14038729543669642	0.8021139842135747	54	exploratory_descriptive_not_primary
exploratory_post_primary	loss_demean	C0	S2	sub-068	retained_ER	0.09671614891772581	0.08767219017424471	0.14038729543669642	1.1031565280336515	54	exploratory_descriptive_not_primary
exploratory_post_primary	loss_demean	C0	S2	sub-070	retained_ER	0.07981080104815441	0.08767219017424471	0.14038729543669642	0.9103320093810121	54	exploratory_descriptive_not_primary
exploratory_post_primary	loss_demean	C0	S2	sub-072	retained_ER	0.09443572992568786	0.08767219017424471	0.14038729543669642	1.0771457829215958	54	exploratory_descriptive_not_primary
exploratory_post_primary	loss_demean	C0	S2	sub-074	retained_ER	0.07610106021148527	0.08767219017424471	0.14038729543669642	0.8680182399942067	54	exploratory_descriptive_not_primary
exploratory_post_primary	loss_demean	C0	S2	sub-076	retained_ER	0.11556110638964018	0.08767219017424471	0.14038729543669642	1.3181044771434072	54	exploratory_descriptive_not_primary
exploratory_post_primary	loss_demean	C0	S2	sub-080	retained_ER	0.09640622744595302	0.08767219017424471	0.14038729543669642	1.0996215248455614	54	exploratory_descriptive_not_primary
exploratory_post_primary	loss_demean	C0	S2	sub-082	retained_ER	0.13287224303132816	0.08767219017424471	0.14038729543669642	1.515557473438844	54	exploratory_descriptive_not_primary
exploratory_post_primary	loss_demean	C0	S2	sub-084	retained_ER	0.07413056468132524	0.08767219017424471	0.14038729543669642	0.8455425207696298	54	exploratory_descriptive_not_primary
exploratory_post_primary	loss_demean	C0	S2	sub-088	frozen_excluded_ER	0.11484751174155707	0.08767219017424471	0.14038729543669642	1.3099651270636967	54	exploratory_descriptive_not_primary
exploratory_post_primary	loss_demean	C0	S2	sub-090	retained_ER	0.0806050014172669	0.08767219017424471	0.14038729543669642	0.9193907584271355	54	exploratory_descriptive_not_primary
exploratory_post_primary	loss_demean	C0	S2	sub-092	retained_ER	0.06412833346819705	0.08767219017424471	0.14038729543669642	0.7314558167275704	54	exploratory_descriptive_not_primary
exploratory_post_primary	loss_demean	C0	S2	sub-094	retained_ER	0.08125065718081666	0.08767219017424471	0.14038729543669642	0.9267551890666181	54	exploratory_descriptive_not_primary
exploratory_post_primary	loss_demean	C0	S2	sub-096	retained_ER	0.08675929027777445	0.08767219017424471	0.14038729543669642	0.9895873492534415	54	exploratory_descriptive_not_primary
exploratory_post_primary	loss_demean	C0	S2	sub-098	retained_ER	0.09841089182488369	0.08767219017424471	0.14038729543669642	1.1224869782458526	54	exploratory_descriptive_not_primary
exploratory_post_primary	loss_demean	C0	S2	sub-100	frozen_excluded_ER	0.11828264473558892	0.08767219017424471	0.14038729543669642	1.349146684946586	54	exploratory_descriptive_not_primary
exploratory_post_primary	loss_demean	C0	S2	sub-102	retained_ER	0.08425766581101976	0.08767219017424471	0.14038729543669642	0.96105350674554	54	exploratory_descriptive_not_primary
exploratory_post_primary	loss_demean	C0	S2	sub-104	retained_ER	0.0740281684722817	0.08767219017424471	0.14038729543669642	0.8443745767632119	54	exploratory_descriptive_not_primary
exploratory_post_primary	loss_demean	C0	S2	sub-106	retained_ER	0.0791374990972641	0.08767219017424471	0.14038729543669642	0.9026522428603839	54	exploratory_descriptive_not_primary
exploratory_post_primary	loss_demean	C0	S2	sub-108	retained_ER	0.11878891198603984	0.08767219017424471	0.14038729543669642	1.3549212327187445	54	exploratory_descriptive_not_primary
exploratory_post_primary	loss_demean	C0	S2	sub-110	retained_ER	0.20118305765763142	0.08767219017424471	0.14038729543669642	2.2947191949669414	54	exploratory_descriptive_not_primary
exploratory_post_primary	loss_demean	C0	S2	sub-112	retained_ER	0.08258475925473885	0.08767219017424471	0.14038729543669642	0.9419721246909104	54	exploratory_descriptive_not_primary
exploratory_post_primary	loss_demean	C0	S2	sub-114	retained_ER	0.10855150590632487	0.08767219017424471	0.14038729543669642	1.2381520946446463	54	exploratory_descriptive_not_primary
exploratory_post_primary	loss_demean	C0	S2	sub-116	retained_ER	0.11315636188411776	0.08767219017424471	0.14038729543669642	1.2906756596273499	54	exploratory_descriptive_not_primary
exploratory_post_primary	loss_demean	C0	S2	sub-118	retained_ER	0.09608695595501758	0.08767219017424471	0.14038729543669642	1.0959798741659001	54	exploratory_descriptive_not_primary
exploratory_post_primary	loss_demean	C0	S2	sub-120	retained_ER	0.12899064040200042	0.08767219017424471	0.14038729543669642	1.471283426884136	54	exploratory_descriptive_not_primary
exploratory_post_primary	loss_demean	C0	S2	sub-124	retained_ER	0.11057550353482577	0.08767219017424471	0.14038729543669642	1.2612380655149793	54	exploratory_descriptive_not_primary
exploratory_post_primary	loss_demean	C1	S0	sub-002	retained_ER	0.13427216619120572	0.12532751736542697	0.16671675454756937	1.071370190791366	54	exploratory_descriptive_not_primary
exploratory_post_primary	loss_demean	C1	S0	sub-004	retained_ER	0.1433560241838635	0.12532751736542697	0.16671675454756937	1.143851144564441	54	exploratory_descriptive_not_primary
exploratory_post_primary	loss_demean	C1	S0	sub-006	retained_ER	0.10944845955104059	0.12532751736542697	0.16671675454756937	0.8732995103694059	54	exploratory_descriptive_not_primary
exploratory_post_primary	loss_demean	C1	S0	sub-008	retained_ER	0.13517078905468627	0.12532751736542697	0.16671675454756937	1.0785403867895869	54	exploratory_descriptive_not_primary
exploratory_post_primary	loss_demean	C1	S0	sub-010	retained_ER	0.12008460185969287	0.12532751736542697	0.16671675454756937	0.9581662860962376	54	exploratory_descriptive_not_primary
exploratory_post_primary	loss_demean	C1	S0	sub-014	retained_ER	0.10517253814554395	0.12532751736542697	0.16671675454756937	0.8391815329660156	54	exploratory_descriptive_not_primary
exploratory_post_primary	loss_demean	C1	S0	sub-016	frozen_excluded_ER	0.18304858636149668	0.12532751736542697	0.16671675454756937	1.4605618160277445	54	exploratory_descriptive_not_primary
exploratory_post_primary	loss_demean	C1	S0	sub-018	frozen_excluded_ER	0.1270612979155868	0.12532751736542697	0.16671675454756937	1.013833997406208	54	exploratory_descriptive_not_primary
exploratory_post_primary	loss_demean	C1	S0	sub-020	retained_ER	0.13011118924252396	0.12532751736542697	0.16671675454756937	1.038169365975302	54	exploratory_descriptive_not_primary
exploratory_post_primary	loss_demean	C1	S0	sub-022	retained_ER	0.14606112632396281	0.12532751736542697	0.16671675454756937	1.165435407916693	54	exploratory_descriptive_not_primary
exploratory_post_primary	loss_demean	C1	S0	sub-024	retained_ER	0.13154922081905202	0.12532751736542697	0.16671675454756937	1.0496435546192457	54	exploratory_descriptive_not_primary
exploratory_post_primary	loss_demean	C1	S0	sub-026	retained_ER	0.17182507572651498	0.12532751736542697	0.16671675454756937	1.3710083734086231	54	exploratory_descriptive_not_primary
exploratory_post_primary	loss_demean	C1	S0	sub-030	frozen_excluded_ER	0.24134136017861924	0.12532751736542697	0.16671675454756937	1.925685318372037	54	exploratory_descriptive_not_primary
exploratory_post_primary	loss_demean	C1	S0	sub-032	retained_ER	0.16749023992120773	0.12532751736542697	0.16671675454756937	1.3364203124908611	54	exploratory_descriptive_not_primary
exploratory_post_primary	loss_demean	C1	S0	sub-036	retained_ER	0.12373920817362671	0.12532751736542697	0.16671675454756937	0.9873267321878794	54	exploratory_descriptive_not_primary
exploratory_post_primary	loss_demean	C1	S0	sub-038	retained_ER	0.1378408375794543	0.12532751736542697	0.16671675454756937	1.099844954061775	54	exploratory_descriptive_not_primary
exploratory_post_primary	loss_demean	C1	S0	sub-040	retained_ER	0.1387092008475629	0.12532751736542697	0.16671675454756937	1.1067737059142244	54	exploratory_descriptive_not_primary
exploratory_post_primary	loss_demean	C1	S0	sub-044	retained_ER	0.11599205926708361	0.12532751736542697	0.16671675454756937	0.925511505417256	54	exploratory_descriptive_not_primary
exploratory_post_primary	loss_demean	C1	S0	sub-046	retained_ER	0.11326250798033946	0.12532751736542697	0.16671675454756937	0.9037321600338684	54	exploratory_descriptive_not_primary
exploratory_post_primary	loss_demean	C1	S0	sub-050	retained_ER	0.12102987404184506	0.12532751736542697	0.16671675454756937	0.9657087013775998	54	exploratory_descriptive_not_primary
exploratory_post_primary	loss_demean	C1	S0	sub-052	retained_ER	0.11852155744187319	0.12532751736542697	0.16671675454756937	0.945694608282161	54	exploratory_descriptive_not_primary
exploratory_post_primary	loss_demean	C1	S0	sub-054	retained_ER	0.11295720214653573	0.12532751736542697	0.16671675454756937	0.9012960961891381	54	exploratory_descriptive_not_primary
exploratory_post_primary	loss_demean	C1	S0	sub-056	retained_ER	0.11332571508941096	0.12532751736542697	0.16671675454756937	0.9042364954775141	54	exploratory_descriptive_not_primary
exploratory_post_primary	loss_demean	C1	S0	sub-058	retained_ER	0.13183045082323994	0.12532751736542697	0.16671675454756937	1.0518875151643823	54	exploratory_descriptive_not_primary
exploratory_post_primary	loss_demean	C1	S0	sub-060	retained_ER	0.12849848674504266	0.12532751736542697	0.16671675454756937	1.0253014616923262	54	exploratory_descriptive_not_primary
exploratory_post_primary	loss_demean	C1	S0	sub-062	retained_ER	0.11022870725657778	0.12532751736542697	0.16671675454756937	0.8795251798946561	54	exploratory_descriptive_not_primary
exploratory_post_primary	loss_demean	C1	S0	sub-064	retained_ER	0.12673675377873947	0.12532751736542697	0.16671675454756937	1.011244429339516	54	exploratory_descriptive_not_primary
exploratory_post_primary	loss_demean	C1	S0	sub-066	retained_ER	0.13097740543860156	0.12532751736542697	0.16671675454756937	1.0450809861389083	54	exploratory_descriptive_not_primary
exploratory_post_primary	loss_demean	C1	S0	sub-068	retained_ER	0.12380481023343907	0.12532751736542697	0.16671675454756937	0.9878501771678121	54	exploratory_descriptive_not_primary
exploratory_post_primary	loss_demean	C1	S0	sub-070	retained_ER	0.12821101420803646	0.12532751736542697	0.16671675454756937	1.023007691393119	54	exploratory_descriptive_not_primary
exploratory_post_primary	loss_demean	C1	S0	sub-072	retained_ER	0.1433038058895685	0.12532751736542697	0.16671675454756937	1.1434344899031768	54	exploratory_descriptive_not_primary
exploratory_post_primary	loss_demean	C1	S0	sub-074	retained_ER	0.11783644164102937	0.12532751736542697	0.16671675454756937	0.940228005135095	54	exploratory_descriptive_not_primary
exploratory_post_primary	loss_demean	C1	S0	sub-076	retained_ER	0.13241785378017606	0.12532751736542697	0.16671675454756937	1.0565744583775267	54	exploratory_descriptive_not_primary
exploratory_post_primary	loss_demean	C1	S0	sub-080	retained_ER	0.12270932131111102	0.12532751736542697	0.16671675454756937	0.9791091684463686	54	exploratory_descriptive_not_primary
exploratory_post_primary	loss_demean	C1	S0	sub-082	retained_ER	0.13297896112710347	0.12532751736542697	0.16671675454756937	1.061051586455404	54	exploratory_descriptive_not_primary
exploratory_post_primary	loss_demean	C1	S0	sub-084	retained_ER	0.11818857283435064	0.12532751736542697	0.16671675454756937	0.9430376929093651	54	exploratory_descriptive_not_primary
exploratory_post_primary	loss_demean	C1	S0	sub-088	frozen_excluded_ER	0.15224729072722343	0.12532751736542697	0.16671675454756937	1.2147953931242763	54	exploratory_descriptive_not_primary
exploratory_post_primary	loss_demean	C1	S0	sub-090	retained_ER	0.11904560603232152	0.12532751736542697	0.16671675454756937	0.9498760410709421	54	exploratory_descriptive_not_primary
exploratory_post_primary	loss_demean	C1	S0	sub-092	retained_ER	0.10257330171325431	0.12532751736542697	0.16671675454756937	0.8184419820124063	54	exploratory_descriptive_not_primary
exploratory_post_primary	loss_demean	C1	S0	sub-094	retained_ER	0.11167101745006058	0.12532751736542697	0.16671675454756937	0.8910335080240432	54	exploratory_descriptive_not_primary
exploratory_post_primary	loss_demean	C1	S0	sub-096	retained_ER	0.11951673857317319	0.12532751736542697	0.16671675454756937	0.9536352517435509	54	exploratory_descriptive_not_primary
exploratory_post_primary	loss_demean	C1	S0	sub-098	retained_ER	0.12532751736542697	0.12532751736542697	0.16671675454756937	1.0	54	exploratory_descriptive_not_primary
exploratory_post_primary	loss_demean	C1	S0	sub-100	frozen_excluded_ER	0.15124270011565186	0.12532751736542697	0.16671675454756937	1.2067796705384501	54	exploratory_descriptive_not_primary
exploratory_post_primary	loss_demean	C1	S0	sub-102	retained_ER	0.10704612766216184	0.12532751736542697	0.16671675454756937	0.8541310792109551	54	exploratory_descriptive_not_primary
exploratory_post_primary	loss_demean	C1	S0	sub-104	retained_ER	0.11287754528476322	0.12532751736542697	0.16671675454756937	0.9006605066279066	54	exploratory_descriptive_not_primary
exploratory_post_primary	loss_demean	C1	S0	sub-106	retained_ER	0.12036556650704107	0.12532751736542697	0.16671675454756937	0.9604081293342949	54	exploratory_descriptive_not_primary
exploratory_post_primary	loss_demean	C1	S0	sub-108	retained_ER	0.13350461200492383	0.12532751736542697	0.16671675454756937	1.0652458040452066	54	exploratory_descriptive_not_primary
exploratory_post_primary	loss_demean	C1	S0	sub-110	retained_ER	0.16555652648711186	0.12532751736542697	0.16671675454756937	1.3209910318767915	54	exploratory_descriptive_not_primary
exploratory_post_primary	loss_demean	C1	S0	sub-112	retained_ER	0.14995837767818185	0.12532751736542697	0.16671675454756937	1.196531941512388	54	exploratory_descriptive_not_primary
exploratory_post_primary	loss_demean	C1	S0	sub-114	retained_ER	0.1714467587945123	0.12532751736542697	0.16671675454756937	1.3679897471726976	54	exploratory_descriptive_not_primary
exploratory_post_primary	loss_demean	C1	S0	sub-116	retained_ER	0.1502190351205567	0.12532751736542697	0.16671675454756937	1.1986117516598662	54	exploratory_descriptive_not_primary
exploratory_post_primary	loss_demean	C1	S0	sub-118	retained_ER	0.11723509143694383	0.12532751736542697	0.16671675454756937	0.935429775530561	54	exploratory_descriptive_not_primary
exploratory_post_primary	loss_demean	C1	S0	sub-120	retained_ER	0.13557764015287846	0.12532751736542697	0.16671675454756937	1.0817866898102229	54	exploratory_descriptive_not_primary
exploratory_post_primary	loss_demean	C1	S0	sub-124	retained_ER	0.12047688078350807	0.12532751736542697	0.16671675454756937	0.9612963163726006	54	exploratory_descriptive_not_primary
exploratory_post_primary	loss_demean	C1	S1	sub-002	retained_ER	0.11119535575960986	0.10507811263146591	0.14145524453249772	1.058216149633355	54	exploratory_descriptive_not_primary
exploratory_post_primary	loss_demean	C1	S1	sub-004	retained_ER	0.12648688548593595	0.10507811263146591	0.14145524453249772	1.2037415054223113	54	exploratory_descriptive_not_primary
exploratory_post_primary	loss_demean	C1	S1	sub-006	retained_ER	0.08677047231378736	0.10507811263146591	0.14145524453249772	0.8257711348329235	54	exploratory_descriptive_not_primary
exploratory_post_primary	loss_demean	C1	S1	sub-008	retained_ER	0.10507811263146591	0.10507811263146591	0.14145524453249772	1.0	54	exploratory_descriptive_not_primary
exploratory_post_primary	loss_demean	C1	S1	sub-010	retained_ER	0.10660673382882101	0.10507811263146591	0.14145524453249772	1.0145474748172947	54	exploratory_descriptive_not_primary
exploratory_post_primary	loss_demean	C1	S1	sub-014	retained_ER	0.0871116171769624	0.10507811263146591	0.14145524453249772	0.8290177182995635	54	exploratory_descriptive_not_primary
exploratory_post_primary	loss_demean	C1	S1	sub-016	frozen_excluded_ER	0.18020552153245348	0.10507811263146591	0.14145524453249772	1.7149672469325499	54	exploratory_descriptive_not_primary
exploratory_post_primary	loss_demean	C1	S1	sub-018	frozen_excluded_ER	0.10382116039577072	0.10507811263146591	0.14145524453249772	0.9880379252708542	54	exploratory_descriptive_not_primary
exploratory_post_primary	loss_demean	C1	S1	sub-020	retained_ER	0.10484856514215035	0.10507811263146591	0.14145524453249772	0.9978154585806025	54	exploratory_descriptive_not_primary
exploratory_post_primary	loss_demean	C1	S1	sub-022	retained_ER	0.13923434685272862	0.10507811263146591	0.14145524453249772	1.3250556501814683	54	exploratory_descriptive_not_primary
exploratory_post_primary	loss_demean	C1	S1	sub-024	retained_ER	0.13523450448732716	0.10507811263146591	0.14145524453249772	1.2869902313684196	54	exploratory_descriptive_not_primary
exploratory_post_primary	loss_demean	C1	S1	sub-026	retained_ER	0.14239112729311623	0.10507811263146591	0.14145524453249772	1.3550978764960881	54	exploratory_descriptive_not_primary
exploratory_post_primary	loss_demean	C1	S1	sub-030	frozen_excluded_ER	0.19048195120063197	0.10507811263146591	0.14145524453249772	1.8127652508253338	54	exploratory_descriptive_not_primary
exploratory_post_primary	loss_demean	C1	S1	sub-032	retained_ER	0.19885944822163218	0.10507811263146591	0.14145524453249772	1.8924916259114766	54	exploratory_descriptive_not_primary
exploratory_post_primary	loss_demean	C1	S1	sub-036	retained_ER	0.12110798143586136	0.10507811263146591	0.14145524453249772	1.1525519292549158	54	exploratory_descriptive_not_primary
exploratory_post_primary	loss_demean	C1	S1	sub-038	retained_ER	0.11319907329595276	0.10507811263146591	0.14145524453249772	1.0772849879115074	54	exploratory_descriptive_not_primary
exploratory_post_primary	loss_demean	C1	S1	sub-040	retained_ER	0.12208097718261111	0.10507811263146591	0.14145524453249772	1.1618116668195053	54	exploratory_descriptive_not_primary
exploratory_post_primary	loss_demean	C1	S1	sub-044	retained_ER	0.08673155018590353	0.10507811263146591	0.14145524453249772	0.8254007234607633	54	exploratory_descriptive_not_primary
exploratory_post_primary	loss_demean	C1	S1	sub-046	retained_ER	0.09715379522106024	0.10507811263146591	0.14145524453249772	0.9245864127937076	54	exploratory_descriptive_not_primary
exploratory_post_primary	loss_demean	C1	S1	sub-050	retained_ER	0.08576978232766695	0.10507811263146591	0.14145524453249772	0.8162478386767577	54	exploratory_descriptive_not_primary
exploratory_post_primary	loss_demean	C1	S1	sub-052	retained_ER	0.09416019461353119	0.10507811263146591	0.14145524453249772	0.8960971248481929	54	exploratory_descriptive_not_primary
exploratory_post_primary	loss_demean	C1	S1	sub-054	retained_ER	0.0926878381718472	0.10507811263146591	0.14145524453249772	0.8820851065047736	54	exploratory_descriptive_not_primary
exploratory_post_primary	loss_demean	C1	S1	sub-056	retained_ER	0.08492984362706464	0.10507811263146591	0.14145524453249772	0.8082543690609855	54	exploratory_descriptive_not_primary
exploratory_post_primary	loss_demean	C1	S1	sub-058	retained_ER	0.1153547700720187	0.10507811263146591	0.14145524453249772	1.0978001715409136	54	exploratory_descriptive_not_primary
exploratory_post_primary	loss_demean	C1	S1	sub-060	retained_ER	0.09975876116524533	0.10507811263146591	0.14145524453249772	0.9493771696787435	54	exploratory_descriptive_not_primary
exploratory_post_primary	loss_demean	C1	S1	sub-062	retained_ER	0.0853391975199998	0.10507811263146591	0.14145524453249772	0.8121500794300026	54	exploratory_descriptive_not_primary
exploratory_post_primary	loss_demean	C1	S1	sub-064	retained_ER	0.09076185994087646	0.10507811263146591	0.14145524453249772	0.8637560921863912	54	exploratory_descriptive_not_primary
exploratory_post_primary	loss_demean	C1	S1	sub-066	retained_ER	0.09670311191952545	0.10507811263146591	0.14145524453249772	0.9202973816125382	54	exploratory_descriptive_not_primary
exploratory_post_primary	loss_demean	C1	S1	sub-068	retained_ER	0.10463165210120452	0.10507811263146591	0.14145524453249772	0.9957511557918134	54	exploratory_descriptive_not_primary
exploratory_post_primary	loss_demean	C1	S1	sub-070	retained_ER	0.099730320150087	0.10507811263146591	0.14145524453249772	0.9491065042238158	54	exploratory_descriptive_not_primary
exploratory_post_primary	loss_demean	C1	S1	sub-072	retained_ER	0.11540374174387652	0.10507811263146591	0.14145524453249772	1.098266221707132	54	exploratory_descriptive_not_primary
exploratory_post_primary	loss_demean	C1	S1	sub-074	retained_ER	0.09513105601832085	0.10507811263146591	0.14145524453249772	0.9053365504571654	54	exploratory_descriptive_not_primary
exploratory_post_primary	loss_demean	C1	S1	sub-076	retained_ER	0.13065688897154895	0.10507811263146591	0.14145524453249772	1.2434263016294738	54	exploratory_descriptive_not_primary
exploratory_post_primary	loss_demean	C1	S1	sub-080	retained_ER	0.11588712240722523	0.10507811263146591	0.14145524453249772	1.10286642484405	54	exploratory_descriptive_not_primary
exploratory_post_primary	loss_demean	C1	S1	sub-082	retained_ER	0.14005142039156995	0.10507811263146591	0.14145524453249772	1.3328315182321917	54	exploratory_descriptive_not_primary
exploratory_post_primary	loss_demean	C1	S1	sub-084	retained_ER	0.09362554039206462	0.10507811263146591	0.14145524453249772	0.8910089651156164	54	exploratory_descriptive_not_primary
exploratory_post_primary	loss_demean	C1	S1	sub-088	frozen_excluded_ER	0.14081528273392255	0.10507811263146591	0.14145524453249772	1.3401009897065381	54	exploratory_descriptive_not_primary
exploratory_post_primary	loss_demean	C1	S1	sub-090	retained_ER	0.10099867822962567	0.10507811263146591	0.14145524453249772	0.9611771252863307	54	exploratory_descriptive_not_primary
exploratory_post_primary	loss_demean	C1	S1	sub-092	retained_ER	0.08128012027597956	0.10507811263146591	0.14145524453249772	0.773520938285677	54	exploratory_descriptive_not_primary
exploratory_post_primary	loss_demean	C1	S1	sub-094	retained_ER	0.09349656682148538	0.10507811263146591	0.14145524453249772	0.8897815585002009	54	exploratory_descriptive_not_primary
exploratory_post_primary	loss_demean	C1	S1	sub-096	retained_ER	0.10020450379314758	0.10507811263146591	0.14145524453249772	0.953619181804195	54	exploratory_descriptive_not_primary
exploratory_post_primary	loss_demean	C1	S1	sub-098	retained_ER	0.1072542588818715	0.10507811263146591	0.14145524453249772	1.0207097957501183	54	exploratory_descriptive_not_primary
exploratory_post_primary	loss_demean	C1	S1	sub-100	frozen_excluded_ER	0.1333014334772303	0.10507811263146591	0.14145524453249772	1.2685937169879549	54	exploratory_descriptive_not_primary
exploratory_post_primary	loss_demean	C1	S1	sub-102	retained_ER	0.09667140958251697	0.10507811263146591	0.14145524453249772	0.9199956790389521	54	exploratory_descriptive_not_primary
exploratory_post_primary	loss_demean	C1	S1	sub-104	retained_ER	0.09120828568489106	0.10507811263146591	0.14145524453249772	0.8680046053432683	54	exploratory_descriptive_not_primary
exploratory_post_primary	loss_demean	C1	S1	sub-106	retained_ER	0.09415205537075043	0.10507811263146591	0.14145524453249772	0.8960196658743217	54	exploratory_descriptive_not_primary
exploratory_post_primary	loss_demean	C1	S1	sub-108	retained_ER	0.13521474851917248	0.10507811263146591	0.14145524453249772	1.286802219158646	54	exploratory_descriptive_not_primary
exploratory_post_primary	loss_demean	C1	S1	sub-110	retained_ER	0.1971902059481207	0.10507811263146591	0.14145524453249772	1.8766058983159886	54	exploratory_descriptive_not_primary
exploratory_post_primary	loss_demean	C1	S1	sub-112	retained_ER	0.10689120804774678	0.10507811263146591	0.14145524453249772	1.0172547390781546	54	exploratory_descriptive_not_primary
exploratory_post_primary	loss_demean	C1	S1	sub-114	retained_ER	0.1371804836161725	0.10507811263146591	0.14145524453249772	1.3055095888265265	54	exploratory_descriptive_not_primary
exploratory_post_primary	loss_demean	C1	S1	sub-116	retained_ER	0.12527262625283148	0.10507811263146591	0.14145524453249772	1.1921857284608124	54	exploratory_descriptive_not_primary
exploratory_post_primary	loss_demean	C1	S1	sub-118	retained_ER	0.10686624215186913	0.10507811263146591	0.14145524453249772	1.0170171453942518	54	exploratory_descriptive_not_primary
exploratory_post_primary	loss_demean	C1	S1	sub-120	retained_ER	0.13193928494541493	0.10507811263146591	0.14145524453249772	1.2556305175384868	54	exploratory_descriptive_not_primary
exploratory_post_primary	loss_demean	C1	S1	sub-124	retained_ER	0.10777313314235029	0.10507811263146591	0.14145524453249772	1.0256477818585918	54	exploratory_descriptive_not_primary
exploratory_post_primary	loss_demean	C1	S2	sub-002	retained_ER	0.09668212116715087	0.09142348612079258	0.1364359106646451	1.057519520087107	54	exploratory_descriptive_not_primary
exploratory_post_primary	loss_demean	C1	S2	sub-004	retained_ER	0.11853096247883961	0.09142348612079258	0.1364359106646451	1.2965045144114444	54	exploratory_descriptive_not_primary
exploratory_post_primary	loss_demean	C1	S2	sub-006	retained_ER	0.07353779438517878	0.09142348612079258	0.1364359106646451	0.8043643652793718	54	exploratory_descriptive_not_primary
exploratory_post_primary	loss_demean	C1	S2	sub-008	retained_ER	0.09165752546447632	0.09142348612079258	0.1364359106646451	1.0025599477072502	54	exploratory_descriptive_not_primary
exploratory_post_primary	loss_demean	C1	S2	sub-010	retained_ER	0.09142348612079258	0.09142348612079258	0.1364359106646451	1.0	54	exploratory_descriptive_not_primary
exploratory_post_primary	loss_demean	C1	S2	sub-014	retained_ER	0.07328881917934738	0.09142348612079258	0.1364359106646451	0.8016410474931472	54	exploratory_descriptive_not_primary
exploratory_post_primary	loss_demean	C1	S2	sub-016	frozen_excluded_ER	0.18444431145128384	0.09142348612079258	0.1364359106646451	2.017471869401132	54	exploratory_descriptive_not_primary
exploratory_post_primary	loss_demean	C1	S2	sub-018	frozen_excluded_ER	0.0897485338232686	0.09142348612079258	0.1364359106646451	0.9816791902322455	54	exploratory_descriptive_not_primary
exploratory_post_primary	loss_demean	C1	S2	sub-020	retained_ER	0.09003131543224571	0.09142348612079258	0.1364359106646451	0.984772286120139	54	exploratory_descriptive_not_primary
exploratory_post_primary	loss_demean	C1	S2	sub-022	retained_ER	0.13007673443682036	0.09142348612079258	0.1364359106646451	1.4227934194607004	54	exploratory_descriptive_not_primary
exploratory_post_primary	loss_demean	C1	S2	sub-024	retained_ER	0.1334842263739378	0.09142348612079258	0.1364359106646451	1.4600649355852915	54	exploratory_descriptive_not_primary
exploratory_post_primary	loss_demean	C1	S2	sub-026	retained_ER	0.12856240797705998	0.09142348612079258	0.1364359106646451	1.406229552515618	54	exploratory_descriptive_not_primary
exploratory_post_primary	loss_demean	C1	S2	sub-030	frozen_excluded_ER	0.1752435580410434	0.09142348612079258	0.1364359106646451	1.9168330313887199	54	exploratory_descriptive_not_primary
exploratory_post_primary	loss_demean	C1	S2	sub-032	retained_ER	0.21215914974556396	0.09142348612079258	0.1364359106646451	2.3206197744991948	54	exploratory_descriptive_not_primary
exploratory_post_primary	loss_demean	C1	S2	sub-036	retained_ER	0.11815631480155599	0.09142348612079258	0.1364359106646451	1.292406577511635	54	exploratory_descriptive_not_primary
exploratory_post_primary	loss_demean	C1	S2	sub-038	retained_ER	0.09711439940381827	0.09142348612079258	0.1364359106646451	1.0622478262916666	54	exploratory_descriptive_not_primary
exploratory_post_primary	loss_demean	C1	S2	sub-040	retained_ER	0.11215553715834427	0.09142348612079258	0.1364359106646451	1.2267694212640243	54	exploratory_descriptive_not_primary
exploratory_post_primary	loss_demean	C1	S2	sub-044	retained_ER	0.07222457005491123	0.09142348612079258	0.1364359106646451	0.7900001752228641	54	exploratory_descriptive_not_primary
exploratory_post_primary	loss_demean	C1	S2	sub-046	retained_ER	0.0885178799287281	0.09142348612079258	0.1364359106646451	0.9682181645510053	54	exploratory_descriptive_not_primary
exploratory_post_primary	loss_demean	C1	S2	sub-050	retained_ER	0.06878807449807348	0.09142348612079258	0.1364359106646451	0.7524114143622543	54	exploratory_descriptive_not_primary
exploratory_post_primary	loss_demean	C1	S2	sub-052	retained_ER	0.08096989823991632	0.09142348612079258	0.1364359106646451	0.8856575227610054	54	exploratory_descriptive_not_primary
exploratory_post_primary	loss_demean	C1	S2	sub-054	retained_ER	0.07897241804087625	0.09142348612079258	0.1364359106646451	0.863808867849718	54	exploratory_descriptive_not_primary
exploratory_post_primary	loss_demean	C1	S2	sub-056	retained_ER	0.06759898012336192	0.09142348612079258	0.1364359106646451	0.7394049712132754	54	exploratory_descriptive_not_primary
exploratory_post_primary	loss_demean	C1	S2	sub-058	retained_ER	0.10087557651500136	0.09142348612079258	0.1364359106646451	1.1033879891838763	54	exploratory_descriptive_not_primary
exploratory_post_primary	loss_demean	C1	S2	sub-060	retained_ER	0.0859542207368598	0.09142348612079258	0.1364359106646451	0.9401765824516191	54	exploratory_descriptive_not_primary
exploratory_post_primary	loss_demean	C1	S2	sub-062	retained_ER	0.072979836289453	0.09142348612079258	0.1364359106646451	0.7982613591547904	54	exploratory_descriptive_not_primary
exploratory_post_primary	loss_demean	C1	S2	sub-064	retained_ER	0.07498103372660139	0.09142348612079258	0.1364359106646451	0.8201506736193944	54	exploratory_descriptive_not_primary
exploratory_post_primary	loss_demean	C1	S2	sub-066	retained_ER	0.07374879323486251	0.09142348612079258	0.1364359106646451	0.8066722935660371	54	exploratory_descriptive_not_primary
exploratory_post_primary	loss_demean	C1	S2	sub-068	retained_ER	0.09252476073208024	0.09142348612079258	0.1364359106646451	1.0120458610584222	54	exploratory_descriptive_not_primary
exploratory_post_primary	loss_demean	C1	S2	sub-070	retained_ER	0.08072068499536604	0.09142348612079258	0.1364359106646451	0.8829316012814743	54	exploratory_descriptive_not_primary
exploratory_post_primary	loss_demean	C1	S2	sub-072	retained_ER	0.0947140903129388	0.09142348612079258	0.1364359106646451	1.0359929853013758	54	exploratory_descriptive_not_primary
exploratory_post_primary	loss_demean	C1	S2	sub-074	retained_ER	0.07996324400800237	0.09142348612079258	0.1364359106646451	0.8746466296674745	54	exploratory_descriptive_not_primary
exploratory_post_primary	loss_demean	C1	S2	sub-076	retained_ER	0.12133453081890841	0.09142348612079258	0.1364359106646451	1.327170248776076	54	exploratory_descriptive_not_primary
exploratory_post_primary	loss_demean	C1	S2	sub-080	retained_ER	0.10751688667004622	0.09142348612079258	0.1364359106646451	1.176031359469167	54	exploratory_descriptive_not_primary
exploratory_post_primary	loss_demean	C1	S2	sub-082	retained_ER	0.13840370019178336	0.09142348612079258	0.1364359106646451	1.5138746733953956	54	exploratory_descriptive_not_primary
exploratory_post_primary	loss_demean	C1	S2	sub-084	retained_ER	0.07705447632986476	0.09142348612079258	0.1364359106646451	0.8428302135411585	54	exploratory_descriptive_not_primary
exploratory_post_primary	loss_demean	C1	S2	sub-088	frozen_excluded_ER	0.13288117999646293	0.09142348612079258	0.1364359106646451	1.453468748948106	54	exploratory_descriptive_not_primary
exploratory_post_primary	loss_demean	C1	S2	sub-090	retained_ER	0.08688416095489312	0.09142348612079258	0.1364359106646451	0.9503483693467791	54	exploratory_descriptive_not_primary
exploratory_post_primary	loss_demean	C1	S2	sub-092	retained_ER	0.06819254018174063	0.09142348612079258	0.1364359106646451	0.7458973954640251	54	exploratory_descriptive_not_primary
exploratory_post_primary	loss_demean	C1	S2	sub-094	retained_ER	0.08351164491125307	0.09142348612079258	0.1364359106646451	0.9134594233358586	54	exploratory_descriptive_not_primary
exploratory_post_primary	loss_demean	C1	S2	sub-096	retained_ER	0.08728315338494667	0.09142348612079258	0.1364359106646451	0.9547125917909592	54	exploratory_descriptive_not_primary
exploratory_post_primary	loss_demean	C1	S2	sub-098	retained_ER	0.10025458585433039	0.09142348612079258	0.1364359106646451	1.0965955260322253	54	exploratory_descriptive_not_primary
exploratory_post_primary	loss_demean	C1	S2	sub-100	frozen_excluded_ER	0.12227799406392285	0.09142348612079258	0.1364359106646451	1.3374899520060304	54	exploratory_descriptive_not_primary
exploratory_post_primary	loss_demean	C1	S2	sub-102	retained_ER	0.08666557341314272	0.09142348612079258	0.1364359106646451	0.9479574351237985	54	exploratory_descriptive_not_primary
exploratory_post_primary	loss_demean	C1	S2	sub-104	retained_ER	0.07832395818072531	0.09142348612079258	0.1364359106646451	0.856715943616943	54	exploratory_descriptive_not_primary
exploratory_post_primary	loss_demean	C1	S2	sub-106	retained_ER	0.07822974362107245	0.09142348612079258	0.1364359106646451	0.8556854145521425	54	exploratory_descriptive_not_primary
exploratory_post_primary	loss_demean	C1	S2	sub-108	retained_ER	0.1320317716864775	0.09142348612079258	0.1364359106646451	1.4441778287915157	54	exploratory_descriptive_not_primary
exploratory_post_primary	loss_demean	C1	S2	sub-110	retained_ER	0.2144144130783427	0.09142348612079258	0.1364359106646451	2.3452880892667918	54	exploratory_descriptive_not_primary
exploratory_post_primary	loss_demean	C1	S2	sub-112	retained_ER	0.08473895123783419	0.09142348612079258	0.1364359106646451	0.9268838329559376	54	exploratory_descriptive_not_primary
exploratory_post_primary	loss_demean	C1	S2	sub-114	retained_ER	0.11008410475449013	0.09142348612079258	0.1364359106646451	1.2041118691212709	54	exploratory_descriptive_not_primary
exploratory_post_primary	loss_demean	C1	S2	sub-116	retained_ER	0.11182943882914338	0.09142348612079258	0.1364359106646451	1.223202522395499	54	exploratory_descriptive_not_primary
exploratory_post_primary	loss_demean	C1	S2	sub-118	retained_ER	0.09627832982160012	0.09142348612079258	0.1364359106646451	1.0531028065850947	54	exploratory_descriptive_not_primary
exploratory_post_primary	loss_demean	C1	S2	sub-120	retained_ER	0.12737131589360576	0.09142348612079258	0.1364359106646451	1.393201258211893	54	exploratory_descriptive_not_primary
exploratory_post_primary	loss_demean	C1	S2	sub-124	retained_ER	0.10210408871987219	0.09142348612079258	0.1364359106646451	1.1168255888313856	54	exploratory_descriptive_not_primary
exploratory_post_primary	loss_demean	C2	S0	sub-002	retained_ER	0.1368373776736454	0.12585086116518124	0.1505265775223911	1.0872979048911249	54	exploratory_descriptive_not_primary
exploratory_post_primary	loss_demean	C2	S0	sub-004	retained_ER	0.14069102626964844	0.12585086116518124	0.1505265775223911	1.1179186615575816	54	exploratory_descriptive_not_primary
exploratory_post_primary	loss_demean	C2	S0	sub-006	retained_ER	0.11498432715136393	0.12585086116518124	0.1505265775223911	0.913655465578779	54	exploratory_descriptive_not_primary
exploratory_post_primary	loss_demean	C2	S0	sub-008	retained_ER	0.1372069473353141	0.12585086116518124	0.1505265775223911	1.0902344732884095	54	exploratory_descriptive_not_primary
exploratory_post_primary	loss_demean	C2	S0	sub-010	retained_ER	0.11896432945421649	0.12585086116518124	0.1505265775223911	0.9452802178133206	54	exploratory_descriptive_not_primary
exploratory_post_primary	loss_demean	C2	S0	sub-014	retained_ER	0.11040201030983623	0.12585086116518124	0.1505265775223911	0.8772447743915861	54	exploratory_descriptive_not_primary
exploratory_post_primary	loss_demean	C2	S0	sub-016	frozen_excluded_ER	0.17361773476156292	0.12585086116518124	0.1505265775223911	1.3795514242344906	54	exploratory_descriptive_not_primary
exploratory_post_primary	loss_demean	C2	S0	sub-018	frozen_excluded_ER	0.13326848654263604	0.12585086116518124	0.1505265775223911	1.0589398062816515	54	exploratory_descriptive_not_primary
exploratory_post_primary	loss_demean	C2	S0	sub-020	retained_ER	0.13509505563454394	0.12585086116518124	0.1505265775223911	1.0734535654645188	54	exploratory_descriptive_not_primary
exploratory_post_primary	loss_demean	C2	S0	sub-022	retained_ER	0.15336845020891687	0.12585086116518124	0.1505265775223911	1.2186523698683187	54	exploratory_descriptive_not_primary
exploratory_post_primary	loss_demean	C2	S0	sub-024	retained_ER	0.1276456750647442	0.12585086116518124	0.1505265775223911	1.01426143518563	54	exploratory_descriptive_not_primary
exploratory_post_primary	loss_demean	C2	S0	sub-026	retained_ER	0.15246803720186006	0.12585086116518124	0.1505265775223911	1.2114977664057727	54	exploratory_descriptive_not_primary
exploratory_post_primary	loss_demean	C2	S0	sub-030	frozen_excluded_ER	0.25005248796434465	0.12585086116518124	0.1505265775223911	1.9868953271296794	54	exploratory_descriptive_not_primary
exploratory_post_primary	loss_demean	C2	S0	sub-032	retained_ER	0.1476143880031877	0.12585086116518124	0.1505265775223911	1.1729310919012426	54	exploratory_descriptive_not_primary
exploratory_post_primary	loss_demean	C2	S0	sub-036	retained_ER	0.12100786911983395	0.12585086116518124	0.1505265775223911	0.9615180063091441	54	exploratory_descriptive_not_primary
exploratory_post_primary	loss_demean	C2	S0	sub-038	retained_ER	0.13696604196388346	0.12585086116518124	0.1505265775223911	1.0883202601539084	54	exploratory_descriptive_not_primary
exploratory_post_primary	loss_demean	C2	S0	sub-040	retained_ER	0.13326004593407695	0.12585086116518124	0.1505265775223911	1.0588727379399576	54	exploratory_descriptive_not_primary
exploratory_post_primary	loss_demean	C2	S0	sub-044	retained_ER	0.12098804149659524	0.12585086116518124	0.1505265775223911	0.9613604577389148	54	exploratory_descriptive_not_primary
exploratory_post_primary	loss_demean	C2	S0	sub-046	retained_ER	0.11920206835746594	0.12585086116518124	0.1505265775223911	0.9471692704669803	54	exploratory_descriptive_not_primary
exploratory_post_primary	loss_demean	C2	S0	sub-050	retained_ER	0.12716000178046843	0.12585086116518124	0.1505265775223911	1.0104023174983994	54	exploratory_descriptive_not_primary
exploratory_post_primary	loss_demean	C2	S0	sub-052	retained_ER	0.12585086116518124	0.12585086116518124	0.1505265775223911	1.0	54	exploratory_descriptive_not_primary
exploratory_post_primary	loss_demean	C2	S0	sub-054	retained_ER	0.11372851579330595	0.12585086116518124	0.1505265775223911	0.9036768977213074	54	exploratory_descriptive_not_primary
exploratory_post_primary	loss_demean	C2	S0	sub-056	retained_ER	0.11828316223423256	0.12585086116518124	0.1505265775223911	0.9398677223112843	54	exploratory_descriptive_not_primary
exploratory_post_primary	loss_demean	C2	S0	sub-058	retained_ER	0.11964875085150323	0.12585086116518124	0.1505265775223911	0.950718570725252	54	exploratory_descriptive_not_primary
exploratory_post_primary	loss_demean	C2	S0	sub-060	retained_ER	0.12814330079215092	0.12585086116518124	0.1505265775223911	1.0182155259467063	54	exploratory_descriptive_not_primary
exploratory_post_primary	loss_demean	C2	S0	sub-062	retained_ER	0.1146302743052819	0.12585086116518124	0.1505265775223911	0.9108421924489485	54	exploratory_descriptive_not_primary
exploratory_post_primary	loss_demean	C2	S0	sub-064	retained_ER	0.13096224614903101	0.12585086116518124	0.1505265775223911	1.040614620643247	54	exploratory_descriptive_not_primary
exploratory_post_primary	loss_demean	C2	S0	sub-066	retained_ER	0.13084365782938137	0.12585086116518124	0.1505265775223911	1.0396723281666465	54	exploratory_descriptive_not_primary
exploratory_post_primary	loss_demean	C2	S0	sub-068	retained_ER	0.12520222098542336	0.12585086116518124	0.1505265775223911	0.9948459615313515	54	exploratory_descriptive_not_primary
exploratory_post_primary	loss_demean	C2	S0	sub-070	retained_ER	0.12075343916839616	0.12585086116518124	0.1505265775223911	0.9594963280378779	54	exploratory_descriptive_not_primary
exploratory_post_primary	loss_demean	C2	S0	sub-072	retained_ER	0.13992411146556083	0.12585086116518124	0.1505265775223911	1.1118248232080687	54	exploratory_descriptive_not_primary
exploratory_post_primary	loss_demean	C2	S0	sub-074	retained_ER	0.1212518473129763	0.12585086116518124	0.1505265775223911	0.9634566358177823	54	exploratory_descriptive_not_primary
exploratory_post_primary	loss_demean	C2	S0	sub-076	retained_ER	0.13737886599765944	0.12585086116518124	0.1505265775223911	1.09160052403096	54	exploratory_descriptive_not_primary
exploratory_post_primary	loss_demean	C2	S0	sub-080	retained_ER	0.12617578018996195	0.12585086116518124	0.1505265775223911	1.0025817783189759	54	exploratory_descriptive_not_primary
exploratory_post_primary	loss_demean	C2	S0	sub-082	retained_ER	0.13545932625105428	0.12585086116518124	0.1505265775223911	1.0763480281097304	54	exploratory_descriptive_not_primary
exploratory_post_primary	loss_demean	C2	S0	sub-084	retained_ER	0.12524132528768742	0.12585086116518124	0.1505265775223911	0.9951566809169959	54	exploratory_descriptive_not_primary
exploratory_post_primary	loss_demean	C2	S0	sub-088	frozen_excluded_ER	0.15674880596133853	0.12585086116518124	0.1505265775223911	1.2455123827528145	54	exploratory_descriptive_not_primary
exploratory_post_primary	loss_demean	C2	S0	sub-090	retained_ER	0.12113065661143328	0.12585086116518124	0.1505265775223911	0.9624936650409359	54	exploratory_descriptive_not_primary
exploratory_post_primary	loss_demean	C2	S0	sub-092	retained_ER	0.10618924691414813	0.12585086116518124	0.1505265775223911	0.8437705227521095	54	exploratory_descriptive_not_primary
exploratory_post_primary	loss_demean	C2	S0	sub-094	retained_ER	0.11523044523702898	0.12585086116518124	0.1505265775223911	0.9156110984873373	54	exploratory_descriptive_not_primary
exploratory_post_primary	loss_demean	C2	S0	sub-096	retained_ER	0.12393518933181702	0.12585086116518124	0.1505265775223911	0.9847782381810652	54	exploratory_descriptive_not_primary
exploratory_post_primary	loss_demean	C2	S0	sub-098	retained_ER	0.13126033827500544	0.12585086116518124	0.1505265775223911	1.0429832347569252	54	exploratory_descriptive_not_primary
exploratory_post_primary	loss_demean	C2	S0	sub-100	frozen_excluded_ER	0.15506498650600814	0.12585086116518124	0.1505265775223911	1.2321328997700136	54	exploratory_descriptive_not_primary
exploratory_post_primary	loss_demean	C2	S0	sub-102	retained_ER	0.11058863583614184	0.12585086116518124	0.1505265775223911	0.8787276845963932	54	exploratory_descriptive_not_primary
exploratory_post_primary	loss_demean	C2	S0	sub-104	retained_ER	0.11759591540630149	0.12585086116518124	0.1505265775223911	0.9344069187731262	54	exploratory_descriptive_not_primary
exploratory_post_primary	loss_demean	C2	S0	sub-106	retained_ER	0.12643970360419293	0.12585086116518124	0.1505265775223911	1.0046788908201338	54	exploratory_descriptive_not_primary
exploratory_post_primary	loss_demean	C2	S0	sub-108	retained_ER	0.12850651920133976	0.12585086116518124	0.1505265775223911	1.0211016278440315	54	exploratory_descriptive_not_primary
exploratory_post_primary	loss_demean	C2	S0	sub-110	retained_ER	0.15770685054595399	0.12585086116518124	0.1505265775223911	1.2531249217195364	54	exploratory_descriptive_not_primary
exploratory_post_primary	loss_demean	C2	S0	sub-112	retained_ER	0.11605511887617494	0.12585086116518124	0.1505265775223911	0.9221638835180537	54	exploratory_descriptive_not_primary
exploratory_post_primary	loss_demean	C2	S0	sub-114	retained_ER	0.12448649103132395	0.12585086116518124	0.1505265775223911	0.9891588335492871	54	exploratory_descriptive_not_primary
exploratory_post_primary	loss_demean	C2	S0	sub-116	retained_ER	0.1438615637088377	0.12585086116518124	0.1505265775223911	1.143111476368979	54	exploratory_descriptive_not_primary
exploratory_post_primary	loss_demean	C2	S0	sub-118	retained_ER	0.11876640926347357	0.12585086116518124	0.1505265775223911	0.9437075611869734	54	exploratory_descriptive_not_primary
exploratory_post_primary	loss_demean	C2	S0	sub-120	retained_ER	0.13896828756905996	0.12585086116518124	0.1505265775223911	1.104229929636015	54	exploratory_descriptive_not_primary
exploratory_post_primary	loss_demean	C2	S0	sub-124	retained_ER	0.12548830805594852	0.12585086116518124	0.1505265775223911	0.9971191845182779	54	exploratory_descriptive_not_primary
exploratory_post_primary	loss_demean	C2	S1	sub-002	retained_ER	0.10396884702857309	0.10222050461861516	0.13695641725044874	1.0171036370489561	54	exploratory_descriptive_not_primary
exploratory_post_primary	loss_demean	C2	S1	sub-004	retained_ER	0.11535679476578548	0.10222050461861516	0.13695641725044874	1.1285093455190993	54	exploratory_descriptive_not_primary
exploratory_post_primary	loss_demean	C2	S1	sub-006	retained_ER	0.09077910878583988	0.10222050461861516	0.13695641725044874	0.8880714209398286	54	exploratory_descriptive_not_primary
exploratory_post_primary	loss_demean	C2	S1	sub-008	retained_ER	0.10850358768560178	0.10222050461861516	0.13695641725044874	1.0614659758375173	54	exploratory_descriptive_not_primary
exploratory_post_primary	loss_demean	C2	S1	sub-010	retained_ER	0.10530772202074894	0.10222050461861516	0.13695641725044874	1.030201547269329	54	exploratory_descriptive_not_primary
exploratory_post_primary	loss_demean	C2	S1	sub-014	retained_ER	0.09007626823502712	0.10222050461861516	0.13695641725044874	0.8811956913253539	54	exploratory_descriptive_not_primary
exploratory_post_primary	loss_demean	C2	S1	sub-016	frozen_excluded_ER	0.14866006004095494	0.10222050461861516	0.13695641725044874	1.4543076322662056	54	exploratory_descriptive_not_primary
exploratory_post_primary	loss_demean	C2	S1	sub-018	frozen_excluded_ER	0.11147869744680922	0.10222050461861516	0.13695641725044874	1.0905707994960148	54	exploratory_descriptive_not_primary
exploratory_post_primary	loss_demean	C2	S1	sub-020	retained_ER	0.10609156179365817	0.10222050461861516	0.13695641725044874	1.0378696738925905	54	exploratory_descriptive_not_primary
exploratory_post_primary	loss_demean	C2	S1	sub-022	retained_ER	0.1498093620854075	0.10222050461861516	0.13695641725044874	1.4655509933583915	54	exploratory_descriptive_not_primary
exploratory_post_primary	loss_demean	C2	S1	sub-024	retained_ER	0.1168139860940714	0.10222050461861516	0.13695641725044874	1.1427647176063602	54	exploratory_descriptive_not_primary
exploratory_post_primary	loss_demean	C2	S1	sub-026	retained_ER	0.11323007552464272	0.10222050461861516	0.13695641725044874	1.1077041337949198	54	exploratory_descriptive_not_primary
exploratory_post_primary	loss_demean	C2	S1	sub-030	frozen_excluded_ER	0.21162386782835696	0.10222050461861516	0.13695641725044874	2.0702682756060136	54	exploratory_descriptive_not_primary
exploratory_post_primary	loss_demean	C2	S1	sub-032	retained_ER	0.13593340139191076	0.10222050461861516	0.13695641725044874	1.3298056187364606	54	exploratory_descriptive_not_primary
exploratory_post_primary	loss_demean	C2	S1	sub-036	retained_ER	0.10457578769515415	0.10222050461861516	0.13695641725044874	1.0230411998583508	54	exploratory_descriptive_not_primary
exploratory_post_primary	loss_demean	C2	S1	sub-038	retained_ER	0.10499024363774365	0.10222050461861516	0.13695641725044874	1.0270957282930895	54	exploratory_descriptive_not_primary
exploratory_post_primary	loss_demean	C2	S1	sub-040	retained_ER	0.11280954767033825	0.10222050461861516	0.13695641725044874	1.10359020522576	54	exploratory_descriptive_not_primary
exploratory_post_primary	loss_demean	C2	S1	sub-044	retained_ER	0.08657506644633262	0.10222050461861516	0.13695641725044874	0.8469442287469066	54	exploratory_descriptive_not_primary
exploratory_post_primary	loss_demean	C2	S1	sub-046	retained_ER	0.10126268905054922	0.10222050461861516	0.13695641725044874	0.9906299076526813	54	exploratory_descriptive_not_primary
exploratory_post_primary	loss_demean	C2	S1	sub-050	retained_ER	0.08771720175494771	0.10222050461861516	0.13695641725044874	0.858117479288727	54	exploratory_descriptive_not_primary
exploratory_post_primary	loss_demean	C2	S1	sub-052	retained_ER	0.09748096064739976	0.10222050461861516	0.13695641725044874	0.9536341168643352	54	exploratory_descriptive_not_primary
exploratory_post_primary	loss_demean	C2	S1	sub-054	retained_ER	0.09429133301796054	0.10222050461861516	0.13695641725044874	0.9224307135810141	54	exploratory_descriptive_not_primary
exploratory_post_primary	loss_demean	C2	S1	sub-056	retained_ER	0.08788417751023947	0.10222050461861516	0.13695641725044874	0.8597509652112896	54	exploratory_descriptive_not_primary
exploratory_post_primary	loss_demean	C2	S1	sub-058	retained_ER	0.09705781230163693	0.10222050461861516	0.13695641725044874	0.9494945526219006	54	exploratory_descriptive_not_primary
exploratory_post_primary	loss_demean	C2	S1	sub-060	retained_ER	0.09845985295812287	0.10222050461861516	0.13695641725044874	0.9632103982021681	54	exploratory_descriptive_not_primary
exploratory_post_primary	loss_demean	C2	S1	sub-062	retained_ER	0.0859094978476006	0.10222050461861516	0.13695641725044874	0.8404331221815922	54	exploratory_descriptive_not_primary
exploratory_post_primary	loss_demean	C2	S1	sub-064	retained_ER	0.09559857108405222	0.10222050461861516	0.13695641725044874	0.9352191269328068	54	exploratory_descriptive_not_primary
exploratory_post_primary	loss_demean	C2	S1	sub-066	retained_ER	0.09397539171590757	0.10222050461861516	0.13695641725044874	0.9193399315189246	54	exploratory_descriptive_not_primary
exploratory_post_primary	loss_demean	C2	S1	sub-068	retained_ER	0.10222050461861516	0.10222050461861516	0.13695641725044874	1.0	54	exploratory_descriptive_not_primary
exploratory_post_primary	loss_demean	C2	S1	sub-070	retained_ER	0.09249741188913083	0.10222050461861516	0.13695641725044874	0.9048811902684182	54	exploratory_descriptive_not_primary
exploratory_post_primary	loss_demean	C2	S1	sub-072	retained_ER	0.11310713937567604	0.10222050461861516	0.13695641725044874	1.1065014773472204	54	exploratory_descriptive_not_primary
exploratory_post_primary	loss_demean	C2	S1	sub-074	retained_ER	0.09457308013593657	0.10222050461861516	0.13695641725044874	0.9251869816998933	54	exploratory_descriptive_not_primary
exploratory_post_primary	loss_demean	C2	S1	sub-076	retained_ER	0.13193277126786307	0.10222050461861516	0.13695641725044874	1.2906683620874737	54	exploratory_descriptive_not_primary
exploratory_post_primary	loss_demean	C2	S1	sub-080	retained_ER	0.11924758833096258	0.10222050461861516	0.13695641725044874	1.1665720960376345	54	exploratory_descriptive_not_primary
exploratory_post_primary	loss_demean	C2	S1	sub-082	retained_ER	0.13669223745758774	0.10222050461861516	0.13695641725044874	1.3372291397659075	54	exploratory_descriptive_not_primary
exploratory_post_primary	loss_demean	C2	S1	sub-084	retained_ER	0.0974578040231892	0.10222050461861516	0.13695641725044874	0.9534075808645671	54	exploratory_descriptive_not_primary
exploratory_post_primary	loss_demean	C2	S1	sub-088	frozen_excluded_ER	0.13907403875522661	0.10222050461861516	0.13695641725044874	1.3605297613635545	54	exploratory_descriptive_not_primary
exploratory_post_primary	loss_demean	C2	S1	sub-090	retained_ER	0.10065945241951368	0.10222050461861516	0.13695641725044874	0.9847285805824794	54	exploratory_descriptive_not_primary
exploratory_post_primary	loss_demean	C2	S1	sub-092	retained_ER	0.08148998546583522	0.10222050461861516	0.13695641725044874	0.797198035461422	54	exploratory_descriptive_not_primary
exploratory_post_primary	loss_demean	C2	S1	sub-094	retained_ER	0.09299478669172222	0.10222050461861516	0.13695641725044874	0.9097468950939529	54	exploratory_descriptive_not_primary
exploratory_post_primary	loss_demean	C2	S1	sub-096	retained_ER	0.10206574975295697	0.10222050461861516	0.13695641725044874	0.9984860682674618	54	exploratory_descriptive_not_primary
exploratory_post_primary	loss_demean	C2	S1	sub-098	retained_ER	0.10950630982023613	0.10222050461861516	0.13695641725044874	1.071275378935022	54	exploratory_descriptive_not_primary
exploratory_post_primary	loss_demean	C2	S1	sub-100	frozen_excluded_ER	0.13912168642862627	0.10222050461861516	0.13695641725044874	1.3609958877398372	54	exploratory_descriptive_not_primary
exploratory_post_primary	loss_demean	C2	S1	sub-102	retained_ER	0.09575166377534902	0.10222050461861516	0.13695641725044874	0.9367167979907614	54	exploratory_descriptive_not_primary
exploratory_post_primary	loss_demean	C2	S1	sub-104	retained_ER	0.09374423009734617	0.10222050461861516	0.13695641725044874	0.9170785298615578	54	exploratory_descriptive_not_primary
exploratory_post_primary	loss_demean	C2	S1	sub-106	retained_ER	0.09602042797318762	0.10222050461861516	0.13695641725044874	0.9393460571481227	54	exploratory_descriptive_not_primary
exploratory_post_primary	loss_demean	C2	S1	sub-108	retained_ER	0.12148500753270083	0.10222050461861516	0.13695641725044874	1.1884602603554106	54	exploratory_descriptive_not_primary
exploratory_post_primary	loss_demean	C2	S1	sub-110	retained_ER	0.17308049544630894	0.10222050461861516	0.13695641725044874	1.6932072101587885	54	exploratory_descriptive_not_primary
exploratory_post_primary	loss_demean	C2	S1	sub-112	retained_ER	0.08708897469904645	0.10222050461861516	0.13695641725044874	0.851971676563088	54	exploratory_descriptive_not_primary
exploratory_post_primary	loss_demean	C2	S1	sub-114	retained_ER	0.10370946671595473	0.10222050461861516	0.13695641725044874	1.014566178311239	54	exploratory_descriptive_not_primary
exploratory_post_primary	loss_demean	C2	S1	sub-116	retained_ER	0.12405678105261374	0.10222050461861516	0.13695641725044874	1.213619337093568	54	exploratory_descriptive_not_primary
exploratory_post_primary	loss_demean	C2	S1	sub-118	retained_ER	0.10568843246015897	0.10222050461861516	0.13695641725044874	1.033925951104259	54	exploratory_descriptive_not_primary
exploratory_post_primary	loss_demean	C2	S1	sub-120	retained_ER	0.1371325371123561	0.10222050461861516	0.13695641725044874	1.3415364913722327	54	exploratory_descriptive_not_primary
exploratory_post_primary	loss_demean	C2	S1	sub-124	retained_ER	0.1040494476041746	0.10222050461861516	0.13695641725044874	1.0178921341895466	54	exploratory_descriptive_not_primary
exploratory_post_primary	loss_demean	C2	S2	sub-002	retained_ER	0.08377216056135967	0.0878785644368774	0.13255589075529747	0.9532718370875604	54	exploratory_descriptive_not_primary
exploratory_post_primary	loss_demean	C2	S2	sub-004	retained_ER	0.10311016218087281	0.0878785644368774	0.13255589075529747	1.1733255184765354	54	exploratory_descriptive_not_primary
exploratory_post_primary	loss_demean	C2	S2	sub-006	retained_ER	0.07682453442992955	0.0878785644368774	0.13255589075529747	0.8742124421605921	54	exploratory_descriptive_not_primary
exploratory_post_primary	loss_demean	C2	S2	sub-008	retained_ER	0.09077132530711772	0.0878785644368774	0.13255589075529747	1.0329177073928895	54	exploratory_descriptive_not_primary
exploratory_post_primary	loss_demean	C2	S2	sub-010	retained_ER	0.09103439877226337	0.0878785644368774	0.13255589075529747	1.0359113096078485	54	exploratory_descriptive_not_primary
exploratory_post_primary	loss_demean	C2	S2	sub-014	retained_ER	0.07434455888603461	0.0878785644368774	0.13255589075529747	0.8459919590452097	54	exploratory_descriptive_not_primary
exploratory_post_primary	loss_demean	C2	S2	sub-016	frozen_excluded_ER	0.14109597046381475	0.0878785644368774	0.13255589075529747	1.6055789186811655	54	exploratory_descriptive_not_primary
exploratory_post_primary	loss_demean	C2	S2	sub-018	frozen_excluded_ER	0.09640514434139706	0.0878785644368774	0.13255589075529747	1.0970268456153975	54	exploratory_descriptive_not_primary
exploratory_post_primary	loss_demean	C2	S2	sub-020	retained_ER	0.08799329237976265	0.0878785644368774	0.13255589075529747	1.0013055281867702	54	exploratory_descriptive_not_primary
exploratory_post_primary	loss_demean	C2	S2	sub-022	retained_ER	0.1390900819623283	0.0878785644368774	0.13255589075529747	1.5827532328687026	54	exploratory_descriptive_not_primary
exploratory_post_primary	loss_demean	C2	S2	sub-024	retained_ER	0.10692006782761297	0.0878785644368774	0.13255589075529747	1.216679727448358	54	exploratory_descriptive_not_primary
exploratory_post_primary	loss_demean	C2	S2	sub-026	retained_ER	0.09759888902054564	0.0878785644368774	0.13255589075529747	1.1106108713308611	54	exploratory_descriptive_not_primary
exploratory_post_primary	loss_demean	C2	S2	sub-030	frozen_excluded_ER	0.21333617077328607	0.0878785644368774	0.13255589075529747	2.4276246675208726	54	exploratory_descriptive_not_primary
exploratory_post_primary	loss_demean	C2	S2	sub-032	retained_ER	0.12900038959119067	0.0878785644368774	0.13255589075529747	1.4679392001658245	54	exploratory_descriptive_not_primary
exploratory_post_primary	loss_demean	C2	S2	sub-036	retained_ER	0.09429532756674983	0.0878785644368774	0.13255589075529747	1.0730185247220503	54	exploratory_descriptive_not_primary
exploratory_post_primary	loss_demean	C2	S2	sub-038	retained_ER	0.08612752632357505	0.0878785644368774	0.13255589075529747	0.9800743432198405	54	exploratory_descriptive_not_primary
exploratory_post_primary	loss_demean	C2	S2	sub-040	retained_ER	0.09754275398978408	0.0878785644368774	0.13255589075529747	1.1099720917704385	54	exploratory_descriptive_not_primary
exploratory_post_primary	loss_demean	C2	S2	sub-044	retained_ER	0.07040939425070705	0.0878785644368774	0.13255589075529747	0.8012123855446189	54	exploratory_descriptive_not_primary
exploratory_post_primary	loss_demean	C2	S2	sub-046	retained_ER	0.09129837016118143	0.0878785644368774	0.13255589075529747	1.0389151296020596	54	exploratory_descriptive_not_primary
exploratory_post_primary	loss_demean	C2	S2	sub-050	retained_ER	0.0682561775545092	0.0878785644368774	0.13255589075529747	0.7767102022193042	54	exploratory_descriptive_not_primary
exploratory_post_primary	loss_demean	C2	S2	sub-052	retained_ER	0.08240635208847286	0.0878785644368774	0.13255589075529747	0.9377298390856714	54	exploratory_descriptive_not_primary
exploratory_post_primary	loss_demean	C2	S2	sub-054	retained_ER	0.08133650970404968	0.0878785644368774	0.13255589075529747	0.9255557396192238	54	exploratory_descriptive_not_primary
exploratory_post_primary	loss_demean	C2	S2	sub-056	retained_ER	0.06847457812733126	0.0878785644368774	0.13255589075529747	0.7791954564359789	54	exploratory_descriptive_not_primary
exploratory_post_primary	loss_demean	C2	S2	sub-058	retained_ER	0.0830401096421578	0.0878785644368774	0.13255589075529747	0.944941581309114	54	exploratory_descriptive_not_primary
exploratory_post_primary	loss_demean	C2	S2	sub-060	retained_ER	0.0818511635631578	0.0878785644368774	0.13255589075529747	0.931412160492801	54	exploratory_descriptive_not_primary
exploratory_post_primary	loss_demean	C2	S2	sub-062	retained_ER	0.07118873882136556	0.0878785644368774	0.13255589075529747	0.8100808118286907	54	exploratory_descriptive_not_primary
exploratory_post_primary	loss_demean	C2	S2	sub-064	retained_ER	0.07982772720121589	0.0878785644368774	0.13255589075529747	0.9083867916226104	54	exploratory_descriptive_not_primary
exploratory_post_primary	loss_demean	C2	S2	sub-066	retained_ER	0.0711446442043773	0.0878785644368774	0.13255589075529747	0.8095790442216433	54	exploratory_descriptive_not_primary
exploratory_post_primary	loss_demean	C2	S2	sub-068	retained_ER	0.08854514467446345	0.0878785644368774	0.13255589075529747	1.0075852426795713	54	exploratory_descriptive_not_primary
exploratory_post_primary	loss_demean	C2	S2	sub-070	retained_ER	0.0761505285115325	0.0878785644368774	0.13255589075529747	0.8665427001397017	54	exploratory_descriptive_not_primary
exploratory_post_primary	loss_demean	C2	S2	sub-072	retained_ER	0.0924142497225808	0.0878785644368774	0.13255589075529747	1.0516131017247257	54	exploratory_descriptive_not_primary
exploratory_post_primary	loss_demean	C2	S2	sub-074	retained_ER	0.07738797602306373	0.0878785644368774	0.13255589075529747	0.8806240352122616	54	exploratory_descriptive_not_primary
exploratory_post_primary	loss_demean	C2	S2	sub-076	retained_ER	0.12028474779179743	0.0878785644368774	0.13255589075529747	1.3687609551040991	54	exploratory_descriptive_not_primary
exploratory_post_primary	loss_demean	C2	S2	sub-080	retained_ER	0.10971207417836618	0.0878785644368774	0.13255589075529747	1.2484509149802014	54	exploratory_descriptive_not_primary
exploratory_post_primary	loss_demean	C2	S2	sub-082	retained_ER	0.1342971022828893	0.0878785644368774	0.13255589075529747	1.5282122909433054	54	exploratory_descriptive_not_primary
exploratory_post_primary	loss_demean	C2	S2	sub-084	retained_ER	0.07940257334362086	0.0878785644368774	0.13255589075529747	0.9035488216316415	54	exploratory_descriptive_not_primary
exploratory_post_primary	loss_demean	C2	S2	sub-088	frozen_excluded_ER	0.12385333139165783	0.0878785644368774	0.13255589075529747	1.4093690786291901	54	exploratory_descriptive_not_primary
exploratory_post_primary	loss_demean	C2	S2	sub-090	retained_ER	0.0878785644368774	0.0878785644368774	0.13255589075529747	1.0	54	exploratory_descriptive_not_primary
exploratory_post_primary	loss_demean	C2	S2	sub-092	retained_ER	0.06500946227782202	0.0878785644368774	0.13255589075529747	0.7397647275464757	54	exploratory_descriptive_not_primary
exploratory_post_primary	loss_demean	C2	S2	sub-094	retained_ER	0.08167102597386432	0.0878785644368774	0.13255589075529747	0.9293623137474905	54	exploratory_descriptive_not_primary
exploratory_post_primary	loss_demean	C2	S2	sub-096	retained_ER	0.08719681547494505	0.0878785644368774	0.13255589075529747	0.9922421472596762	54	exploratory_descriptive_not_primary
exploratory_post_primary	loss_demean	C2	S2	sub-098	retained_ER	0.10005786752275493	0.0878785644368774	0.13255589075529747	1.138592421985066	54	exploratory_descriptive_not_primary
exploratory_post_primary	loss_demean	C2	S2	sub-100	frozen_excluded_ER	0.1284334134905833	0.0878785644368774	0.13255589075529747	1.4614873867544362	54	exploratory_descriptive_not_primary
exploratory_post_primary	loss_demean	C2	S2	sub-102	retained_ER	0.0850452986450841	0.0878785644368774	0.13255589075529747	0.9677593072901366	54	exploratory_descriptive_not_primary
exploratory_post_primary	loss_demean	C2	S2	sub-104	retained_ER	0.07967957349299627	0.0878785644368774	0.13255589075529747	0.90670090031147	54	exploratory_descriptive_not_primary
exploratory_post_primary	loss_demean	C2	S2	sub-106	retained_ER	0.0776238077783111	0.0878785644368774	0.13255589075529747	0.8833076447677723	54	exploratory_descriptive_not_primary
exploratory_post_primary	loss_demean	C2	S2	sub-108	retained_ER	0.11531316285588686	0.0878785644368774	0.13255589075529747	1.3121876033684592	54	exploratory_descriptive_not_primary
exploratory_post_primary	loss_demean	C2	S2	sub-110	retained_ER	0.18135309163747143	0.0878785644368774	0.13255589075529747	2.063678358875971	54	exploratory_descriptive_not_primary
exploratory_post_primary	loss_demean	C2	S2	sub-112	retained_ER	0.07299462322702999	0.0878785644368774	0.13255589075529747	0.8306305831777845	54	exploratory_descriptive_not_primary
exploratory_post_primary	loss_demean	C2	S2	sub-114	retained_ER	0.09184760553237815	0.0878785644368774	0.13255589075529747	1.0451650652344429	54	exploratory_descriptive_not_primary
exploratory_post_primary	loss_demean	C2	S2	sub-116	retained_ER	0.10978607829467775	0.0878785644368774	0.13255589075529747	1.249293032927687	54	exploratory_descriptive_not_primary
exploratory_post_primary	loss_demean	C2	S2	sub-118	retained_ER	0.0965606502986146	0.0878785644368774	0.13255589075529747	1.0987964006623423	54	exploratory_descriptive_not_primary
exploratory_post_primary	loss_demean	C2	S2	sub-120	retained_ER	0.12994407346390976	0.0878785644368774	0.13255589075529747	1.4786776991247705	54	exploratory_descriptive_not_primary
exploratory_post_primary	loss_demean	C2	S2	sub-124	retained_ER	0.09190173715980103	0.0878785644368774	0.13255589075529747	1.0457810473885636	54	exploratory_descriptive_not_primary
