replicate	transition	base_qc	removed_ei	removed_er	removed_subjects	rng	seed	draw_order
1	Q0_to_Q1	Q0_all	0	2	sub-026;sub-098	PCG64	20260814	replicate_major_Q0_to_Q1_then_Q1_to_Q2
1	Q1_to_Q2	Q1_lenient	0	3	sub-014;sub-022;sub-124	PCG64	20260814	replicate_major_Q0_to_Q1_then_Q1_to_Q2
2	Q0_to_Q1	Q0_all	0	2	sub-102;sub-114	PCG64	20260814	replicate_major_Q0_to_Q1_then_Q1_to_Q2
2	Q1_to_Q2	Q1_lenient	0	3	sub-044;sub-064;sub-076	PCG64	20260814	replicate_major_Q0_to_Q1_then_Q1_to_Q2
3	Q0_to_Q1	Q0_all	0	2	sub-022;sub-098	PCG64	20260814	replicate_major_Q0_to_Q1_then_Q1_to_Q2
3	Q1_to_Q2	Q1_lenient	0	3	sub-022;sub-066;sub-080	PCG64	20260814	replicate_major_Q0_to_Q1_then_Q1_to_Q2
4	Q0_to_Q1	Q0_all	0	2	sub-022;sub-024	PCG64	20260814	replicate_major_Q0_to_Q1_then_Q1_to_Q2
4	Q1_to_Q2	Q1_lenient	0	3	sub-014;sub-072;sub-116	PCG64	20260814	replicate_major_Q0_to_Q1_then_Q1_to_Q2
5	Q0_to_Q1	Q0_all	0	2	sub-038;sub-096	PCG64	20260814	replicate_major_Q0_to_Q1_then_Q1_to_Q2
5	Q1_to_Q2	Q1_lenient	0	3	sub-024;sub-072;sub-124	PCG64	20260814	replicate_major_Q0_to_Q1_then_Q1_to_Q2
6	Q0_to_Q1	Q0_all	0	2	sub-030;sub-106	PCG64	20260814	replicate_major_Q0_to_Q1_then_Q1_to_Q2
6	Q1_to_Q2	Q1_lenient	0	3	sub-052;sub-088;sub-098	PCG64	20260814	replicate_major_Q0_to_Q1_then_Q1_to_Q2
7	Q0_to_Q1	Q0_all	0	2	sub-052;sub-080	PCG64	20260814	replicate_major_Q0_to_Q1_then_Q1_to_Q2
7	Q1_to_Q2	Q1_lenient	0	3	sub-016;sub-060;sub-106	PCG64	20260814	replicate_major_Q0_to_Q1_then_Q1_to_Q2
8	Q0_to_Q1	Q0_all	0	2	sub-006;sub-094	PCG64	20260814	replicate_major_Q0_to_Q1_then_Q1_to_Q2
8	Q1_to_Q2	Q1_lenient	0	3	sub-018;sub-088;sub-092	PCG64	20260814	replicate_major_Q0_to_Q1_then_Q1_to_Q2
9	Q0_to_Q1	Q0_all	0	2	sub-060;sub-120	PCG64	20260814	replicate_major_Q0_to_Q1_then_Q1_to_Q2
9	Q1_to_Q2	Q1_lenient	0	3	sub-024;sub-050;sub-114	PCG64	20260814	replicate_major_Q0_to_Q1_then_Q1_to_Q2
10	Q0_to_Q1	Q0_all	0	2	sub-066;sub-094	PCG64	20260814	replicate_major_Q0_to_Q1_then_Q1_to_Q2
10	Q1_to_Q2	Q1_lenient	0	3	sub-006;sub-076;sub-110	PCG64	20260814	replicate_major_Q0_to_Q1_then_Q1_to_Q2
11	Q0_to_Q1	Q0_all	0	2	sub-072;sub-108	PCG64	20260814	replicate_major_Q0_to_Q1_then_Q1_to_Q2
11	Q1_to_Q2	Q1_lenient	0	3	sub-008;sub-038;sub-114	PCG64	20260814	replicate_major_Q0_to_Q1_then_Q1_to_Q2
12	Q0_to_Q1	Q0_all	0	2	sub-044;sub-060	PCG64	20260814	replicate_major_Q0_to_Q1_then_Q1_to_Q2
12	Q1_to_Q2	Q1_lenient	0	3	sub-032;sub-106;sub-120	PCG64	20260814	replicate_major_Q0_to_Q1_then_Q1_to_Q2
13	Q0_to_Q1	Q0_all	0	2	sub-004;sub-118	PCG64	20260814	replicate_major_Q0_to_Q1_then_Q1_to_Q2
13	Q1_to_Q2	Q1_lenient	0	3	sub-020;sub-072;sub-080	PCG64	20260814	replicate_major_Q0_to_Q1_then_Q1_to_Q2
14	Q0_to_Q1	Q0_all	0	2	sub-010;sub-124	PCG64	20260814	replicate_major_Q0_to_Q1_then_Q1_to_Q2
14	Q1_to_Q2	Q1_lenient	0	3	sub-016;sub-066;sub-124	PCG64	20260814	replicate_major_Q0_to_Q1_then_Q1_to_Q2
15	Q0_to_Q1	Q0_all	0	2	sub-018;sub-094	PCG64	20260814	replicate_major_Q0_to_Q1_then_Q1_to_Q2
15	Q1_to_Q2	Q1_lenient	0	3	sub-032;sub-040;sub-094	PCG64	20260814	replicate_major_Q0_to_Q1_then_Q1_to_Q2
16	Q0_to_Q1	Q0_all	0	2	sub-082;sub-124	PCG64	20260814	replicate_major_Q0_to_Q1_then_Q1_to_Q2
16	Q1_to_Q2	Q1_lenient	0	3	sub-024;sub-052;sub-108	PCG64	20260814	replicate_major_Q0_to_Q1_then_Q1_to_Q2
17	Q0_to_Q1	Q0_all	0	2	sub-056;sub-072	PCG64	20260814	replicate_major_Q0_to_Q1_then_Q1_to_Q2
17	Q1_to_Q2	Q1_lenient	0	3	sub-050;sub-096;sub-108	PCG64	20260814	replicate_major_Q0_to_Q1_then_Q1_to_Q2
18	Q0_to_Q1	Q0_all	0	2	sub-100;sub-102	PCG64	20260814	replicate_major_Q0_to_Q1_then_Q1_to_Q2
18	Q1_to_Q2	Q1_lenient	0	3	sub-058;sub-072;sub-074	PCG64	20260814	replicate_major_Q0_to_Q1_then_Q1_to_Q2
19	Q0_to_Q1	Q0_all	0	2	sub-082;sub-102	PCG64	20260814	replicate_major_Q0_to_Q1_then_Q1_to_Q2
19	Q1_to_Q2	Q1_lenient	0	3	sub-016;sub-032;sub-074	PCG64	20260814	replicate_major_Q0_to_Q1_then_Q1_to_Q2
20	Q0_to_Q1	Q0_all	0	2	sub-010;sub-090	PCG64	20260814	replicate_major_Q0_to_Q1_then_Q1_to_Q2
20	Q1_to_Q2	Q1_lenient	0	3	sub-074;sub-110;sub-116	PCG64	20260814	replicate_major_Q0_to_Q1_then_Q1_to_Q2
21	Q0_to_Q1	Q0_all	0	2	sub-016;sub-088	PCG64	20260814	replicate_major_Q0_to_Q1_then_Q1_to_Q2
21	Q1_to_Q2	Q1_lenient	0	3	sub-040;sub-066;sub-118	PCG64	20260814	replicate_major_Q0_to_Q1_then_Q1_to_Q2
22	Q0_to_Q1	Q0_all	0	2	sub-092;sub-120	PCG64	20260814	replicate_major_Q0_to_Q1_then_Q1_to_Q2
22	Q1_to_Q2	Q1_lenient	0	3	sub-014;sub-020;sub-112	PCG64	20260814	replicate_major_Q0_to_Q1_then_Q1_to_Q2
23	Q0_to_Q1	Q0_all	0	2	sub-022;sub-054	PCG64	20260814	replicate_major_Q0_to_Q1_then_Q1_to_Q2
23	Q1_to_Q2	Q1_lenient	0	3	sub-026;sub-038;sub-096	PCG64	20260814	replicate_major_Q0_to_Q1_then_Q1_to_Q2
24	Q0_to_Q1	Q0_all	0	2	sub-008;sub-102	PCG64	20260814	replicate_major_Q0_to_Q1_then_Q1_to_Q2
24	Q1_to_Q2	Q1_lenient	0	3	sub-010;sub-056;sub-102	PCG64	20260814	replicate_major_Q0_to_Q1_then_Q1_to_Q2
25	Q0_to_Q1	Q0_all	0	2	sub-002;sub-112	PCG64	20260814	replicate_major_Q0_to_Q1_then_Q1_to_Q2
25	Q1_to_Q2	Q1_lenient	0	3	sub-038;sub-040;sub-096	PCG64	20260814	replicate_major_Q0_to_Q1_then_Q1_to_Q2
26	Q0_to_Q1	Q0_all	0	2	sub-074;sub-082	PCG64	20260814	replicate_major_Q0_to_Q1_then_Q1_to_Q2
26	Q1_to_Q2	Q1_lenient	0	3	sub-050;sub-066;sub-084	PCG64	20260814	replicate_major_Q0_to_Q1_then_Q1_to_Q2
27	Q0_to_Q1	Q0_all	0	2	sub-096;sub-114	PCG64	20260814	replicate_major_Q0_to_Q1_then_Q1_to_Q2
27	Q1_to_Q2	Q1_lenient	0	3	sub-026;sub-070;sub-104	PCG64	20260814	replicate_major_Q0_to_Q1_then_Q1_to_Q2
28	Q0_to_Q1	Q0_all	0	2	sub-088;sub-118	PCG64	20260814	replicate_major_Q0_to_Q1_then_Q1_to_Q2
28	Q1_to_Q2	Q1_lenient	0	3	sub-020;sub-082;sub-118	PCG64	20260814	replicate_major_Q0_to_Q1_then_Q1_to_Q2
29	Q0_to_Q1	Q0_all	0	2	sub-018;sub-022	PCG64	20260814	replicate_major_Q0_to_Q1_then_Q1_to_Q2
29	Q1_to_Q2	Q1_lenient	0	3	sub-062;sub-102;sub-112	PCG64	20260814	replicate_major_Q0_to_Q1_then_Q1_to_Q2
30	Q0_to_Q1	Q0_all	0	2	sub-030;sub-056	PCG64	20260814	replicate_major_Q0_to_Q1_then_Q1_to_Q2
30	Q1_to_Q2	Q1_lenient	0	3	sub-010;sub-020;sub-070	PCG64	20260814	replicate_major_Q0_to_Q1_then_Q1_to_Q2
31	Q0_to_Q1	Q0_all	0	2	sub-002;sub-118	PCG64	20260814	replicate_major_Q0_to_Q1_then_Q1_to_Q2
31	Q1_to_Q2	Q1_lenient	0	3	sub-036;sub-080;sub-094	PCG64	20260814	replicate_major_Q0_to_Q1_then_Q1_to_Q2
32	Q0_to_Q1	Q0_all	0	2	sub-046;sub-050	PCG64	20260814	replicate_major_Q0_to_Q1_then_Q1_to_Q2
32	Q1_to_Q2	Q1_lenient	0	3	sub-014;sub-066;sub-068	PCG64	20260814	replicate_major_Q0_to_Q1_then_Q1_to_Q2
33	Q0_to_Q1	Q0_all	0	2	sub-088;sub-096	PCG64	20260814	replicate_major_Q0_to_Q1_then_Q1_to_Q2
33	Q1_to_Q2	Q1_lenient	0	3	sub-008;sub-018;sub-094	PCG64	20260814	replicate_major_Q0_to_Q1_then_Q1_to_Q2
34	Q0_to_Q1	Q0_all	0	2	sub-062;sub-116	PCG64	20260814	replicate_major_Q0_to_Q1_then_Q1_to_Q2
34	Q1_to_Q2	Q1_lenient	0	3	sub-024;sub-058;sub-092	PCG64	20260814	replicate_major_Q0_to_Q1_then_Q1_to_Q2
35	Q0_to_Q1	Q0_all	0	2	sub-024;sub-124	PCG64	20260814	replicate_major_Q0_to_Q1_then_Q1_to_Q2
35	Q1_to_Q2	Q1_lenient	0	3	sub-032;sub-064;sub-110	PCG64	20260814	replicate_major_Q0_to_Q1_then_Q1_to_Q2
36	Q0_to_Q1	Q0_all	0	2	sub-076;sub-088	PCG64	20260814	replicate_major_Q0_to_Q1_then_Q1_to_Q2
36	Q1_to_Q2	Q1_lenient	0	3	sub-014;sub-024;sub-082	PCG64	20260814	replicate_major_Q0_to_Q1_then_Q1_to_Q2
37	Q0_to_Q1	Q0_all	0	2	sub-094;sub-108	PCG64	20260814	replicate_major_Q0_to_Q1_then_Q1_to_Q2
37	Q1_to_Q2	Q1_lenient	0	3	sub-014;sub-036;sub-066	PCG64	20260814	replicate_major_Q0_to_Q1_then_Q1_to_Q2
38	Q0_to_Q1	Q0_all	0	2	sub-054;sub-112	PCG64	20260814	replicate_major_Q0_to_Q1_then_Q1_to_Q2
38	Q1_to_Q2	Q1_lenient	0	3	sub-014;sub-066;sub-094	PCG64	20260814	replicate_major_Q0_to_Q1_then_Q1_to_Q2
39	Q0_to_Q1	Q0_all	0	2	sub-040;sub-046	PCG64	20260814	replicate_major_Q0_to_Q1_then_Q1_to_Q2
39	Q1_to_Q2	Q1_lenient	0	3	sub-054;sub-092;sub-118	PCG64	20260814	replicate_major_Q0_to_Q1_then_Q1_to_Q2
40	Q0_to_Q1	Q0_all	0	2	sub-054;sub-106	PCG64	20260814	replicate_major_Q0_to_Q1_then_Q1_to_Q2
40	Q1_to_Q2	Q1_lenient	0	3	sub-002;sub-080;sub-098	PCG64	20260814	replicate_major_Q0_to_Q1_then_Q1_to_Q2
41	Q0_to_Q1	Q0_all	0	2	sub-008;sub-052	PCG64	20260814	replicate_major_Q0_to_Q1_then_Q1_to_Q2
41	Q1_to_Q2	Q1_lenient	0	3	sub-056;sub-074;sub-088	PCG64	20260814	replicate_major_Q0_to_Q1_then_Q1_to_Q2
42	Q0_to_Q1	Q0_all	0	2	sub-006;sub-082	PCG64	20260814	replicate_major_Q0_to_Q1_then_Q1_to_Q2
42	Q1_to_Q2	Q1_lenient	0	3	sub-004;sub-050;sub-062	PCG64	20260814	replicate_major_Q0_to_Q1_then_Q1_to_Q2
43	Q0_to_Q1	Q0_all	0	2	sub-020;sub-112	PCG64	20260814	replicate_major_Q0_to_Q1_then_Q1_to_Q2
43	Q1_to_Q2	Q1_lenient	0	3	sub-060;sub-094;sub-110	PCG64	20260814	replicate_major_Q0_to_Q1_then_Q1_to_Q2
44	Q0_to_Q1	Q0_all	0	2	sub-036;sub-094	PCG64	20260814	replicate_major_Q0_to_Q1_then_Q1_to_Q2
44	Q1_to_Q2	Q1_lenient	0	3	sub-004;sub-020;sub-072	PCG64	20260814	replicate_major_Q0_to_Q1_then_Q1_to_Q2
45	Q0_to_Q1	Q0_all	0	2	sub-038;sub-088	PCG64	20260814	replicate_major_Q0_to_Q1_then_Q1_to_Q2
45	Q1_to_Q2	Q1_lenient	0	3	sub-020;sub-082;sub-098	PCG64	20260814	replicate_major_Q0_to_Q1_then_Q1_to_Q2
46	Q0_to_Q1	Q0_all	0	2	sub-024;sub-030	PCG64	20260814	replicate_major_Q0_to_Q1_then_Q1_to_Q2
46	Q1_to_Q2	Q1_lenient	0	3	sub-020;sub-024;sub-074	PCG64	20260814	replicate_major_Q0_to_Q1_then_Q1_to_Q2
47	Q0_to_Q1	Q0_all	0	2	sub-008;sub-114	PCG64	20260814	replicate_major_Q0_to_Q1_then_Q1_to_Q2
47	Q1_to_Q2	Q1_lenient	0	3	sub-020;sub-046;sub-090	PCG64	20260814	replicate_major_Q0_to_Q1_then_Q1_to_Q2
48	Q0_to_Q1	Q0_all	0	2	sub-008;sub-020	PCG64	20260814	replicate_major_Q0_to_Q1_then_Q1_to_Q2
48	Q1_to_Q2	Q1_lenient	0	3	sub-004;sub-006;sub-038	PCG64	20260814	replicate_major_Q0_to_Q1_then_Q1_to_Q2
49	Q0_to_Q1	Q0_all	0	2	sub-032;sub-092	PCG64	20260814	replicate_major_Q0_to_Q1_then_Q1_to_Q2
49	Q1_to_Q2	Q1_lenient	0	3	sub-024;sub-082;sub-124	PCG64	20260814	replicate_major_Q0_to_Q1_then_Q1_to_Q2
50	Q0_to_Q1	Q0_all	0	2	sub-020;sub-046	PCG64	20260814	replicate_major_Q0_to_Q1_then_Q1_to_Q2
50	Q1_to_Q2	Q1_lenient	0	3	sub-032;sub-044;sub-064	PCG64	20260814	replicate_major_Q0_to_Q1_then_Q1_to_Q2
51	Q0_to_Q1	Q0_all	0	2	sub-006;sub-072	PCG64	20260814	replicate_major_Q0_to_Q1_then_Q1_to_Q2
51	Q1_to_Q2	Q1_lenient	0	3	sub-060;sub-070;sub-088	PCG64	20260814	replicate_major_Q0_to_Q1_then_Q1_to_Q2
52	Q0_to_Q1	Q0_all	0	2	sub-066;sub-100	PCG64	20260814	replicate_major_Q0_to_Q1_then_Q1_to_Q2
52	Q1_to_Q2	Q1_lenient	0	3	sub-024;sub-056;sub-118	PCG64	20260814	replicate_major_Q0_to_Q1_then_Q1_to_Q2
53	Q0_to_Q1	Q0_all	0	2	sub-026;sub-092	PCG64	20260814	replicate_major_Q0_to_Q1_then_Q1_to_Q2
53	Q1_to_Q2	Q1_lenient	0	3	sub-038;sub-074;sub-098	PCG64	20260814	replicate_major_Q0_to_Q1_then_Q1_to_Q2
54	Q0_to_Q1	Q0_all	0	2	sub-046;sub-058	PCG64	20260814	replicate_major_Q0_to_Q1_then_Q1_to_Q2
54	Q1_to_Q2	Q1_lenient	0	3	sub-050;sub-054;sub-120	PCG64	20260814	replicate_major_Q0_to_Q1_then_Q1_to_Q2
55	Q0_to_Q1	Q0_all	0	2	sub-070;sub-114	PCG64	20260814	replicate_major_Q0_to_Q1_then_Q1_to_Q2
55	Q1_to_Q2	Q1_lenient	0	3	sub-020;sub-090;sub-102	PCG64	20260814	replicate_major_Q0_to_Q1_then_Q1_to_Q2
56	Q0_to_Q1	Q0_all	0	2	sub-022;sub-038	PCG64	20260814	replicate_major_Q0_to_Q1_then_Q1_to_Q2
56	Q1_to_Q2	Q1_lenient	0	3	sub-002;sub-008;sub-036	PCG64	20260814	replicate_major_Q0_to_Q1_then_Q1_to_Q2
57	Q0_to_Q1	Q0_all	0	2	sub-004;sub-100	PCG64	20260814	replicate_major_Q0_to_Q1_then_Q1_to_Q2
57	Q1_to_Q2	Q1_lenient	0	3	sub-062;sub-098;sub-110	PCG64	20260814	replicate_major_Q0_to_Q1_then_Q1_to_Q2
58	Q0_to_Q1	Q0_all	0	2	sub-008;sub-046	PCG64	20260814	replicate_major_Q0_to_Q1_then_Q1_to_Q2
58	Q1_to_Q2	Q1_lenient	0	3	sub-026;sub-056;sub-094	PCG64	20260814	replicate_major_Q0_to_Q1_then_Q1_to_Q2
59	Q0_to_Q1	Q0_all	0	2	sub-022;sub-084	PCG64	20260814	replicate_major_Q0_to_Q1_then_Q1_to_Q2
59	Q1_to_Q2	Q1_lenient	0	3	sub-062;sub-072;sub-120	PCG64	20260814	replicate_major_Q0_to_Q1_then_Q1_to_Q2
60	Q0_to_Q1	Q0_all	0	2	sub-014;sub-124	PCG64	20260814	replicate_major_Q0_to_Q1_then_Q1_to_Q2
60	Q1_to_Q2	Q1_lenient	0	3	sub-014;sub-022;sub-120	PCG64	20260814	replicate_major_Q0_to_Q1_then_Q1_to_Q2
61	Q0_to_Q1	Q0_all	0	2	sub-036;sub-100	PCG64	20260814	replicate_major_Q0_to_Q1_then_Q1_to_Q2
61	Q1_to_Q2	Q1_lenient	0	3	sub-054;sub-070;sub-098	PCG64	20260814	replicate_major_Q0_to_Q1_then_Q1_to_Q2
62	Q0_to_Q1	Q0_all	0	2	sub-056;sub-072	PCG64	20260814	replicate_major_Q0_to_Q1_then_Q1_to_Q2
62	Q1_to_Q2	Q1_lenient	0	3	sub-076;sub-096;sub-116	PCG64	20260814	replicate_major_Q0_to_Q1_then_Q1_to_Q2
63	Q0_to_Q1	Q0_all	0	2	sub-064;sub-070	PCG64	20260814	replicate_major_Q0_to_Q1_then_Q1_to_Q2
63	Q1_to_Q2	Q1_lenient	0	3	sub-014;sub-050;sub-098	PCG64	20260814	replicate_major_Q0_to_Q1_then_Q1_to_Q2
64	Q0_to_Q1	Q0_all	0	2	sub-018;sub-046	PCG64	20260814	replicate_major_Q0_to_Q1_then_Q1_to_Q2
64	Q1_to_Q2	Q1_lenient	0	3	sub-112;sub-116;sub-120	PCG64	20260814	replicate_major_Q0_to_Q1_then_Q1_to_Q2
65	Q0_to_Q1	Q0_all	0	2	sub-026;sub-054	PCG64	20260814	replicate_major_Q0_to_Q1_then_Q1_to_Q2
65	Q1_to_Q2	Q1_lenient	0	3	sub-006;sub-008;sub-090	PCG64	20260814	replicate_major_Q0_to_Q1_then_Q1_to_Q2
66	Q0_to_Q1	Q0_all	0	2	sub-102;sub-114	PCG64	20260814	replicate_major_Q0_to_Q1_then_Q1_to_Q2
66	Q1_to_Q2	Q1_lenient	0	3	sub-008;sub-022;sub-116	PCG64	20260814	replicate_major_Q0_to_Q1_then_Q1_to_Q2
67	Q0_to_Q1	Q0_all	0	2	sub-096;sub-106	PCG64	20260814	replicate_major_Q0_to_Q1_then_Q1_to_Q2
67	Q1_to_Q2	Q1_lenient	0	3	sub-066;sub-084;sub-114	PCG64	20260814	replicate_major_Q0_to_Q1_then_Q1_to_Q2
68	Q0_to_Q1	Q0_all	0	2	sub-004;sub-082	PCG64	20260814	replicate_major_Q0_to_Q1_then_Q1_to_Q2
68	Q1_to_Q2	Q1_lenient	0	3	sub-038;sub-058;sub-070	PCG64	20260814	replicate_major_Q0_to_Q1_then_Q1_to_Q2
69	Q0_to_Q1	Q0_all	0	2	sub-020;sub-072	PCG64	20260814	replicate_major_Q0_to_Q1_then_Q1_to_Q2
69	Q1_to_Q2	Q1_lenient	0	3	sub-008;sub-058;sub-068	PCG64	20260814	replicate_major_Q0_to_Q1_then_Q1_to_Q2
70	Q0_to_Q1	Q0_all	0	2	sub-080;sub-096	PCG64	20260814	replicate_major_Q0_to_Q1_then_Q1_to_Q2
70	Q1_to_Q2	Q1_lenient	0	3	sub-044;sub-088;sub-098	PCG64	20260814	replicate_major_Q0_to_Q1_then_Q1_to_Q2
71	Q0_to_Q1	Q0_all	0	2	sub-102;sub-116	PCG64	20260814	replicate_major_Q0_to_Q1_then_Q1_to_Q2
71	Q1_to_Q2	Q1_lenient	0	3	sub-002;sub-092;sub-096	PCG64	20260814	replicate_major_Q0_to_Q1_then_Q1_to_Q2
72	Q0_to_Q1	Q0_all	0	2	sub-074;sub-094	PCG64	20260814	replicate_major_Q0_to_Q1_then_Q1_to_Q2
72	Q1_to_Q2	Q1_lenient	0	3	sub-004;sub-090;sub-108	PCG64	20260814	replicate_major_Q0_to_Q1_then_Q1_to_Q2
73	Q0_to_Q1	Q0_all	0	2	sub-052;sub-118	PCG64	20260814	replicate_major_Q0_to_Q1_then_Q1_to_Q2
73	Q1_to_Q2	Q1_lenient	0	3	sub-016;sub-058;sub-060	PCG64	20260814	replicate_major_Q0_to_Q1_then_Q1_to_Q2
74	Q0_to_Q1	Q0_all	0	2	sub-088;sub-102	PCG64	20260814	replicate_major_Q0_to_Q1_then_Q1_to_Q2
74	Q1_to_Q2	Q1_lenient	0	3	sub-066;sub-076;sub-110	PCG64	20260814	replicate_major_Q0_to_Q1_then_Q1_to_Q2
75	Q0_to_Q1	Q0_all	0	2	sub-098;sub-104	PCG64	20260814	replicate_major_Q0_to_Q1_then_Q1_to_Q2
75	Q1_to_Q2	Q1_lenient	0	3	sub-056;sub-084;sub-112	PCG64	20260814	replicate_major_Q0_to_Q1_then_Q1_to_Q2
76	Q0_to_Q1	Q0_all	0	2	sub-036;sub-046	PCG64	20260814	replicate_major_Q0_to_Q1_then_Q1_to_Q2
76	Q1_to_Q2	Q1_lenient	0	3	sub-004;sub-024;sub-066	PCG64	20260814	replicate_major_Q0_to_Q1_then_Q1_to_Q2
77	Q0_to_Q1	Q0_all	0	2	sub-026;sub-044	PCG64	20260814	replicate_major_Q0_to_Q1_then_Q1_to_Q2
77	Q1_to_Q2	Q1_lenient	0	3	sub-074;sub-104;sub-124	PCG64	20260814	replicate_major_Q0_to_Q1_then_Q1_to_Q2
78	Q0_to_Q1	Q0_all	0	2	sub-044;sub-056	PCG64	20260814	replicate_major_Q0_to_Q1_then_Q1_to_Q2
78	Q1_to_Q2	Q1_lenient	0	3	sub-060;sub-070;sub-072	PCG64	20260814	replicate_major_Q0_to_Q1_then_Q1_to_Q2
79	Q0_to_Q1	Q0_all	0	2	sub-084;sub-098	PCG64	20260814	replicate_major_Q0_to_Q1_then_Q1_to_Q2
79	Q1_to_Q2	Q1_lenient	0	3	sub-010;sub-036;sub-116	PCG64	20260814	replicate_major_Q0_to_Q1_then_Q1_to_Q2
80	Q0_to_Q1	Q0_all	0	2	sub-084;sub-092	PCG64	20260814	replicate_major_Q0_to_Q1_then_Q1_to_Q2
80	Q1_to_Q2	Q1_lenient	0	3	sub-016;sub-052;sub-110	PCG64	20260814	replicate_major_Q0_to_Q1_then_Q1_to_Q2
81	Q0_to_Q1	Q0_all	0	2	sub-004;sub-080	PCG64	20260814	replicate_major_Q0_to_Q1_then_Q1_to_Q2
81	Q1_to_Q2	Q1_lenient	0	3	sub-002;sub-102;sub-124	PCG64	20260814	replicate_major_Q0_to_Q1_then_Q1_to_Q2
82	Q0_to_Q1	Q0_all	0	2	sub-018;sub-104	PCG64	20260814	replicate_major_Q0_to_Q1_then_Q1_to_Q2
82	Q1_to_Q2	Q1_lenient	0	3	sub-040;sub-046;sub-106	PCG64	20260814	replicate_major_Q0_to_Q1_then_Q1_to_Q2
83	Q0_to_Q1	Q0_all	0	2	sub-016;sub-092	PCG64	20260814	replicate_major_Q0_to_Q1_then_Q1_to_Q2
83	Q1_to_Q2	Q1_lenient	0	3	sub-016;sub-050;sub-124	PCG64	20260814	replicate_major_Q0_to_Q1_then_Q1_to_Q2
84	Q0_to_Q1	Q0_all	0	2	sub-080;sub-118	PCG64	20260814	replicate_major_Q0_to_Q1_then_Q1_to_Q2
84	Q1_to_Q2	Q1_lenient	0	3	sub-008;sub-024;sub-112	PCG64	20260814	replicate_major_Q0_to_Q1_then_Q1_to_Q2
85	Q0_to_Q1	Q0_all	0	2	sub-058;sub-100	PCG64	20260814	replicate_major_Q0_to_Q1_then_Q1_to_Q2
85	Q1_to_Q2	Q1_lenient	0	3	sub-014;sub-022;sub-124	PCG64	20260814	replicate_major_Q0_to_Q1_then_Q1_to_Q2
86	Q0_to_Q1	Q0_all	0	2	sub-054;sub-060	PCG64	20260814	replicate_major_Q0_to_Q1_then_Q1_to_Q2
86	Q1_to_Q2	Q1_lenient	0	3	sub-004;sub-072;sub-114	PCG64	20260814	replicate_major_Q0_to_Q1_then_Q1_to_Q2
87	Q0_to_Q1	Q0_all	0	2	sub-024;sub-108	PCG64	20260814	replicate_major_Q0_to_Q1_then_Q1_to_Q2
87	Q1_to_Q2	Q1_lenient	0	3	sub-022;sub-040;sub-112	PCG64	20260814	replicate_major_Q0_to_Q1_then_Q1_to_Q2
88	Q0_to_Q1	Q0_all	0	2	sub-038;sub-088	PCG64	20260814	replicate_major_Q0_to_Q1_then_Q1_to_Q2
88	Q1_to_Q2	Q1_lenient	0	3	sub-026;sub-032;sub-084	PCG64	20260814	replicate_major_Q0_to_Q1_then_Q1_to_Q2
89	Q0_to_Q1	Q0_all	0	2	sub-022;sub-064	PCG64	20260814	replicate_major_Q0_to_Q1_then_Q1_to_Q2
89	Q1_to_Q2	Q1_lenient	0	3	sub-036;sub-054;sub-082	PCG64	20260814	replicate_major_Q0_to_Q1_then_Q1_to_Q2
90	Q0_to_Q1	Q0_all	0	2	sub-030;sub-088	PCG64	20260814	replicate_major_Q0_to_Q1_then_Q1_to_Q2
90	Q1_to_Q2	Q1_lenient	0	3	sub-088;sub-090;sub-096	PCG64	20260814	replicate_major_Q0_to_Q1_then_Q1_to_Q2
91	Q0_to_Q1	Q0_all	0	2	sub-030;sub-118	PCG64	20260814	replicate_major_Q0_to_Q1_then_Q1_to_Q2
91	Q1_to_Q2	Q1_lenient	0	3	sub-036;sub-050;sub-124	PCG64	20260814	replicate_major_Q0_to_Q1_then_Q1_to_Q2
92	Q0_to_Q1	Q0_all	0	2	sub-084;sub-116	PCG64	20260814	replicate_major_Q0_to_Q1_then_Q1_to_Q2
92	Q1_to_Q2	Q1_lenient	0	3	sub-038;sub-082;sub-102	PCG64	20260814	replicate_major_Q0_to_Q1_then_Q1_to_Q2
93	Q0_to_Q1	Q0_all	0	2	sub-088;sub-102	PCG64	20260814	replicate_major_Q0_to_Q1_then_Q1_to_Q2
93	Q1_to_Q2	Q1_lenient	0	3	sub-014;sub-016;sub-052	PCG64	20260814	replicate_major_Q0_to_Q1_then_Q1_to_Q2
94	Q0_to_Q1	Q0_all	0	2	sub-064;sub-116	PCG64	20260814	replicate_major_Q0_to_Q1_then_Q1_to_Q2
94	Q1_to_Q2	Q1_lenient	0	3	sub-020;sub-066;sub-080	PCG64	20260814	replicate_major_Q0_to_Q1_then_Q1_to_Q2
95	Q0_to_Q1	Q0_all	0	2	sub-116;sub-124	PCG64	20260814	replicate_major_Q0_to_Q1_then_Q1_to_Q2
95	Q1_to_Q2	Q1_lenient	0	3	sub-016;sub-070;sub-124	PCG64	20260814	replicate_major_Q0_to_Q1_then_Q1_to_Q2
96	Q0_to_Q1	Q0_all	0	2	sub-060;sub-114	PCG64	20260814	replicate_major_Q0_to_Q1_then_Q1_to_Q2
96	Q1_to_Q2	Q1_lenient	0	3	sub-050;sub-052;sub-120	PCG64	20260814	replicate_major_Q0_to_Q1_then_Q1_to_Q2
97	Q0_to_Q1	Q0_all	0	2	sub-056;sub-108	PCG64	20260814	replicate_major_Q0_to_Q1_then_Q1_to_Q2
97	Q1_to_Q2	Q1_lenient	0	3	sub-064;sub-108;sub-112	PCG64	20260814	replicate_major_Q0_to_Q1_then_Q1_to_Q2
98	Q0_to_Q1	Q0_all	0	2	sub-002;sub-114	PCG64	20260814	replicate_major_Q0_to_Q1_then_Q1_to_Q2
98	Q1_to_Q2	Q1_lenient	0	3	sub-066;sub-070;sub-110	PCG64	20260814	replicate_major_Q0_to_Q1_then_Q1_to_Q2
99	Q0_to_Q1	Q0_all	0	2	sub-022;sub-054	PCG64	20260814	replicate_major_Q0_to_Q1_then_Q1_to_Q2
99	Q1_to_Q2	Q1_lenient	0	3	sub-010;sub-014;sub-068	PCG64	20260814	replicate_major_Q0_to_Q1_then_Q1_to_Q2
100	Q0_to_Q1	Q0_all	0	2	sub-006;sub-050	PCG64	20260814	replicate_major_Q0_to_Q1_then_Q1_to_Q2
100	Q1_to_Q2	Q1_lenient	0	3	sub-002;sub-020;sub-036	PCG64	20260814	replicate_major_Q0_to_Q1_then_Q1_to_Q2
101	Q0_to_Q1	Q0_all	0	2	sub-084;sub-090	PCG64	20260814	replicate_major_Q0_to_Q1_then_Q1_to_Q2
101	Q1_to_Q2	Q1_lenient	0	3	sub-016;sub-064;sub-074	PCG64	20260814	replicate_major_Q0_to_Q1_then_Q1_to_Q2
102	Q0_to_Q1	Q0_all	0	2	sub-062;sub-120	PCG64	20260814	replicate_major_Q0_to_Q1_then_Q1_to_Q2
102	Q1_to_Q2	Q1_lenient	0	3	sub-006;sub-038;sub-120	PCG64	20260814	replicate_major_Q0_to_Q1_then_Q1_to_Q2
103	Q0_to_Q1	Q0_all	0	2	sub-040;sub-110	PCG64	20260814	replicate_major_Q0_to_Q1_then_Q1_to_Q2
103	Q1_to_Q2	Q1_lenient	0	3	sub-020;sub-024;sub-058	PCG64	20260814	replicate_major_Q0_to_Q1_then_Q1_to_Q2
104	Q0_to_Q1	Q0_all	0	2	sub-026;sub-094	PCG64	20260814	replicate_major_Q0_to_Q1_then_Q1_to_Q2
104	Q1_to_Q2	Q1_lenient	0	3	sub-014;sub-074;sub-124	PCG64	20260814	replicate_major_Q0_to_Q1_then_Q1_to_Q2
105	Q0_to_Q1	Q0_all	0	2	sub-052;sub-084	PCG64	20260814	replicate_major_Q0_to_Q1_then_Q1_to_Q2
105	Q1_to_Q2	Q1_lenient	0	3	sub-056;sub-098;sub-114	PCG64	20260814	replicate_major_Q0_to_Q1_then_Q1_to_Q2
106	Q0_to_Q1	Q0_all	0	2	sub-030;sub-058	PCG64	20260814	replicate_major_Q0_to_Q1_then_Q1_to_Q2
106	Q1_to_Q2	Q1_lenient	0	3	sub-044;sub-050;sub-116	PCG64	20260814	replicate_major_Q0_to_Q1_then_Q1_to_Q2
107	Q0_to_Q1	Q0_all	0	2	sub-044;sub-120	PCG64	20260814	replicate_major_Q0_to_Q1_then_Q1_to_Q2
107	Q1_to_Q2	Q1_lenient	0	3	sub-072;sub-088;sub-102	PCG64	20260814	replicate_major_Q0_to_Q1_then_Q1_to_Q2
108	Q0_to_Q1	Q0_all	0	2	sub-024;sub-030	PCG64	20260814	replicate_major_Q0_to_Q1_then_Q1_to_Q2
108	Q1_to_Q2	Q1_lenient	0	3	sub-008;sub-050;sub-072	PCG64	20260814	replicate_major_Q0_to_Q1_then_Q1_to_Q2
109	Q0_to_Q1	Q0_all	0	2	sub-022;sub-062	PCG64	20260814	replicate_major_Q0_to_Q1_then_Q1_to_Q2
109	Q1_to_Q2	Q1_lenient	0	3	sub-010;sub-016;sub-060	PCG64	20260814	replicate_major_Q0_to_Q1_then_Q1_to_Q2
110	Q0_to_Q1	Q0_all	0	2	sub-096;sub-112	PCG64	20260814	replicate_major_Q0_to_Q1_then_Q1_to_Q2
110	Q1_to_Q2	Q1_lenient	0	3	sub-016;sub-102;sub-116	PCG64	20260814	replicate_major_Q0_to_Q1_then_Q1_to_Q2
111	Q0_to_Q1	Q0_all	0	2	sub-056;sub-058	PCG64	20260814	replicate_major_Q0_to_Q1_then_Q1_to_Q2
111	Q1_to_Q2	Q1_lenient	0	3	sub-054;sub-070;sub-080	PCG64	20260814	replicate_major_Q0_to_Q1_then_Q1_to_Q2
112	Q0_to_Q1	Q0_all	0	2	sub-098;sub-124	PCG64	20260814	replicate_major_Q0_to_Q1_then_Q1_to_Q2
112	Q1_to_Q2	Q1_lenient	0	3	sub-022;sub-064;sub-110	PCG64	20260814	replicate_major_Q0_to_Q1_then_Q1_to_Q2
113	Q0_to_Q1	Q0_all	0	2	sub-002;sub-006	PCG64	20260814	replicate_major_Q0_to_Q1_then_Q1_to_Q2
113	Q1_to_Q2	Q1_lenient	0	3	sub-002;sub-018;sub-062	PCG64	20260814	replicate_major_Q0_to_Q1_then_Q1_to_Q2
114	Q0_to_Q1	Q0_all	0	2	sub-050;sub-092	PCG64	20260814	replicate_major_Q0_to_Q1_then_Q1_to_Q2
114	Q1_to_Q2	Q1_lenient	0	3	sub-004;sub-072;sub-112	PCG64	20260814	replicate_major_Q0_to_Q1_then_Q1_to_Q2
115	Q0_to_Q1	Q0_all	0	2	sub-026;sub-062	PCG64	20260814	replicate_major_Q0_to_Q1_then_Q1_to_Q2
115	Q1_to_Q2	Q1_lenient	0	3	sub-038;sub-050;sub-124	PCG64	20260814	replicate_major_Q0_to_Q1_then_Q1_to_Q2
116	Q0_to_Q1	Q0_all	0	2	sub-102;sub-108	PCG64	20260814	replicate_major_Q0_to_Q1_then_Q1_to_Q2
116	Q1_to_Q2	Q1_lenient	0	3	sub-076;sub-080;sub-104	PCG64	20260814	replicate_major_Q0_to_Q1_then_Q1_to_Q2
117	Q0_to_Q1	Q0_all	0	2	sub-002;sub-080	PCG64	20260814	replicate_major_Q0_to_Q1_then_Q1_to_Q2
117	Q1_to_Q2	Q1_lenient	0	3	sub-022;sub-038;sub-106	PCG64	20260814	replicate_major_Q0_to_Q1_then_Q1_to_Q2
118	Q0_to_Q1	Q0_all	0	2	sub-032;sub-070	PCG64	20260814	replicate_major_Q0_to_Q1_then_Q1_to_Q2
118	Q1_to_Q2	Q1_lenient	0	3	sub-062;sub-092;sub-106	PCG64	20260814	replicate_major_Q0_to_Q1_then_Q1_to_Q2
119	Q0_to_Q1	Q0_all	0	2	sub-014;sub-112	PCG64	20260814	replicate_major_Q0_to_Q1_then_Q1_to_Q2
119	Q1_to_Q2	Q1_lenient	0	3	sub-036;sub-056;sub-062	PCG64	20260814	replicate_major_Q0_to_Q1_then_Q1_to_Q2
120	Q0_to_Q1	Q0_all	0	2	sub-052;sub-088	PCG64	20260814	replicate_major_Q0_to_Q1_then_Q1_to_Q2
120	Q1_to_Q2	Q1_lenient	0	3	sub-050;sub-088;sub-104	PCG64	20260814	replicate_major_Q0_to_Q1_then_Q1_to_Q2
121	Q0_to_Q1	Q0_all	0	2	sub-102;sub-108	PCG64	20260814	replicate_major_Q0_to_Q1_then_Q1_to_Q2
121	Q1_to_Q2	Q1_lenient	0	3	sub-032;sub-082;sub-098	PCG64	20260814	replicate_major_Q0_to_Q1_then_Q1_to_Q2
122	Q0_to_Q1	Q0_all	0	2	sub-064;sub-124	PCG64	20260814	replicate_major_Q0_to_Q1_then_Q1_to_Q2
122	Q1_to_Q2	Q1_lenient	0	3	sub-016;sub-076;sub-118	PCG64	20260814	replicate_major_Q0_to_Q1_then_Q1_to_Q2
123	Q0_to_Q1	Q0_all	0	2	sub-054;sub-074	PCG64	20260814	replicate_major_Q0_to_Q1_then_Q1_to_Q2
123	Q1_to_Q2	Q1_lenient	0	3	sub-064;sub-076;sub-120	PCG64	20260814	replicate_major_Q0_to_Q1_then_Q1_to_Q2
124	Q0_to_Q1	Q0_all	0	2	sub-002;sub-052	PCG64	20260814	replicate_major_Q0_to_Q1_then_Q1_to_Q2
124	Q1_to_Q2	Q1_lenient	0	3	sub-018;sub-046;sub-108	PCG64	20260814	replicate_major_Q0_to_Q1_then_Q1_to_Q2
125	Q0_to_Q1	Q0_all	0	2	sub-088;sub-106	PCG64	20260814	replicate_major_Q0_to_Q1_then_Q1_to_Q2
125	Q1_to_Q2	Q1_lenient	0	3	sub-068;sub-094;sub-096	PCG64	20260814	replicate_major_Q0_to_Q1_then_Q1_to_Q2
126	Q0_to_Q1	Q0_all	0	2	sub-020;sub-106	PCG64	20260814	replicate_major_Q0_to_Q1_then_Q1_to_Q2
126	Q1_to_Q2	Q1_lenient	0	3	sub-016;sub-082;sub-120	PCG64	20260814	replicate_major_Q0_to_Q1_then_Q1_to_Q2
127	Q0_to_Q1	Q0_all	0	2	sub-070;sub-084	PCG64	20260814	replicate_major_Q0_to_Q1_then_Q1_to_Q2
127	Q1_to_Q2	Q1_lenient	0	3	sub-050;sub-060;sub-068	PCG64	20260814	replicate_major_Q0_to_Q1_then_Q1_to_Q2
128	Q0_to_Q1	Q0_all	0	2	sub-024;sub-098	PCG64	20260814	replicate_major_Q0_to_Q1_then_Q1_to_Q2
128	Q1_to_Q2	Q1_lenient	0	3	sub-036;sub-088;sub-092	PCG64	20260814	replicate_major_Q0_to_Q1_then_Q1_to_Q2
129	Q0_to_Q1	Q0_all	0	2	sub-024;sub-104	PCG64	20260814	replicate_major_Q0_to_Q1_then_Q1_to_Q2
129	Q1_to_Q2	Q1_lenient	0	3	sub-020;sub-032;sub-116	PCG64	20260814	replicate_major_Q0_to_Q1_then_Q1_to_Q2
130	Q0_to_Q1	Q0_all	0	2	sub-088;sub-112	PCG64	20260814	replicate_major_Q0_to_Q1_then_Q1_to_Q2
130	Q1_to_Q2	Q1_lenient	0	3	sub-052;sub-076;sub-112	PCG64	20260814	replicate_major_Q0_to_Q1_then_Q1_to_Q2
131	Q0_to_Q1	Q0_all	0	2	sub-022;sub-040	PCG64	20260814	replicate_major_Q0_to_Q1_then_Q1_to_Q2
131	Q1_to_Q2	Q1_lenient	0	3	sub-062;sub-072;sub-110	PCG64	20260814	replicate_major_Q0_to_Q1_then_Q1_to_Q2
132	Q0_to_Q1	Q0_all	0	2	sub-032;sub-070	PCG64	20260814	replicate_major_Q0_to_Q1_then_Q1_to_Q2
132	Q1_to_Q2	Q1_lenient	0	3	sub-016;sub-068;sub-102	PCG64	20260814	replicate_major_Q0_to_Q1_then_Q1_to_Q2
133	Q0_to_Q1	Q0_all	0	2	sub-106;sub-108	PCG64	20260814	replicate_major_Q0_to_Q1_then_Q1_to_Q2
133	Q1_to_Q2	Q1_lenient	0	3	sub-002;sub-010;sub-088	PCG64	20260814	replicate_major_Q0_to_Q1_then_Q1_to_Q2
134	Q0_to_Q1	Q0_all	0	2	sub-070;sub-118	PCG64	20260814	replicate_major_Q0_to_Q1_then_Q1_to_Q2
134	Q1_to_Q2	Q1_lenient	0	3	sub-082;sub-102;sub-108	PCG64	20260814	replicate_major_Q0_to_Q1_then_Q1_to_Q2
135	Q0_to_Q1	Q0_all	0	2	sub-010;sub-098	PCG64	20260814	replicate_major_Q0_to_Q1_then_Q1_to_Q2
135	Q1_to_Q2	Q1_lenient	0	3	sub-006;sub-036;sub-116	PCG64	20260814	replicate_major_Q0_to_Q1_then_Q1_to_Q2
136	Q0_to_Q1	Q0_all	0	2	sub-054;sub-068	PCG64	20260814	replicate_major_Q0_to_Q1_then_Q1_to_Q2
136	Q1_to_Q2	Q1_lenient	0	3	sub-006;sub-016;sub-082	PCG64	20260814	replicate_major_Q0_to_Q1_then_Q1_to_Q2
137	Q0_to_Q1	Q0_all	0	2	sub-054;sub-100	PCG64	20260814	replicate_major_Q0_to_Q1_then_Q1_to_Q2
137	Q1_to_Q2	Q1_lenient	0	3	sub-046;sub-094;sub-104	PCG64	20260814	replicate_major_Q0_to_Q1_then_Q1_to_Q2
138	Q0_to_Q1	Q0_all	0	2	sub-022;sub-094	PCG64	20260814	replicate_major_Q0_to_Q1_then_Q1_to_Q2
138	Q1_to_Q2	Q1_lenient	0	3	sub-010;sub-020;sub-062	PCG64	20260814	replicate_major_Q0_to_Q1_then_Q1_to_Q2
139	Q0_to_Q1	Q0_all	0	2	sub-010;sub-076	PCG64	20260814	replicate_major_Q0_to_Q1_then_Q1_to_Q2
139	Q1_to_Q2	Q1_lenient	0	3	sub-004;sub-044;sub-120	PCG64	20260814	replicate_major_Q0_to_Q1_then_Q1_to_Q2
140	Q0_to_Q1	Q0_all	0	2	sub-062;sub-120	PCG64	20260814	replicate_major_Q0_to_Q1_then_Q1_to_Q2
140	Q1_to_Q2	Q1_lenient	0	3	sub-036;sub-082;sub-104	PCG64	20260814	replicate_major_Q0_to_Q1_then_Q1_to_Q2
141	Q0_to_Q1	Q0_all	0	2	sub-030;sub-094	PCG64	20260814	replicate_major_Q0_to_Q1_then_Q1_to_Q2
141	Q1_to_Q2	Q1_lenient	0	3	sub-020;sub-064;sub-066	PCG64	20260814	replicate_major_Q0_to_Q1_then_Q1_to_Q2
142	Q0_to_Q1	Q0_all	0	2	sub-032;sub-060	PCG64	20260814	replicate_major_Q0_to_Q1_then_Q1_to_Q2
142	Q1_to_Q2	Q1_lenient	0	3	sub-004;sub-020;sub-116	PCG64	20260814	replicate_major_Q0_to_Q1_then_Q1_to_Q2
143	Q0_to_Q1	Q0_all	0	2	sub-088;sub-118	PCG64	20260814	replicate_major_Q0_to_Q1_then_Q1_to_Q2
143	Q1_to_Q2	Q1_lenient	0	3	sub-008;sub-036;sub-080	PCG64	20260814	replicate_major_Q0_to_Q1_then_Q1_to_Q2
144	Q0_to_Q1	Q0_all	0	2	sub-058;sub-106	PCG64	20260814	replicate_major_Q0_to_Q1_then_Q1_to_Q2
144	Q1_to_Q2	Q1_lenient	0	3	sub-092;sub-104;sub-114	PCG64	20260814	replicate_major_Q0_to_Q1_then_Q1_to_Q2
145	Q0_to_Q1	Q0_all	0	2	sub-022;sub-052	PCG64	20260814	replicate_major_Q0_to_Q1_then_Q1_to_Q2
145	Q1_to_Q2	Q1_lenient	0	3	sub-008;sub-022;sub-120	PCG64	20260814	replicate_major_Q0_to_Q1_then_Q1_to_Q2
146	Q0_to_Q1	Q0_all	0	2	sub-044;sub-060	PCG64	20260814	replicate_major_Q0_to_Q1_then_Q1_to_Q2
146	Q1_to_Q2	Q1_lenient	0	3	sub-062;sub-084;sub-110	PCG64	20260814	replicate_major_Q0_to_Q1_then_Q1_to_Q2
147	Q0_to_Q1	Q0_all	0	2	sub-036;sub-114	PCG64	20260814	replicate_major_Q0_to_Q1_then_Q1_to_Q2
147	Q1_to_Q2	Q1_lenient	0	3	sub-018;sub-038;sub-066	PCG64	20260814	replicate_major_Q0_to_Q1_then_Q1_to_Q2
148	Q0_to_Q1	Q0_all	0	2	sub-008;sub-038	PCG64	20260814	replicate_major_Q0_to_Q1_then_Q1_to_Q2
148	Q1_to_Q2	Q1_lenient	0	3	sub-068;sub-070;sub-116	PCG64	20260814	replicate_major_Q0_to_Q1_then_Q1_to_Q2
149	Q0_to_Q1	Q0_all	0	2	sub-082;sub-090	PCG64	20260814	replicate_major_Q0_to_Q1_then_Q1_to_Q2
149	Q1_to_Q2	Q1_lenient	0	3	sub-016;sub-070;sub-108	PCG64	20260814	replicate_major_Q0_to_Q1_then_Q1_to_Q2
150	Q0_to_Q1	Q0_all	0	2	sub-020;sub-052	PCG64	20260814	replicate_major_Q0_to_Q1_then_Q1_to_Q2
150	Q1_to_Q2	Q1_lenient	0	3	sub-036;sub-050;sub-110	PCG64	20260814	replicate_major_Q0_to_Q1_then_Q1_to_Q2
151	Q0_to_Q1	Q0_all	0	2	sub-016;sub-044	PCG64	20260814	replicate_major_Q0_to_Q1_then_Q1_to_Q2
151	Q1_to_Q2	Q1_lenient	0	3	sub-016;sub-036;sub-058	PCG64	20260814	replicate_major_Q0_to_Q1_then_Q1_to_Q2
152	Q0_to_Q1	Q0_all	0	2	sub-014;sub-024	PCG64	20260814	replicate_major_Q0_to_Q1_then_Q1_to_Q2
152	Q1_to_Q2	Q1_lenient	0	3	sub-032;sub-044;sub-058	PCG64	20260814	replicate_major_Q0_to_Q1_then_Q1_to_Q2
153	Q0_to_Q1	Q0_all	0	2	sub-014;sub-076	PCG64	20260814	replicate_major_Q0_to_Q1_then_Q1_to_Q2
153	Q1_to_Q2	Q1_lenient	0	3	sub-014;sub-082;sub-106	PCG64	20260814	replicate_major_Q0_to_Q1_then_Q1_to_Q2
154	Q0_to_Q1	Q0_all	0	2	sub-018;sub-046	PCG64	20260814	replicate_major_Q0_to_Q1_then_Q1_to_Q2
154	Q1_to_Q2	Q1_lenient	0	3	sub-002;sub-036;sub-104	PCG64	20260814	replicate_major_Q0_to_Q1_then_Q1_to_Q2
155	Q0_to_Q1	Q0_all	0	2	sub-002;sub-050	PCG64	20260814	replicate_major_Q0_to_Q1_then_Q1_to_Q2
155	Q1_to_Q2	Q1_lenient	0	3	sub-008;sub-040;sub-112	PCG64	20260814	replicate_major_Q0_to_Q1_then_Q1_to_Q2
156	Q0_to_Q1	Q0_all	0	2	sub-096;sub-102	PCG64	20260814	replicate_major_Q0_to_Q1_then_Q1_to_Q2
156	Q1_to_Q2	Q1_lenient	0	3	sub-024;sub-032;sub-098	PCG64	20260814	replicate_major_Q0_to_Q1_then_Q1_to_Q2
157	Q0_to_Q1	Q0_all	0	2	sub-088;sub-096	PCG64	20260814	replicate_major_Q0_to_Q1_then_Q1_to_Q2
157	Q1_to_Q2	Q1_lenient	0	3	sub-008;sub-038;sub-074	PCG64	20260814	replicate_major_Q0_to_Q1_then_Q1_to_Q2
158	Q0_to_Q1	Q0_all	0	2	sub-082;sub-108	PCG64	20260814	replicate_major_Q0_to_Q1_then_Q1_to_Q2
158	Q1_to_Q2	Q1_lenient	0	3	sub-036;sub-068;sub-072	PCG64	20260814	replicate_major_Q0_to_Q1_then_Q1_to_Q2
159	Q0_to_Q1	Q0_all	0	2	sub-038;sub-084	PCG64	20260814	replicate_major_Q0_to_Q1_then_Q1_to_Q2
159	Q1_to_Q2	Q1_lenient	0	3	sub-026;sub-098;sub-108	PCG64	20260814	replicate_major_Q0_to_Q1_then_Q1_to_Q2
160	Q0_to_Q1	Q0_all	0	2	sub-072;sub-106	PCG64	20260814	replicate_major_Q0_to_Q1_then_Q1_to_Q2
160	Q1_to_Q2	Q1_lenient	0	3	sub-014;sub-044;sub-076	PCG64	20260814	replicate_major_Q0_to_Q1_then_Q1_to_Q2
161	Q0_to_Q1	Q0_all	0	2	sub-044;sub-124	PCG64	20260814	replicate_major_Q0_to_Q1_then_Q1_to_Q2
161	Q1_to_Q2	Q1_lenient	0	3	sub-002;sub-036;sub-066	PCG64	20260814	replicate_major_Q0_to_Q1_then_Q1_to_Q2
162	Q0_to_Q1	Q0_all	0	2	sub-076;sub-098	PCG64	20260814	replicate_major_Q0_to_Q1_then_Q1_to_Q2
162	Q1_to_Q2	Q1_lenient	0	3	sub-002;sub-016;sub-088	PCG64	20260814	replicate_major_Q0_to_Q1_then_Q1_to_Q2
163	Q0_to_Q1	Q0_all	0	2	sub-024;sub-090	PCG64	20260814	replicate_major_Q0_to_Q1_then_Q1_to_Q2
163	Q1_to_Q2	Q1_lenient	0	3	sub-032;sub-046;sub-082	PCG64	20260814	replicate_major_Q0_to_Q1_then_Q1_to_Q2
164	Q0_to_Q1	Q0_all	0	2	sub-002;sub-080	PCG64	20260814	replicate_major_Q0_to_Q1_then_Q1_to_Q2
164	Q1_to_Q2	Q1_lenient	0	3	sub-008;sub-036;sub-094	PCG64	20260814	replicate_major_Q0_to_Q1_then_Q1_to_Q2
165	Q0_to_Q1	Q0_all	0	2	sub-054;sub-074	PCG64	20260814	replicate_major_Q0_to_Q1_then_Q1_to_Q2
165	Q1_to_Q2	Q1_lenient	0	3	sub-010;sub-024;sub-080	PCG64	20260814	replicate_major_Q0_to_Q1_then_Q1_to_Q2
166	Q0_to_Q1	Q0_all	0	2	sub-002;sub-102	PCG64	20260814	replicate_major_Q0_to_Q1_then_Q1_to_Q2
166	Q1_to_Q2	Q1_lenient	0	3	sub-082;sub-094;sub-120	PCG64	20260814	replicate_major_Q0_to_Q1_then_Q1_to_Q2
167	Q0_to_Q1	Q0_all	0	2	sub-004;sub-102	PCG64	20260814	replicate_major_Q0_to_Q1_then_Q1_to_Q2
167	Q1_to_Q2	Q1_lenient	0	3	sub-054;sub-118;sub-120	PCG64	20260814	replicate_major_Q0_to_Q1_then_Q1_to_Q2
168	Q0_to_Q1	Q0_all	0	2	sub-056;sub-100	PCG64	20260814	replicate_major_Q0_to_Q1_then_Q1_to_Q2
168	Q1_to_Q2	Q1_lenient	0	3	sub-036;sub-044;sub-084	PCG64	20260814	replicate_major_Q0_to_Q1_then_Q1_to_Q2
169	Q0_to_Q1	Q0_all	0	2	sub-040;sub-062	PCG64	20260814	replicate_major_Q0_to_Q1_then_Q1_to_Q2
169	Q1_to_Q2	Q1_lenient	0	3	sub-038;sub-040;sub-110	PCG64	20260814	replicate_major_Q0_to_Q1_then_Q1_to_Q2
170	Q0_to_Q1	Q0_all	0	2	sub-010;sub-068	PCG64	20260814	replicate_major_Q0_to_Q1_then_Q1_to_Q2
170	Q1_to_Q2	Q1_lenient	0	3	sub-022;sub-056;sub-114	PCG64	20260814	replicate_major_Q0_to_Q1_then_Q1_to_Q2
171	Q0_to_Q1	Q0_all	0	2	sub-044;sub-098	PCG64	20260814	replicate_major_Q0_to_Q1_then_Q1_to_Q2
171	Q1_to_Q2	Q1_lenient	0	3	sub-058;sub-080;sub-098	PCG64	20260814	replicate_major_Q0_to_Q1_then_Q1_to_Q2
172	Q0_to_Q1	Q0_all	0	2	sub-088;sub-112	PCG64	20260814	replicate_major_Q0_to_Q1_then_Q1_to_Q2
172	Q1_to_Q2	Q1_lenient	0	3	sub-088;sub-092;sub-106	PCG64	20260814	replicate_major_Q0_to_Q1_then_Q1_to_Q2
173	Q0_to_Q1	Q0_all	0	2	sub-014;sub-030	PCG64	20260814	replicate_major_Q0_to_Q1_then_Q1_to_Q2
173	Q1_to_Q2	Q1_lenient	0	3	sub-022;sub-102;sub-108	PCG64	20260814	replicate_major_Q0_to_Q1_then_Q1_to_Q2
174	Q0_to_Q1	Q0_all	0	2	sub-022;sub-066	PCG64	20260814	replicate_major_Q0_to_Q1_then_Q1_to_Q2
174	Q1_to_Q2	Q1_lenient	0	3	sub-022;sub-040;sub-056	PCG64	20260814	replicate_major_Q0_to_Q1_then_Q1_to_Q2
175	Q0_to_Q1	Q0_all	0	2	sub-058;sub-060	PCG64	20260814	replicate_major_Q0_to_Q1_then_Q1_to_Q2
175	Q1_to_Q2	Q1_lenient	0	3	sub-082;sub-096;sub-116	PCG64	20260814	replicate_major_Q0_to_Q1_then_Q1_to_Q2
176	Q0_to_Q1	Q0_all	0	2	sub-064;sub-080	PCG64	20260814	replicate_major_Q0_to_Q1_then_Q1_to_Q2
176	Q1_to_Q2	Q1_lenient	0	3	sub-082;sub-106;sub-116	PCG64	20260814	replicate_major_Q0_to_Q1_then_Q1_to_Q2
177	Q0_to_Q1	Q0_all	0	2	sub-014;sub-070	PCG64	20260814	replicate_major_Q0_to_Q1_then_Q1_to_Q2
177	Q1_to_Q2	Q1_lenient	0	3	sub-010;sub-050;sub-118	PCG64	20260814	replicate_major_Q0_to_Q1_then_Q1_to_Q2
178	Q0_to_Q1	Q0_all	0	2	sub-050;sub-068	PCG64	20260814	replicate_major_Q0_to_Q1_then_Q1_to_Q2
178	Q1_to_Q2	Q1_lenient	0	3	sub-014;sub-040;sub-124	PCG64	20260814	replicate_major_Q0_to_Q1_then_Q1_to_Q2
179	Q0_to_Q1	Q0_all	0	2	sub-076;sub-082	PCG64	20260814	replicate_major_Q0_to_Q1_then_Q1_to_Q2
179	Q1_to_Q2	Q1_lenient	0	3	sub-084;sub-088;sub-090	PCG64	20260814	replicate_major_Q0_to_Q1_then_Q1_to_Q2
180	Q0_to_Q1	Q0_all	0	2	sub-104;sub-118	PCG64	20260814	replicate_major_Q0_to_Q1_then_Q1_to_Q2
180	Q1_to_Q2	Q1_lenient	0	3	sub-060;sub-080;sub-112	PCG64	20260814	replicate_major_Q0_to_Q1_then_Q1_to_Q2
181	Q0_to_Q1	Q0_all	0	2	sub-064;sub-116	PCG64	20260814	replicate_major_Q0_to_Q1_then_Q1_to_Q2
181	Q1_to_Q2	Q1_lenient	0	3	sub-010;sub-114;sub-118	PCG64	20260814	replicate_major_Q0_to_Q1_then_Q1_to_Q2
182	Q0_to_Q1	Q0_all	0	2	sub-010;sub-118	PCG64	20260814	replicate_major_Q0_to_Q1_then_Q1_to_Q2
182	Q1_to_Q2	Q1_lenient	0	3	sub-014;sub-082;sub-098	PCG64	20260814	replicate_major_Q0_to_Q1_then_Q1_to_Q2
183	Q0_to_Q1	Q0_all	0	2	sub-094;sub-114	PCG64	20260814	replicate_major_Q0_to_Q1_then_Q1_to_Q2
183	Q1_to_Q2	Q1_lenient	0	3	sub-032;sub-070;sub-096	PCG64	20260814	replicate_major_Q0_to_Q1_then_Q1_to_Q2
184	Q0_to_Q1	Q0_all	0	2	sub-110;sub-124	PCG64	20260814	replicate_major_Q0_to_Q1_then_Q1_to_Q2
184	Q1_to_Q2	Q1_lenient	0	3	sub-002;sub-016;sub-090	PCG64	20260814	replicate_major_Q0_to_Q1_then_Q1_to_Q2
185	Q0_to_Q1	Q0_all	0	2	sub-062;sub-106	PCG64	20260814	replicate_major_Q0_to_Q1_then_Q1_to_Q2
185	Q1_to_Q2	Q1_lenient	0	3	sub-024;sub-050;sub-098	PCG64	20260814	replicate_major_Q0_to_Q1_then_Q1_to_Q2
186	Q0_to_Q1	Q0_all	0	2	sub-056;sub-108	PCG64	20260814	replicate_major_Q0_to_Q1_then_Q1_to_Q2
186	Q1_to_Q2	Q1_lenient	0	3	sub-062;sub-074;sub-098	PCG64	20260814	replicate_major_Q0_to_Q1_then_Q1_to_Q2
187	Q0_to_Q1	Q0_all	0	2	sub-006;sub-038	PCG64	20260814	replicate_major_Q0_to_Q1_then_Q1_to_Q2
187	Q1_to_Q2	Q1_lenient	0	3	sub-006;sub-010;sub-104	PCG64	20260814	replicate_major_Q0_to_Q1_then_Q1_to_Q2
188	Q0_to_Q1	Q0_all	0	2	sub-106;sub-112	PCG64	20260814	replicate_major_Q0_to_Q1_then_Q1_to_Q2
188	Q1_to_Q2	Q1_lenient	0	3	sub-020;sub-024;sub-114	PCG64	20260814	replicate_major_Q0_to_Q1_then_Q1_to_Q2
189	Q0_to_Q1	Q0_all	0	2	sub-050;sub-062	PCG64	20260814	replicate_major_Q0_to_Q1_then_Q1_to_Q2
189	Q1_to_Q2	Q1_lenient	0	3	sub-068;sub-096;sub-098	PCG64	20260814	replicate_major_Q0_to_Q1_then_Q1_to_Q2
190	Q0_to_Q1	Q0_all	0	2	sub-004;sub-038	PCG64	20260814	replicate_major_Q0_to_Q1_then_Q1_to_Q2
190	Q1_to_Q2	Q1_lenient	0	3	sub-102;sub-110;sub-118	PCG64	20260814	replicate_major_Q0_to_Q1_then_Q1_to_Q2
191	Q0_to_Q1	Q0_all	0	2	sub-002;sub-046	PCG64	20260814	replicate_major_Q0_to_Q1_then_Q1_to_Q2
191	Q1_to_Q2	Q1_lenient	0	3	sub-060;sub-072;sub-124	PCG64	20260814	replicate_major_Q0_to_Q1_then_Q1_to_Q2
192	Q0_to_Q1	Q0_all	0	2	sub-030;sub-104	PCG64	20260814	replicate_major_Q0_to_Q1_then_Q1_to_Q2
192	Q1_to_Q2	Q1_lenient	0	3	sub-006;sub-020;sub-066	PCG64	20260814	replicate_major_Q0_to_Q1_then_Q1_to_Q2
193	Q0_to_Q1	Q0_all	0	2	sub-064;sub-084	PCG64	20260814	replicate_major_Q0_to_Q1_then_Q1_to_Q2
193	Q1_to_Q2	Q1_lenient	0	3	sub-052;sub-096;sub-104	PCG64	20260814	replicate_major_Q0_to_Q1_then_Q1_to_Q2
194	Q0_to_Q1	Q0_all	0	2	sub-004;sub-090	PCG64	20260814	replicate_major_Q0_to_Q1_then_Q1_to_Q2
194	Q1_to_Q2	Q1_lenient	0	3	sub-016;sub-052;sub-058	PCG64	20260814	replicate_major_Q0_to_Q1_then_Q1_to_Q2
195	Q0_to_Q1	Q0_all	0	2	sub-076;sub-084	PCG64	20260814	replicate_major_Q0_to_Q1_then_Q1_to_Q2
195	Q1_to_Q2	Q1_lenient	0	3	sub-006;sub-044;sub-092	PCG64	20260814	replicate_major_Q0_to_Q1_then_Q1_to_Q2
196	Q0_to_Q1	Q0_all	0	2	sub-010;sub-080	PCG64	20260814	replicate_major_Q0_to_Q1_then_Q1_to_Q2
196	Q1_to_Q2	Q1_lenient	0	3	sub-006;sub-102;sub-120	PCG64	20260814	replicate_major_Q0_to_Q1_then_Q1_to_Q2
197	Q0_to_Q1	Q0_all	0	2	sub-096;sub-110	PCG64	20260814	replicate_major_Q0_to_Q1_then_Q1_to_Q2
197	Q1_to_Q2	Q1_lenient	0	3	sub-024;sub-068;sub-102	PCG64	20260814	replicate_major_Q0_to_Q1_then_Q1_to_Q2
198	Q0_to_Q1	Q0_all	0	2	sub-076;sub-098	PCG64	20260814	replicate_major_Q0_to_Q1_then_Q1_to_Q2
198	Q1_to_Q2	Q1_lenient	0	3	sub-062;sub-084;sub-114	PCG64	20260814	replicate_major_Q0_to_Q1_then_Q1_to_Q2
199	Q0_to_Q1	Q0_all	0	2	sub-030;sub-102	PCG64	20260814	replicate_major_Q0_to_Q1_then_Q1_to_Q2
199	Q1_to_Q2	Q1_lenient	0	3	sub-004;sub-050;sub-084	PCG64	20260814	replicate_major_Q0_to_Q1_then_Q1_to_Q2
200	Q0_to_Q1	Q0_all	0	2	sub-056;sub-060	PCG64	20260814	replicate_major_Q0_to_Q1_then_Q1_to_Q2
200	Q1_to_Q2	Q1_lenient	0	3	sub-008;sub-064;sub-106	PCG64	20260814	replicate_major_Q0_to_Q1_then_Q1_to_Q2
201	Q0_to_Q1	Q0_all	0	2	sub-008;sub-066	PCG64	20260814	replicate_major_Q0_to_Q1_then_Q1_to_Q2
201	Q1_to_Q2	Q1_lenient	0	3	sub-050;sub-070;sub-090	PCG64	20260814	replicate_major_Q0_to_Q1_then_Q1_to_Q2
202	Q0_to_Q1	Q0_all	0	2	sub-002;sub-044	PCG64	20260814	replicate_major_Q0_to_Q1_then_Q1_to_Q2
202	Q1_to_Q2	Q1_lenient	0	3	sub-026;sub-062;sub-088	PCG64	20260814	replicate_major_Q0_to_Q1_then_Q1_to_Q2
203	Q0_to_Q1	Q0_all	0	2	sub-106;sub-114	PCG64	20260814	replicate_major_Q0_to_Q1_then_Q1_to_Q2
203	Q1_to_Q2	Q1_lenient	0	3	sub-004;sub-080;sub-108	PCG64	20260814	replicate_major_Q0_to_Q1_then_Q1_to_Q2
204	Q0_to_Q1	Q0_all	0	2	sub-044;sub-104	PCG64	20260814	replicate_major_Q0_to_Q1_then_Q1_to_Q2
204	Q1_to_Q2	Q1_lenient	0	3	sub-050;sub-110;sub-118	PCG64	20260814	replicate_major_Q0_to_Q1_then_Q1_to_Q2
205	Q0_to_Q1	Q0_all	0	2	sub-030;sub-038	PCG64	20260814	replicate_major_Q0_to_Q1_then_Q1_to_Q2
205	Q1_to_Q2	Q1_lenient	0	3	sub-056;sub-068;sub-096	PCG64	20260814	replicate_major_Q0_to_Q1_then_Q1_to_Q2
206	Q0_to_Q1	Q0_all	0	2	sub-064;sub-070	PCG64	20260814	replicate_major_Q0_to_Q1_then_Q1_to_Q2
206	Q1_to_Q2	Q1_lenient	0	3	sub-068;sub-096;sub-102	PCG64	20260814	replicate_major_Q0_to_Q1_then_Q1_to_Q2
207	Q0_to_Q1	Q0_all	0	2	sub-036;sub-114	PCG64	20260814	replicate_major_Q0_to_Q1_then_Q1_to_Q2
207	Q1_to_Q2	Q1_lenient	0	3	sub-082;sub-096;sub-118	PCG64	20260814	replicate_major_Q0_to_Q1_then_Q1_to_Q2
208	Q0_to_Q1	Q0_all	0	2	sub-006;sub-032	PCG64	20260814	replicate_major_Q0_to_Q1_then_Q1_to_Q2
208	Q1_to_Q2	Q1_lenient	0	3	sub-014;sub-102;sub-116	PCG64	20260814	replicate_major_Q0_to_Q1_then_Q1_to_Q2
209	Q0_to_Q1	Q0_all	0	2	sub-036;sub-060	PCG64	20260814	replicate_major_Q0_to_Q1_then_Q1_to_Q2
209	Q1_to_Q2	Q1_lenient	0	3	sub-074;sub-098;sub-114	PCG64	20260814	replicate_major_Q0_to_Q1_then_Q1_to_Q2
210	Q0_to_Q1	Q0_all	0	2	sub-040;sub-084	PCG64	20260814	replicate_major_Q0_to_Q1_then_Q1_to_Q2
210	Q1_to_Q2	Q1_lenient	0	3	sub-038;sub-056;sub-068	PCG64	20260814	replicate_major_Q0_to_Q1_then_Q1_to_Q2
211	Q0_to_Q1	Q0_all	0	2	sub-064;sub-106	PCG64	20260814	replicate_major_Q0_to_Q1_then_Q1_to_Q2
211	Q1_to_Q2	Q1_lenient	0	3	sub-076;sub-092;sub-114	PCG64	20260814	replicate_major_Q0_to_Q1_then_Q1_to_Q2
212	Q0_to_Q1	Q0_all	0	2	sub-026;sub-080	PCG64	20260814	replicate_major_Q0_to_Q1_then_Q1_to_Q2
212	Q1_to_Q2	Q1_lenient	0	3	sub-002;sub-062;sub-120	PCG64	20260814	replicate_major_Q0_to_Q1_then_Q1_to_Q2
213	Q0_to_Q1	Q0_all	0	2	sub-098;sub-104	PCG64	20260814	replicate_major_Q0_to_Q1_then_Q1_to_Q2
213	Q1_to_Q2	Q1_lenient	0	3	sub-038;sub-056;sub-096	PCG64	20260814	replicate_major_Q0_to_Q1_then_Q1_to_Q2
214	Q0_to_Q1	Q0_all	0	2	sub-006;sub-090	PCG64	20260814	replicate_major_Q0_to_Q1_then_Q1_to_Q2
214	Q1_to_Q2	Q1_lenient	0	3	sub-018;sub-082;sub-110	PCG64	20260814	replicate_major_Q0_to_Q1_then_Q1_to_Q2
215	Q0_to_Q1	Q0_all	0	2	sub-072;sub-082	PCG64	20260814	replicate_major_Q0_to_Q1_then_Q1_to_Q2
215	Q1_to_Q2	Q1_lenient	0	3	sub-040;sub-068;sub-104	PCG64	20260814	replicate_major_Q0_to_Q1_then_Q1_to_Q2
216	Q0_to_Q1	Q0_all	0	2	sub-044;sub-088	PCG64	20260814	replicate_major_Q0_to_Q1_then_Q1_to_Q2
216	Q1_to_Q2	Q1_lenient	0	3	sub-024;sub-038;sub-074	PCG64	20260814	replicate_major_Q0_to_Q1_then_Q1_to_Q2
217	Q0_to_Q1	Q0_all	0	2	sub-060;sub-064	PCG64	20260814	replicate_major_Q0_to_Q1_then_Q1_to_Q2
217	Q1_to_Q2	Q1_lenient	0	3	sub-054;sub-062;sub-102	PCG64	20260814	replicate_major_Q0_to_Q1_then_Q1_to_Q2
218	Q0_to_Q1	Q0_all	0	2	sub-038;sub-114	PCG64	20260814	replicate_major_Q0_to_Q1_then_Q1_to_Q2
218	Q1_to_Q2	Q1_lenient	0	3	sub-046;sub-120;sub-124	PCG64	20260814	replicate_major_Q0_to_Q1_then_Q1_to_Q2
219	Q0_to_Q1	Q0_all	0	2	sub-030;sub-116	PCG64	20260814	replicate_major_Q0_to_Q1_then_Q1_to_Q2
219	Q1_to_Q2	Q1_lenient	0	3	sub-006;sub-038;sub-044	PCG64	20260814	replicate_major_Q0_to_Q1_then_Q1_to_Q2
220	Q0_to_Q1	Q0_all	0	2	sub-074;sub-098	PCG64	20260814	replicate_major_Q0_to_Q1_then_Q1_to_Q2
220	Q1_to_Q2	Q1_lenient	0	3	sub-006;sub-052;sub-056	PCG64	20260814	replicate_major_Q0_to_Q1_then_Q1_to_Q2
221	Q0_to_Q1	Q0_all	0	2	sub-050;sub-108	PCG64	20260814	replicate_major_Q0_to_Q1_then_Q1_to_Q2
221	Q1_to_Q2	Q1_lenient	0	3	sub-024;sub-038;sub-108	PCG64	20260814	replicate_major_Q0_to_Q1_then_Q1_to_Q2
222	Q0_to_Q1	Q0_all	0	2	sub-094;sub-100	PCG64	20260814	replicate_major_Q0_to_Q1_then_Q1_to_Q2
222	Q1_to_Q2	Q1_lenient	0	3	sub-022;sub-054;sub-114	PCG64	20260814	replicate_major_Q0_to_Q1_then_Q1_to_Q2
223	Q0_to_Q1	Q0_all	0	2	sub-032;sub-084	PCG64	20260814	replicate_major_Q0_to_Q1_then_Q1_to_Q2
223	Q1_to_Q2	Q1_lenient	0	3	sub-096;sub-102;sub-112	PCG64	20260814	replicate_major_Q0_to_Q1_then_Q1_to_Q2
224	Q0_to_Q1	Q0_all	0	2	sub-044;sub-076	PCG64	20260814	replicate_major_Q0_to_Q1_then_Q1_to_Q2
224	Q1_to_Q2	Q1_lenient	0	3	sub-026;sub-106;sub-124	PCG64	20260814	replicate_major_Q0_to_Q1_then_Q1_to_Q2
225	Q0_to_Q1	Q0_all	0	2	sub-062;sub-098	PCG64	20260814	replicate_major_Q0_to_Q1_then_Q1_to_Q2
225	Q1_to_Q2	Q1_lenient	0	3	sub-072;sub-082;sub-112	PCG64	20260814	replicate_major_Q0_to_Q1_then_Q1_to_Q2
226	Q0_to_Q1	Q0_all	0	2	sub-024;sub-116	PCG64	20260814	replicate_major_Q0_to_Q1_then_Q1_to_Q2
226	Q1_to_Q2	Q1_lenient	0	3	sub-056;sub-070;sub-082	PCG64	20260814	replicate_major_Q0_to_Q1_then_Q1_to_Q2
227	Q0_to_Q1	Q0_all	0	2	sub-102;sub-120	PCG64	20260814	replicate_major_Q0_to_Q1_then_Q1_to_Q2
227	Q1_to_Q2	Q1_lenient	0	3	sub-004;sub-046;sub-076	PCG64	20260814	replicate_major_Q0_to_Q1_then_Q1_to_Q2
228	Q0_to_Q1	Q0_all	0	2	sub-032;sub-098	PCG64	20260814	replicate_major_Q0_to_Q1_then_Q1_to_Q2
228	Q1_to_Q2	Q1_lenient	0	3	sub-008;sub-102;sub-108	PCG64	20260814	replicate_major_Q0_to_Q1_then_Q1_to_Q2
229	Q0_to_Q1	Q0_all	0	2	sub-052;sub-090	PCG64	20260814	replicate_major_Q0_to_Q1_then_Q1_to_Q2
229	Q1_to_Q2	Q1_lenient	0	3	sub-002;sub-026;sub-120	PCG64	20260814	replicate_major_Q0_to_Q1_then_Q1_to_Q2
230	Q0_to_Q1	Q0_all	0	2	sub-046;sub-074	PCG64	20260814	replicate_major_Q0_to_Q1_then_Q1_to_Q2
230	Q1_to_Q2	Q1_lenient	0	3	sub-036;sub-108;sub-118	PCG64	20260814	replicate_major_Q0_to_Q1_then_Q1_to_Q2
231	Q0_to_Q1	Q0_all	0	2	sub-032;sub-082	PCG64	20260814	replicate_major_Q0_to_Q1_then_Q1_to_Q2
231	Q1_to_Q2	Q1_lenient	0	3	sub-026;sub-056;sub-092	PCG64	20260814	replicate_major_Q0_to_Q1_then_Q1_to_Q2
232	Q0_to_Q1	Q0_all	0	2	sub-006;sub-046	PCG64	20260814	replicate_major_Q0_to_Q1_then_Q1_to_Q2
232	Q1_to_Q2	Q1_lenient	0	3	sub-026;sub-060;sub-098	PCG64	20260814	replicate_major_Q0_to_Q1_then_Q1_to_Q2
233	Q0_to_Q1	Q0_all	0	2	sub-022;sub-116	PCG64	20260814	replicate_major_Q0_to_Q1_then_Q1_to_Q2
233	Q1_to_Q2	Q1_lenient	0	3	sub-056;sub-066;sub-104	PCG64	20260814	replicate_major_Q0_to_Q1_then_Q1_to_Q2
234	Q0_to_Q1	Q0_all	0	2	sub-046;sub-096	PCG64	20260814	replicate_major_Q0_to_Q1_then_Q1_to_Q2
234	Q1_to_Q2	Q1_lenient	0	3	sub-008;sub-054;sub-080	PCG64	20260814	replicate_major_Q0_to_Q1_then_Q1_to_Q2
235	Q0_to_Q1	Q0_all	0	2	sub-068;sub-082	PCG64	20260814	replicate_major_Q0_to_Q1_then_Q1_to_Q2
235	Q1_to_Q2	Q1_lenient	0	3	sub-022;sub-074;sub-094	PCG64	20260814	replicate_major_Q0_to_Q1_then_Q1_to_Q2
236	Q0_to_Q1	Q0_all	0	2	sub-046;sub-056	PCG64	20260814	replicate_major_Q0_to_Q1_then_Q1_to_Q2
236	Q1_to_Q2	Q1_lenient	0	3	sub-006;sub-064;sub-088	PCG64	20260814	replicate_major_Q0_to_Q1_then_Q1_to_Q2
237	Q0_to_Q1	Q0_all	0	2	sub-036;sub-102	PCG64	20260814	replicate_major_Q0_to_Q1_then_Q1_to_Q2
237	Q1_to_Q2	Q1_lenient	0	3	sub-014;sub-052;sub-076	PCG64	20260814	replicate_major_Q0_to_Q1_then_Q1_to_Q2
238	Q0_to_Q1	Q0_all	0	2	sub-030;sub-096	PCG64	20260814	replicate_major_Q0_to_Q1_then_Q1_to_Q2
238	Q1_to_Q2	Q1_lenient	0	3	sub-064;sub-076;sub-114	PCG64	20260814	replicate_major_Q0_to_Q1_then_Q1_to_Q2
239	Q0_to_Q1	Q0_all	0	2	sub-058;sub-092	PCG64	20260814	replicate_major_Q0_to_Q1_then_Q1_to_Q2
239	Q1_to_Q2	Q1_lenient	0	3	sub-004;sub-064;sub-104	PCG64	20260814	replicate_major_Q0_to_Q1_then_Q1_to_Q2
240	Q0_to_Q1	Q0_all	0	2	sub-046;sub-070	PCG64	20260814	replicate_major_Q0_to_Q1_then_Q1_to_Q2
240	Q1_to_Q2	Q1_lenient	0	3	sub-006;sub-108;sub-110	PCG64	20260814	replicate_major_Q0_to_Q1_then_Q1_to_Q2
241	Q0_to_Q1	Q0_all	0	2	sub-044;sub-098	PCG64	20260814	replicate_major_Q0_to_Q1_then_Q1_to_Q2
241	Q1_to_Q2	Q1_lenient	0	3	sub-036;sub-076;sub-112	PCG64	20260814	replicate_major_Q0_to_Q1_then_Q1_to_Q2
242	Q0_to_Q1	Q0_all	0	2	sub-112;sub-114	PCG64	20260814	replicate_major_Q0_to_Q1_then_Q1_to_Q2
242	Q1_to_Q2	Q1_lenient	0	3	sub-056;sub-082;sub-110	PCG64	20260814	replicate_major_Q0_to_Q1_then_Q1_to_Q2
243	Q0_to_Q1	Q0_all	0	2	sub-010;sub-076	PCG64	20260814	replicate_major_Q0_to_Q1_then_Q1_to_Q2
243	Q1_to_Q2	Q1_lenient	0	3	sub-008;sub-070;sub-106	PCG64	20260814	replicate_major_Q0_to_Q1_then_Q1_to_Q2
244	Q0_to_Q1	Q0_all	0	2	sub-068;sub-112	PCG64	20260814	replicate_major_Q0_to_Q1_then_Q1_to_Q2
244	Q1_to_Q2	Q1_lenient	0	3	sub-092;sub-110;sub-116	PCG64	20260814	replicate_major_Q0_to_Q1_then_Q1_to_Q2
245	Q0_to_Q1	Q0_all	0	2	sub-060;sub-098	PCG64	20260814	replicate_major_Q0_to_Q1_then_Q1_to_Q2
245	Q1_to_Q2	Q1_lenient	0	3	sub-036;sub-040;sub-050	PCG64	20260814	replicate_major_Q0_to_Q1_then_Q1_to_Q2
246	Q0_to_Q1	Q0_all	0	2	sub-094;sub-104	PCG64	20260814	replicate_major_Q0_to_Q1_then_Q1_to_Q2
246	Q1_to_Q2	Q1_lenient	0	3	sub-036;sub-038;sub-046	PCG64	20260814	replicate_major_Q0_to_Q1_then_Q1_to_Q2
247	Q0_to_Q1	Q0_all	0	2	sub-066;sub-118	PCG64	20260814	replicate_major_Q0_to_Q1_then_Q1_to_Q2
247	Q1_to_Q2	Q1_lenient	0	3	sub-006;sub-014;sub-016	PCG64	20260814	replicate_major_Q0_to_Q1_then_Q1_to_Q2
248	Q0_to_Q1	Q0_all	0	2	sub-060;sub-116	PCG64	20260814	replicate_major_Q0_to_Q1_then_Q1_to_Q2
248	Q1_to_Q2	Q1_lenient	0	3	sub-040;sub-064;sub-072	PCG64	20260814	replicate_major_Q0_to_Q1_then_Q1_to_Q2
249	Q0_to_Q1	Q0_all	0	2	sub-020;sub-022	PCG64	20260814	replicate_major_Q0_to_Q1_then_Q1_to_Q2
249	Q1_to_Q2	Q1_lenient	0	3	sub-058;sub-066;sub-116	PCG64	20260814	replicate_major_Q0_to_Q1_then_Q1_to_Q2
250	Q0_to_Q1	Q0_all	0	2	sub-008;sub-020	PCG64	20260814	replicate_major_Q0_to_Q1_then_Q1_to_Q2
250	Q1_to_Q2	Q1_lenient	0	3	sub-032;sub-072;sub-112	PCG64	20260814	replicate_major_Q0_to_Q1_then_Q1_to_Q2
251	Q0_to_Q1	Q0_all	0	2	sub-062;sub-108	PCG64	20260814	replicate_major_Q0_to_Q1_then_Q1_to_Q2
251	Q1_to_Q2	Q1_lenient	0	3	sub-056;sub-092;sub-106	PCG64	20260814	replicate_major_Q0_to_Q1_then_Q1_to_Q2
252	Q0_to_Q1	Q0_all	0	2	sub-090;sub-112	PCG64	20260814	replicate_major_Q0_to_Q1_then_Q1_to_Q2
252	Q1_to_Q2	Q1_lenient	0	3	sub-060;sub-090;sub-096	PCG64	20260814	replicate_major_Q0_to_Q1_then_Q1_to_Q2
253	Q0_to_Q1	Q0_all	0	2	sub-006;sub-032	PCG64	20260814	replicate_major_Q0_to_Q1_then_Q1_to_Q2
253	Q1_to_Q2	Q1_lenient	0	3	sub-010;sub-090;sub-114	PCG64	20260814	replicate_major_Q0_to_Q1_then_Q1_to_Q2
254	Q0_to_Q1	Q0_all	0	2	sub-040;sub-044	PCG64	20260814	replicate_major_Q0_to_Q1_then_Q1_to_Q2
254	Q1_to_Q2	Q1_lenient	0	3	sub-058;sub-088;sub-102	PCG64	20260814	replicate_major_Q0_to_Q1_then_Q1_to_Q2
255	Q0_to_Q1	Q0_all	0	2	sub-016;sub-046	PCG64	20260814	replicate_major_Q0_to_Q1_then_Q1_to_Q2
255	Q1_to_Q2	Q1_lenient	0	3	sub-050;sub-054;sub-062	PCG64	20260814	replicate_major_Q0_to_Q1_then_Q1_to_Q2
256	Q0_to_Q1	Q0_all	0	2	sub-036;sub-072	PCG64	20260814	replicate_major_Q0_to_Q1_then_Q1_to_Q2
256	Q1_to_Q2	Q1_lenient	0	3	sub-010;sub-062;sub-082	PCG64	20260814	replicate_major_Q0_to_Q1_then_Q1_to_Q2
257	Q0_to_Q1	Q0_all	0	2	sub-066;sub-108	PCG64	20260814	replicate_major_Q0_to_Q1_then_Q1_to_Q2
257	Q1_to_Q2	Q1_lenient	0	3	sub-016;sub-072;sub-080	PCG64	20260814	replicate_major_Q0_to_Q1_then_Q1_to_Q2
258	Q0_to_Q1	Q0_all	0	2	sub-060;sub-098	PCG64	20260814	replicate_major_Q0_to_Q1_then_Q1_to_Q2
258	Q1_to_Q2	Q1_lenient	0	3	sub-026;sub-038;sub-070	PCG64	20260814	replicate_major_Q0_to_Q1_then_Q1_to_Q2
259	Q0_to_Q1	Q0_all	0	2	sub-016;sub-098	PCG64	20260814	replicate_major_Q0_to_Q1_then_Q1_to_Q2
259	Q1_to_Q2	Q1_lenient	0	3	sub-016;sub-056;sub-092	PCG64	20260814	replicate_major_Q0_to_Q1_then_Q1_to_Q2
260	Q0_to_Q1	Q0_all	0	2	sub-036;sub-054	PCG64	20260814	replicate_major_Q0_to_Q1_then_Q1_to_Q2
260	Q1_to_Q2	Q1_lenient	0	3	sub-006;sub-080;sub-088	PCG64	20260814	replicate_major_Q0_to_Q1_then_Q1_to_Q2
261	Q0_to_Q1	Q0_all	0	2	sub-064;sub-066	PCG64	20260814	replicate_major_Q0_to_Q1_then_Q1_to_Q2
261	Q1_to_Q2	Q1_lenient	0	3	sub-054;sub-082;sub-114	PCG64	20260814	replicate_major_Q0_to_Q1_then_Q1_to_Q2
262	Q0_to_Q1	Q0_all	0	2	sub-074;sub-092	PCG64	20260814	replicate_major_Q0_to_Q1_then_Q1_to_Q2
262	Q1_to_Q2	Q1_lenient	0	3	sub-016;sub-058;sub-064	PCG64	20260814	replicate_major_Q0_to_Q1_then_Q1_to_Q2
263	Q0_to_Q1	Q0_all	0	2	sub-064;sub-118	PCG64	20260814	replicate_major_Q0_to_Q1_then_Q1_to_Q2
263	Q1_to_Q2	Q1_lenient	0	3	sub-050;sub-080;sub-108	PCG64	20260814	replicate_major_Q0_to_Q1_then_Q1_to_Q2
264	Q0_to_Q1	Q0_all	0	2	sub-108;sub-116	PCG64	20260814	replicate_major_Q0_to_Q1_then_Q1_to_Q2
264	Q1_to_Q2	Q1_lenient	0	3	sub-084;sub-116;sub-124	PCG64	20260814	replicate_major_Q0_to_Q1_then_Q1_to_Q2
265	Q0_to_Q1	Q0_all	0	2	sub-020;sub-038	PCG64	20260814	replicate_major_Q0_to_Q1_then_Q1_to_Q2
265	Q1_to_Q2	Q1_lenient	0	3	sub-032;sub-070;sub-112	PCG64	20260814	replicate_major_Q0_to_Q1_then_Q1_to_Q2
266	Q0_to_Q1	Q0_all	0	2	sub-038;sub-052	PCG64	20260814	replicate_major_Q0_to_Q1_then_Q1_to_Q2
266	Q1_to_Q2	Q1_lenient	0	3	sub-054;sub-112;sub-118	PCG64	20260814	replicate_major_Q0_to_Q1_then_Q1_to_Q2
267	Q0_to_Q1	Q0_all	0	2	sub-004;sub-056	PCG64	20260814	replicate_major_Q0_to_Q1_then_Q1_to_Q2
267	Q1_to_Q2	Q1_lenient	0	3	sub-050;sub-068;sub-118	PCG64	20260814	replicate_major_Q0_to_Q1_then_Q1_to_Q2
268	Q0_to_Q1	Q0_all	0	2	sub-072;sub-120	PCG64	20260814	replicate_major_Q0_to_Q1_then_Q1_to_Q2
268	Q1_to_Q2	Q1_lenient	0	3	sub-002;sub-032;sub-110	PCG64	20260814	replicate_major_Q0_to_Q1_then_Q1_to_Q2
269	Q0_to_Q1	Q0_all	0	2	sub-060;sub-098	PCG64	20260814	replicate_major_Q0_to_Q1_then_Q1_to_Q2
269	Q1_to_Q2	Q1_lenient	0	3	sub-054;sub-072;sub-102	PCG64	20260814	replicate_major_Q0_to_Q1_then_Q1_to_Q2
270	Q0_to_Q1	Q0_all	0	2	sub-022;sub-120	PCG64	20260814	replicate_major_Q0_to_Q1_then_Q1_to_Q2
270	Q1_to_Q2	Q1_lenient	0	3	sub-010;sub-040;sub-110	PCG64	20260814	replicate_major_Q0_to_Q1_then_Q1_to_Q2
271	Q0_to_Q1	Q0_all	0	2	sub-084;sub-116	PCG64	20260814	replicate_major_Q0_to_Q1_then_Q1_to_Q2
271	Q1_to_Q2	Q1_lenient	0	3	sub-024;sub-076;sub-084	PCG64	20260814	replicate_major_Q0_to_Q1_then_Q1_to_Q2
272	Q0_to_Q1	Q0_all	0	2	sub-072;sub-088	PCG64	20260814	replicate_major_Q0_to_Q1_then_Q1_to_Q2
272	Q1_to_Q2	Q1_lenient	0	3	sub-052;sub-096;sub-124	PCG64	20260814	replicate_major_Q0_to_Q1_then_Q1_to_Q2
273	Q0_to_Q1	Q0_all	0	2	sub-056;sub-114	PCG64	20260814	replicate_major_Q0_to_Q1_then_Q1_to_Q2
273	Q1_to_Q2	Q1_lenient	0	3	sub-006;sub-010;sub-060	PCG64	20260814	replicate_major_Q0_to_Q1_then_Q1_to_Q2
274	Q0_to_Q1	Q0_all	0	2	sub-084;sub-112	PCG64	20260814	replicate_major_Q0_to_Q1_then_Q1_to_Q2
274	Q1_to_Q2	Q1_lenient	0	3	sub-062;sub-074;sub-084	PCG64	20260814	replicate_major_Q0_to_Q1_then_Q1_to_Q2
275	Q0_to_Q1	Q0_all	0	2	sub-032;sub-060	PCG64	20260814	replicate_major_Q0_to_Q1_then_Q1_to_Q2
275	Q1_to_Q2	Q1_lenient	0	3	sub-040;sub-074;sub-110	PCG64	20260814	replicate_major_Q0_to_Q1_then_Q1_to_Q2
276	Q0_to_Q1	Q0_all	0	2	sub-002;sub-014	PCG64	20260814	replicate_major_Q0_to_Q1_then_Q1_to_Q2
276	Q1_to_Q2	Q1_lenient	0	3	sub-056;sub-084;sub-094	PCG64	20260814	replicate_major_Q0_to_Q1_then_Q1_to_Q2
277	Q0_to_Q1	Q0_all	0	2	sub-032;sub-068	PCG64	20260814	replicate_major_Q0_to_Q1_then_Q1_to_Q2
277	Q1_to_Q2	Q1_lenient	0	3	sub-056;sub-098;sub-106	PCG64	20260814	replicate_major_Q0_to_Q1_then_Q1_to_Q2
278	Q0_to_Q1	Q0_all	0	2	sub-014;sub-076	PCG64	20260814	replicate_major_Q0_to_Q1_then_Q1_to_Q2
278	Q1_to_Q2	Q1_lenient	0	3	sub-016;sub-052;sub-060	PCG64	20260814	replicate_major_Q0_to_Q1_then_Q1_to_Q2
279	Q0_to_Q1	Q0_all	0	2	sub-006;sub-090	PCG64	20260814	replicate_major_Q0_to_Q1_then_Q1_to_Q2
279	Q1_to_Q2	Q1_lenient	0	3	sub-060;sub-098;sub-104	PCG64	20260814	replicate_major_Q0_to_Q1_then_Q1_to_Q2
280	Q0_to_Q1	Q0_all	0	2	sub-060;sub-110	PCG64	20260814	replicate_major_Q0_to_Q1_then_Q1_to_Q2
280	Q1_to_Q2	Q1_lenient	0	3	sub-020;sub-070;sub-088	PCG64	20260814	replicate_major_Q0_to_Q1_then_Q1_to_Q2
281	Q0_to_Q1	Q0_all	0	2	sub-032;sub-040	PCG64	20260814	replicate_major_Q0_to_Q1_then_Q1_to_Q2
281	Q1_to_Q2	Q1_lenient	0	3	sub-006;sub-096;sub-112	PCG64	20260814	replicate_major_Q0_to_Q1_then_Q1_to_Q2
282	Q0_to_Q1	Q0_all	0	2	sub-090;sub-112	PCG64	20260814	replicate_major_Q0_to_Q1_then_Q1_to_Q2
282	Q1_to_Q2	Q1_lenient	0	3	sub-064;sub-088;sub-102	PCG64	20260814	replicate_major_Q0_to_Q1_then_Q1_to_Q2
283	Q0_to_Q1	Q0_all	0	2	sub-094;sub-100	PCG64	20260814	replicate_major_Q0_to_Q1_then_Q1_to_Q2
283	Q1_to_Q2	Q1_lenient	0	3	sub-032;sub-046;sub-116	PCG64	20260814	replicate_major_Q0_to_Q1_then_Q1_to_Q2
284	Q0_to_Q1	Q0_all	0	2	sub-096;sub-106	PCG64	20260814	replicate_major_Q0_to_Q1_then_Q1_to_Q2
284	Q1_to_Q2	Q1_lenient	0	3	sub-018;sub-098;sub-106	PCG64	20260814	replicate_major_Q0_to_Q1_then_Q1_to_Q2
285	Q0_to_Q1	Q0_all	0	2	sub-022;sub-120	PCG64	20260814	replicate_major_Q0_to_Q1_then_Q1_to_Q2
285	Q1_to_Q2	Q1_lenient	0	3	sub-054;sub-090;sub-094	PCG64	20260814	replicate_major_Q0_to_Q1_then_Q1_to_Q2
286	Q0_to_Q1	Q0_all	0	2	sub-020;sub-044	PCG64	20260814	replicate_major_Q0_to_Q1_then_Q1_to_Q2
286	Q1_to_Q2	Q1_lenient	0	3	sub-002;sub-112;sub-118	PCG64	20260814	replicate_major_Q0_to_Q1_then_Q1_to_Q2
287	Q0_to_Q1	Q0_all	0	2	sub-072;sub-114	PCG64	20260814	replicate_major_Q0_to_Q1_then_Q1_to_Q2
287	Q1_to_Q2	Q1_lenient	0	3	sub-070;sub-082;sub-120	PCG64	20260814	replicate_major_Q0_to_Q1_then_Q1_to_Q2
288	Q0_to_Q1	Q0_all	0	2	sub-068;sub-088	PCG64	20260814	replicate_major_Q0_to_Q1_then_Q1_to_Q2
288	Q1_to_Q2	Q1_lenient	0	3	sub-098;sub-112;sub-124	PCG64	20260814	replicate_major_Q0_to_Q1_then_Q1_to_Q2
289	Q0_to_Q1	Q0_all	0	2	sub-032;sub-050	PCG64	20260814	replicate_major_Q0_to_Q1_then_Q1_to_Q2
289	Q1_to_Q2	Q1_lenient	0	3	sub-026;sub-066;sub-090	PCG64	20260814	replicate_major_Q0_to_Q1_then_Q1_to_Q2
290	Q0_to_Q1	Q0_all	0	2	sub-022;sub-118	PCG64	20260814	replicate_major_Q0_to_Q1_then_Q1_to_Q2
290	Q1_to_Q2	Q1_lenient	0	3	sub-038;sub-088;sub-116	PCG64	20260814	replicate_major_Q0_to_Q1_then_Q1_to_Q2
291	Q0_to_Q1	Q0_all	0	2	sub-006;sub-098	PCG64	20260814	replicate_major_Q0_to_Q1_then_Q1_to_Q2
291	Q1_to_Q2	Q1_lenient	0	3	sub-038;sub-068;sub-096	PCG64	20260814	replicate_major_Q0_to_Q1_then_Q1_to_Q2
292	Q0_to_Q1	Q0_all	0	2	sub-072;sub-106	PCG64	20260814	replicate_major_Q0_to_Q1_then_Q1_to_Q2
292	Q1_to_Q2	Q1_lenient	0	3	sub-024;sub-080;sub-114	PCG64	20260814	replicate_major_Q0_to_Q1_then_Q1_to_Q2
293	Q0_to_Q1	Q0_all	0	2	sub-020;sub-068	PCG64	20260814	replicate_major_Q0_to_Q1_then_Q1_to_Q2
293	Q1_to_Q2	Q1_lenient	0	3	sub-044;sub-108;sub-114	PCG64	20260814	replicate_major_Q0_to_Q1_then_Q1_to_Q2
294	Q0_to_Q1	Q0_all	0	2	sub-040;sub-110	PCG64	20260814	replicate_major_Q0_to_Q1_then_Q1_to_Q2
294	Q1_to_Q2	Q1_lenient	0	3	sub-026;sub-098;sub-116	PCG64	20260814	replicate_major_Q0_to_Q1_then_Q1_to_Q2
295	Q0_to_Q1	Q0_all	0	2	sub-032;sub-046	PCG64	20260814	replicate_major_Q0_to_Q1_then_Q1_to_Q2
295	Q1_to_Q2	Q1_lenient	0	3	sub-046;sub-052;sub-074	PCG64	20260814	replicate_major_Q0_to_Q1_then_Q1_to_Q2
296	Q0_to_Q1	Q0_all	0	2	sub-024;sub-046	PCG64	20260814	replicate_major_Q0_to_Q1_then_Q1_to_Q2
296	Q1_to_Q2	Q1_lenient	0	3	sub-052;sub-054;sub-060	PCG64	20260814	replicate_major_Q0_to_Q1_then_Q1_to_Q2
297	Q0_to_Q1	Q0_all	0	2	sub-024;sub-062	PCG64	20260814	replicate_major_Q0_to_Q1_then_Q1_to_Q2
297	Q1_to_Q2	Q1_lenient	0	3	sub-094;sub-102;sub-118	PCG64	20260814	replicate_major_Q0_to_Q1_then_Q1_to_Q2
298	Q0_to_Q1	Q0_all	0	2	sub-052;sub-116	PCG64	20260814	replicate_major_Q0_to_Q1_then_Q1_to_Q2
298	Q1_to_Q2	Q1_lenient	0	3	sub-010;sub-094;sub-110	PCG64	20260814	replicate_major_Q0_to_Q1_then_Q1_to_Q2
299	Q0_to_Q1	Q0_all	0	2	sub-002;sub-024	PCG64	20260814	replicate_major_Q0_to_Q1_then_Q1_to_Q2
299	Q1_to_Q2	Q1_lenient	0	3	sub-062;sub-096;sub-114	PCG64	20260814	replicate_major_Q0_to_Q1_then_Q1_to_Q2
300	Q0_to_Q1	Q0_all	0	2	sub-020;sub-032	PCG64	20260814	replicate_major_Q0_to_Q1_then_Q1_to_Q2
300	Q1_to_Q2	Q1_lenient	0	3	sub-066;sub-080;sub-110	PCG64	20260814	replicate_major_Q0_to_Q1_then_Q1_to_Q2
301	Q0_to_Q1	Q0_all	0	2	sub-052;sub-094	PCG64	20260814	replicate_major_Q0_to_Q1_then_Q1_to_Q2
301	Q1_to_Q2	Q1_lenient	0	3	sub-024;sub-032;sub-080	PCG64	20260814	replicate_major_Q0_to_Q1_then_Q1_to_Q2
302	Q0_to_Q1	Q0_all	0	2	sub-038;sub-094	PCG64	20260814	replicate_major_Q0_to_Q1_then_Q1_to_Q2
302	Q1_to_Q2	Q1_lenient	0	3	sub-004;sub-020;sub-022	PCG64	20260814	replicate_major_Q0_to_Q1_then_Q1_to_Q2
303	Q0_to_Q1	Q0_all	0	2	sub-008;sub-120	PCG64	20260814	replicate_major_Q0_to_Q1_then_Q1_to_Q2
303	Q1_to_Q2	Q1_lenient	0	3	sub-072;sub-092;sub-118	PCG64	20260814	replicate_major_Q0_to_Q1_then_Q1_to_Q2
304	Q0_to_Q1	Q0_all	0	2	sub-058;sub-076	PCG64	20260814	replicate_major_Q0_to_Q1_then_Q1_to_Q2
304	Q1_to_Q2	Q1_lenient	0	3	sub-020;sub-064;sub-072	PCG64	20260814	replicate_major_Q0_to_Q1_then_Q1_to_Q2
305	Q0_to_Q1	Q0_all	0	2	sub-044;sub-108	PCG64	20260814	replicate_major_Q0_to_Q1_then_Q1_to_Q2
305	Q1_to_Q2	Q1_lenient	0	3	sub-014;sub-038;sub-064	PCG64	20260814	replicate_major_Q0_to_Q1_then_Q1_to_Q2
306	Q0_to_Q1	Q0_all	0	2	sub-036;sub-072	PCG64	20260814	replicate_major_Q0_to_Q1_then_Q1_to_Q2
306	Q1_to_Q2	Q1_lenient	0	3	sub-006;sub-008;sub-106	PCG64	20260814	replicate_major_Q0_to_Q1_then_Q1_to_Q2
307	Q0_to_Q1	Q0_all	0	2	sub-052;sub-110	PCG64	20260814	replicate_major_Q0_to_Q1_then_Q1_to_Q2
307	Q1_to_Q2	Q1_lenient	0	3	sub-010;sub-046;sub-096	PCG64	20260814	replicate_major_Q0_to_Q1_then_Q1_to_Q2
308	Q0_to_Q1	Q0_all	0	2	sub-026;sub-092	PCG64	20260814	replicate_major_Q0_to_Q1_then_Q1_to_Q2
308	Q1_to_Q2	Q1_lenient	0	3	sub-016;sub-058;sub-092	PCG64	20260814	replicate_major_Q0_to_Q1_then_Q1_to_Q2
309	Q0_to_Q1	Q0_all	0	2	sub-060;sub-106	PCG64	20260814	replicate_major_Q0_to_Q1_then_Q1_to_Q2
309	Q1_to_Q2	Q1_lenient	0	3	sub-004;sub-044;sub-054	PCG64	20260814	replicate_major_Q0_to_Q1_then_Q1_to_Q2
310	Q0_to_Q1	Q0_all	0	2	sub-018;sub-030	PCG64	20260814	replicate_major_Q0_to_Q1_then_Q1_to_Q2
310	Q1_to_Q2	Q1_lenient	0	3	sub-062;sub-068;sub-072	PCG64	20260814	replicate_major_Q0_to_Q1_then_Q1_to_Q2
311	Q0_to_Q1	Q0_all	0	2	sub-002;sub-054	PCG64	20260814	replicate_major_Q0_to_Q1_then_Q1_to_Q2
311	Q1_to_Q2	Q1_lenient	0	3	sub-024;sub-064;sub-104	PCG64	20260814	replicate_major_Q0_to_Q1_then_Q1_to_Q2
312	Q0_to_Q1	Q0_all	0	2	sub-018;sub-056	PCG64	20260814	replicate_major_Q0_to_Q1_then_Q1_to_Q2
312	Q1_to_Q2	Q1_lenient	0	3	sub-038;sub-102;sub-116	PCG64	20260814	replicate_major_Q0_to_Q1_then_Q1_to_Q2
313	Q0_to_Q1	Q0_all	0	2	sub-032;sub-036	PCG64	20260814	replicate_major_Q0_to_Q1_then_Q1_to_Q2
313	Q1_to_Q2	Q1_lenient	0	3	sub-008;sub-016;sub-072	PCG64	20260814	replicate_major_Q0_to_Q1_then_Q1_to_Q2
314	Q0_to_Q1	Q0_all	0	2	sub-070;sub-084	PCG64	20260814	replicate_major_Q0_to_Q1_then_Q1_to_Q2
314	Q1_to_Q2	Q1_lenient	0	3	sub-014;sub-026;sub-116	PCG64	20260814	replicate_major_Q0_to_Q1_then_Q1_to_Q2
315	Q0_to_Q1	Q0_all	0	2	sub-022;sub-120	PCG64	20260814	replicate_major_Q0_to_Q1_then_Q1_to_Q2
315	Q1_to_Q2	Q1_lenient	0	3	sub-014;sub-084;sub-106	PCG64	20260814	replicate_major_Q0_to_Q1_then_Q1_to_Q2
316	Q0_to_Q1	Q0_all	0	2	sub-002;sub-054	PCG64	20260814	replicate_major_Q0_to_Q1_then_Q1_to_Q2
316	Q1_to_Q2	Q1_lenient	0	3	sub-076;sub-104;sub-118	PCG64	20260814	replicate_major_Q0_to_Q1_then_Q1_to_Q2
317	Q0_to_Q1	Q0_all	0	2	sub-056;sub-106	PCG64	20260814	replicate_major_Q0_to_Q1_then_Q1_to_Q2
317	Q1_to_Q2	Q1_lenient	0	3	sub-014;sub-020;sub-044	PCG64	20260814	replicate_major_Q0_to_Q1_then_Q1_to_Q2
318	Q0_to_Q1	Q0_all	0	2	sub-008;sub-058	PCG64	20260814	replicate_major_Q0_to_Q1_then_Q1_to_Q2
318	Q1_to_Q2	Q1_lenient	0	3	sub-074;sub-106;sub-114	PCG64	20260814	replicate_major_Q0_to_Q1_then_Q1_to_Q2
319	Q0_to_Q1	Q0_all	0	2	sub-024;sub-118	PCG64	20260814	replicate_major_Q0_to_Q1_then_Q1_to_Q2
319	Q1_to_Q2	Q1_lenient	0	3	sub-050;sub-058;sub-070	PCG64	20260814	replicate_major_Q0_to_Q1_then_Q1_to_Q2
320	Q0_to_Q1	Q0_all	0	2	sub-044;sub-062	PCG64	20260814	replicate_major_Q0_to_Q1_then_Q1_to_Q2
320	Q1_to_Q2	Q1_lenient	0	3	sub-036;sub-102;sub-104	PCG64	20260814	replicate_major_Q0_to_Q1_then_Q1_to_Q2
321	Q0_to_Q1	Q0_all	0	2	sub-032;sub-106	PCG64	20260814	replicate_major_Q0_to_Q1_then_Q1_to_Q2
321	Q1_to_Q2	Q1_lenient	0	3	sub-072;sub-076;sub-088	PCG64	20260814	replicate_major_Q0_to_Q1_then_Q1_to_Q2
322	Q0_to_Q1	Q0_all	0	2	sub-006;sub-056	PCG64	20260814	replicate_major_Q0_to_Q1_then_Q1_to_Q2
322	Q1_to_Q2	Q1_lenient	0	3	sub-038;sub-088;sub-108	PCG64	20260814	replicate_major_Q0_to_Q1_then_Q1_to_Q2
323	Q0_to_Q1	Q0_all	0	2	sub-004;sub-008	PCG64	20260814	replicate_major_Q0_to_Q1_then_Q1_to_Q2
323	Q1_to_Q2	Q1_lenient	0	3	sub-058;sub-064;sub-068	PCG64	20260814	replicate_major_Q0_to_Q1_then_Q1_to_Q2
324	Q0_to_Q1	Q0_all	0	2	sub-090;sub-094	PCG64	20260814	replicate_major_Q0_to_Q1_then_Q1_to_Q2
324	Q1_to_Q2	Q1_lenient	0	3	sub-054;sub-056;sub-102	PCG64	20260814	replicate_major_Q0_to_Q1_then_Q1_to_Q2
325	Q0_to_Q1	Q0_all	0	2	sub-020;sub-100	PCG64	20260814	replicate_major_Q0_to_Q1_then_Q1_to_Q2
325	Q1_to_Q2	Q1_lenient	0	3	sub-058;sub-066;sub-116	PCG64	20260814	replicate_major_Q0_to_Q1_then_Q1_to_Q2
326	Q0_to_Q1	Q0_all	0	2	sub-038;sub-098	PCG64	20260814	replicate_major_Q0_to_Q1_then_Q1_to_Q2
326	Q1_to_Q2	Q1_lenient	0	3	sub-046;sub-054;sub-062	PCG64	20260814	replicate_major_Q0_to_Q1_then_Q1_to_Q2
327	Q0_to_Q1	Q0_all	0	2	sub-026;sub-090	PCG64	20260814	replicate_major_Q0_to_Q1_then_Q1_to_Q2
327	Q1_to_Q2	Q1_lenient	0	3	sub-036;sub-068;sub-110	PCG64	20260814	replicate_major_Q0_to_Q1_then_Q1_to_Q2
328	Q0_to_Q1	Q0_all	0	2	sub-006;sub-120	PCG64	20260814	replicate_major_Q0_to_Q1_then_Q1_to_Q2
328	Q1_to_Q2	Q1_lenient	0	3	sub-036;sub-064;sub-124	PCG64	20260814	replicate_major_Q0_to_Q1_then_Q1_to_Q2
329	Q0_to_Q1	Q0_all	0	2	sub-080;sub-104	PCG64	20260814	replicate_major_Q0_to_Q1_then_Q1_to_Q2
329	Q1_to_Q2	Q1_lenient	0	3	sub-026;sub-038;sub-066	PCG64	20260814	replicate_major_Q0_to_Q1_then_Q1_to_Q2
330	Q0_to_Q1	Q0_all	0	2	sub-068;sub-072	PCG64	20260814	replicate_major_Q0_to_Q1_then_Q1_to_Q2
330	Q1_to_Q2	Q1_lenient	0	3	sub-046;sub-068;sub-076	PCG64	20260814	replicate_major_Q0_to_Q1_then_Q1_to_Q2
331	Q0_to_Q1	Q0_all	0	2	sub-092;sub-096	PCG64	20260814	replicate_major_Q0_to_Q1_then_Q1_to_Q2
331	Q1_to_Q2	Q1_lenient	0	3	sub-014;sub-114;sub-118	PCG64	20260814	replicate_major_Q0_to_Q1_then_Q1_to_Q2
332	Q0_to_Q1	Q0_all	0	2	sub-050;sub-080	PCG64	20260814	replicate_major_Q0_to_Q1_then_Q1_to_Q2
332	Q1_to_Q2	Q1_lenient	0	3	sub-014;sub-066;sub-090	PCG64	20260814	replicate_major_Q0_to_Q1_then_Q1_to_Q2
333	Q0_to_Q1	Q0_all	0	2	sub-014;sub-062	PCG64	20260814	replicate_major_Q0_to_Q1_then_Q1_to_Q2
333	Q1_to_Q2	Q1_lenient	0	3	sub-020;sub-024;sub-062	PCG64	20260814	replicate_major_Q0_to_Q1_then_Q1_to_Q2
334	Q0_to_Q1	Q0_all	0	2	sub-088;sub-092	PCG64	20260814	replicate_major_Q0_to_Q1_then_Q1_to_Q2
334	Q1_to_Q2	Q1_lenient	0	3	sub-052;sub-054;sub-066	PCG64	20260814	replicate_major_Q0_to_Q1_then_Q1_to_Q2
335	Q0_to_Q1	Q0_all	0	2	sub-004;sub-030	PCG64	20260814	replicate_major_Q0_to_Q1_then_Q1_to_Q2
335	Q1_to_Q2	Q1_lenient	0	3	sub-044;sub-096;sub-112	PCG64	20260814	replicate_major_Q0_to_Q1_then_Q1_to_Q2
336	Q0_to_Q1	Q0_all	0	2	sub-026;sub-094	PCG64	20260814	replicate_major_Q0_to_Q1_then_Q1_to_Q2
336	Q1_to_Q2	Q1_lenient	0	3	sub-018;sub-068;sub-120	PCG64	20260814	replicate_major_Q0_to_Q1_then_Q1_to_Q2
337	Q0_to_Q1	Q0_all	0	2	sub-038;sub-058	PCG64	20260814	replicate_major_Q0_to_Q1_then_Q1_to_Q2
337	Q1_to_Q2	Q1_lenient	0	3	sub-020;sub-072;sub-102	PCG64	20260814	replicate_major_Q0_to_Q1_then_Q1_to_Q2
338	Q0_to_Q1	Q0_all	0	2	sub-058;sub-088	PCG64	20260814	replicate_major_Q0_to_Q1_then_Q1_to_Q2
338	Q1_to_Q2	Q1_lenient	0	3	sub-054;sub-072;sub-110	PCG64	20260814	replicate_major_Q0_to_Q1_then_Q1_to_Q2
339	Q0_to_Q1	Q0_all	0	2	sub-064;sub-080	PCG64	20260814	replicate_major_Q0_to_Q1_then_Q1_to_Q2
339	Q1_to_Q2	Q1_lenient	0	3	sub-008;sub-044;sub-104	PCG64	20260814	replicate_major_Q0_to_Q1_then_Q1_to_Q2
340	Q0_to_Q1	Q0_all	0	2	sub-074;sub-090	PCG64	20260814	replicate_major_Q0_to_Q1_then_Q1_to_Q2
340	Q1_to_Q2	Q1_lenient	0	3	sub-020;sub-056;sub-110	PCG64	20260814	replicate_major_Q0_to_Q1_then_Q1_to_Q2
341	Q0_to_Q1	Q0_all	0	2	sub-020;sub-058	PCG64	20260814	replicate_major_Q0_to_Q1_then_Q1_to_Q2
341	Q1_to_Q2	Q1_lenient	0	3	sub-002;sub-026;sub-118	PCG64	20260814	replicate_major_Q0_to_Q1_then_Q1_to_Q2
342	Q0_to_Q1	Q0_all	0	2	sub-064;sub-112	PCG64	20260814	replicate_major_Q0_to_Q1_then_Q1_to_Q2
342	Q1_to_Q2	Q1_lenient	0	3	sub-084;sub-092;sub-096	PCG64	20260814	replicate_major_Q0_to_Q1_then_Q1_to_Q2
343	Q0_to_Q1	Q0_all	0	2	sub-066;sub-074	PCG64	20260814	replicate_major_Q0_to_Q1_then_Q1_to_Q2
343	Q1_to_Q2	Q1_lenient	0	3	sub-008;sub-066;sub-116	PCG64	20260814	replicate_major_Q0_to_Q1_then_Q1_to_Q2
344	Q0_to_Q1	Q0_all	0	2	sub-036;sub-098	PCG64	20260814	replicate_major_Q0_to_Q1_then_Q1_to_Q2
344	Q1_to_Q2	Q1_lenient	0	3	sub-006;sub-058;sub-114	PCG64	20260814	replicate_major_Q0_to_Q1_then_Q1_to_Q2
345	Q0_to_Q1	Q0_all	0	2	sub-002;sub-098	PCG64	20260814	replicate_major_Q0_to_Q1_then_Q1_to_Q2
345	Q1_to_Q2	Q1_lenient	0	3	sub-040;sub-082;sub-118	PCG64	20260814	replicate_major_Q0_to_Q1_then_Q1_to_Q2
346	Q0_to_Q1	Q0_all	0	2	sub-072;sub-098	PCG64	20260814	replicate_major_Q0_to_Q1_then_Q1_to_Q2
346	Q1_to_Q2	Q1_lenient	0	3	sub-054;sub-058;sub-066	PCG64	20260814	replicate_major_Q0_to_Q1_then_Q1_to_Q2
347	Q0_to_Q1	Q0_all	0	2	sub-076;sub-094	PCG64	20260814	replicate_major_Q0_to_Q1_then_Q1_to_Q2
347	Q1_to_Q2	Q1_lenient	0	3	sub-016;sub-038;sub-094	PCG64	20260814	replicate_major_Q0_to_Q1_then_Q1_to_Q2
348	Q0_to_Q1	Q0_all	0	2	sub-074;sub-098	PCG64	20260814	replicate_major_Q0_to_Q1_then_Q1_to_Q2
348	Q1_to_Q2	Q1_lenient	0	3	sub-022;sub-068;sub-084	PCG64	20260814	replicate_major_Q0_to_Q1_then_Q1_to_Q2
349	Q0_to_Q1	Q0_all	0	2	sub-096;sub-112	PCG64	20260814	replicate_major_Q0_to_Q1_then_Q1_to_Q2
349	Q1_to_Q2	Q1_lenient	0	3	sub-014;sub-074;sub-094	PCG64	20260814	replicate_major_Q0_to_Q1_then_Q1_to_Q2
350	Q0_to_Q1	Q0_all	0	2	sub-026;sub-112	PCG64	20260814	replicate_major_Q0_to_Q1_then_Q1_to_Q2
350	Q1_to_Q2	Q1_lenient	0	3	sub-014;sub-024;sub-054	PCG64	20260814	replicate_major_Q0_to_Q1_then_Q1_to_Q2
351	Q0_to_Q1	Q0_all	0	2	sub-100;sub-104	PCG64	20260814	replicate_major_Q0_to_Q1_then_Q1_to_Q2
351	Q1_to_Q2	Q1_lenient	0	3	sub-036;sub-046;sub-112	PCG64	20260814	replicate_major_Q0_to_Q1_then_Q1_to_Q2
352	Q0_to_Q1	Q0_all	0	2	sub-004;sub-090	PCG64	20260814	replicate_major_Q0_to_Q1_then_Q1_to_Q2
352	Q1_to_Q2	Q1_lenient	0	3	sub-066;sub-080;sub-108	PCG64	20260814	replicate_major_Q0_to_Q1_then_Q1_to_Q2
353	Q0_to_Q1	Q0_all	0	2	sub-098;sub-120	PCG64	20260814	replicate_major_Q0_to_Q1_then_Q1_to_Q2
353	Q1_to_Q2	Q1_lenient	0	3	sub-008;sub-020;sub-114	PCG64	20260814	replicate_major_Q0_to_Q1_then_Q1_to_Q2
354	Q0_to_Q1	Q0_all	0	2	sub-058;sub-088	PCG64	20260814	replicate_major_Q0_to_Q1_then_Q1_to_Q2
354	Q1_to_Q2	Q1_lenient	0	3	sub-006;sub-070;sub-120	PCG64	20260814	replicate_major_Q0_to_Q1_then_Q1_to_Q2
355	Q0_to_Q1	Q0_all	0	2	sub-010;sub-052	PCG64	20260814	replicate_major_Q0_to_Q1_then_Q1_to_Q2
355	Q1_to_Q2	Q1_lenient	0	3	sub-026;sub-096;sub-116	PCG64	20260814	replicate_major_Q0_to_Q1_then_Q1_to_Q2
356	Q0_to_Q1	Q0_all	0	2	sub-050;sub-088	PCG64	20260814	replicate_major_Q0_to_Q1_then_Q1_to_Q2
356	Q1_to_Q2	Q1_lenient	0	3	sub-022;sub-046;sub-104	PCG64	20260814	replicate_major_Q0_to_Q1_then_Q1_to_Q2
357	Q0_to_Q1	Q0_all	0	2	sub-088;sub-108	PCG64	20260814	replicate_major_Q0_to_Q1_then_Q1_to_Q2
357	Q1_to_Q2	Q1_lenient	0	3	sub-006;sub-020;sub-036	PCG64	20260814	replicate_major_Q0_to_Q1_then_Q1_to_Q2
358	Q0_to_Q1	Q0_all	0	2	sub-002;sub-038	PCG64	20260814	replicate_major_Q0_to_Q1_then_Q1_to_Q2
358	Q1_to_Q2	Q1_lenient	0	3	sub-010;sub-032;sub-044	PCG64	20260814	replicate_major_Q0_to_Q1_then_Q1_to_Q2
359	Q0_to_Q1	Q0_all	0	2	sub-072;sub-116	PCG64	20260814	replicate_major_Q0_to_Q1_then_Q1_to_Q2
359	Q1_to_Q2	Q1_lenient	0	3	sub-024;sub-068;sub-076	PCG64	20260814	replicate_major_Q0_to_Q1_then_Q1_to_Q2
360	Q0_to_Q1	Q0_all	0	2	sub-022;sub-096	PCG64	20260814	replicate_major_Q0_to_Q1_then_Q1_to_Q2
360	Q1_to_Q2	Q1_lenient	0	3	sub-032;sub-046;sub-102	PCG64	20260814	replicate_major_Q0_to_Q1_then_Q1_to_Q2
361	Q0_to_Q1	Q0_all	0	2	sub-070;sub-082	PCG64	20260814	replicate_major_Q0_to_Q1_then_Q1_to_Q2
361	Q1_to_Q2	Q1_lenient	0	3	sub-058;sub-060;sub-068	PCG64	20260814	replicate_major_Q0_to_Q1_then_Q1_to_Q2
362	Q0_to_Q1	Q0_all	0	2	sub-096;sub-108	PCG64	20260814	replicate_major_Q0_to_Q1_then_Q1_to_Q2
362	Q1_to_Q2	Q1_lenient	0	3	sub-008;sub-056;sub-112	PCG64	20260814	replicate_major_Q0_to_Q1_then_Q1_to_Q2
363	Q0_to_Q1	Q0_all	0	2	sub-044;sub-098	PCG64	20260814	replicate_major_Q0_to_Q1_then_Q1_to_Q2
363	Q1_to_Q2	Q1_lenient	0	3	sub-004;sub-076;sub-084	PCG64	20260814	replicate_major_Q0_to_Q1_then_Q1_to_Q2
364	Q0_to_Q1	Q0_all	0	2	sub-052;sub-124	PCG64	20260814	replicate_major_Q0_to_Q1_then_Q1_to_Q2
364	Q1_to_Q2	Q1_lenient	0	3	sub-054;sub-102;sub-104	PCG64	20260814	replicate_major_Q0_to_Q1_then_Q1_to_Q2
365	Q0_to_Q1	Q0_all	0	2	sub-008;sub-038	PCG64	20260814	replicate_major_Q0_to_Q1_then_Q1_to_Q2
365	Q1_to_Q2	Q1_lenient	0	3	sub-038;sub-044;sub-114	PCG64	20260814	replicate_major_Q0_to_Q1_then_Q1_to_Q2
366	Q0_to_Q1	Q0_all	0	2	sub-030;sub-046	PCG64	20260814	replicate_major_Q0_to_Q1_then_Q1_to_Q2
366	Q1_to_Q2	Q1_lenient	0	3	sub-002;sub-036;sub-040	PCG64	20260814	replicate_major_Q0_to_Q1_then_Q1_to_Q2
367	Q0_to_Q1	Q0_all	0	2	sub-104;sub-110	PCG64	20260814	replicate_major_Q0_to_Q1_then_Q1_to_Q2
367	Q1_to_Q2	Q1_lenient	0	3	sub-002;sub-032;sub-064	PCG64	20260814	replicate_major_Q0_to_Q1_then_Q1_to_Q2
368	Q0_to_Q1	Q0_all	0	2	sub-020;sub-026	PCG64	20260814	replicate_major_Q0_to_Q1_then_Q1_to_Q2
368	Q1_to_Q2	Q1_lenient	0	3	sub-040;sub-102;sub-124	PCG64	20260814	replicate_major_Q0_to_Q1_then_Q1_to_Q2
369	Q0_to_Q1	Q0_all	0	2	sub-018;sub-120	PCG64	20260814	replicate_major_Q0_to_Q1_then_Q1_to_Q2
369	Q1_to_Q2	Q1_lenient	0	3	sub-076;sub-090;sub-118	PCG64	20260814	replicate_major_Q0_to_Q1_then_Q1_to_Q2
370	Q0_to_Q1	Q0_all	0	2	sub-112;sub-116	PCG64	20260814	replicate_major_Q0_to_Q1_then_Q1_to_Q2
370	Q1_to_Q2	Q1_lenient	0	3	sub-066;sub-076;sub-084	PCG64	20260814	replicate_major_Q0_to_Q1_then_Q1_to_Q2
371	Q0_to_Q1	Q0_all	0	2	sub-062;sub-068	PCG64	20260814	replicate_major_Q0_to_Q1_then_Q1_to_Q2
371	Q1_to_Q2	Q1_lenient	0	3	sub-010;sub-090;sub-110	PCG64	20260814	replicate_major_Q0_to_Q1_then_Q1_to_Q2
372	Q0_to_Q1	Q0_all	0	2	sub-052;sub-066	PCG64	20260814	replicate_major_Q0_to_Q1_then_Q1_to_Q2
372	Q1_to_Q2	Q1_lenient	0	3	sub-004;sub-032;sub-120	PCG64	20260814	replicate_major_Q0_to_Q1_then_Q1_to_Q2
373	Q0_to_Q1	Q0_all	0	2	sub-010;sub-058	PCG64	20260814	replicate_major_Q0_to_Q1_then_Q1_to_Q2
373	Q1_to_Q2	Q1_lenient	0	3	sub-014;sub-108;sub-110	PCG64	20260814	replicate_major_Q0_to_Q1_then_Q1_to_Q2
374	Q0_to_Q1	Q0_all	0	2	sub-084;sub-112	PCG64	20260814	replicate_major_Q0_to_Q1_then_Q1_to_Q2
374	Q1_to_Q2	Q1_lenient	0	3	sub-056;sub-082;sub-084	PCG64	20260814	replicate_major_Q0_to_Q1_then_Q1_to_Q2
375	Q0_to_Q1	Q0_all	0	2	sub-020;sub-062	PCG64	20260814	replicate_major_Q0_to_Q1_then_Q1_to_Q2
375	Q1_to_Q2	Q1_lenient	0	3	sub-018;sub-072;sub-124	PCG64	20260814	replicate_major_Q0_to_Q1_then_Q1_to_Q2
376	Q0_to_Q1	Q0_all	0	2	sub-114;sub-116	PCG64	20260814	replicate_major_Q0_to_Q1_then_Q1_to_Q2
376	Q1_to_Q2	Q1_lenient	0	3	sub-010;sub-060;sub-076	PCG64	20260814	replicate_major_Q0_to_Q1_then_Q1_to_Q2
377	Q0_to_Q1	Q0_all	0	2	sub-084;sub-096	PCG64	20260814	replicate_major_Q0_to_Q1_then_Q1_to_Q2
377	Q1_to_Q2	Q1_lenient	0	3	sub-024;sub-036;sub-038	PCG64	20260814	replicate_major_Q0_to_Q1_then_Q1_to_Q2
378	Q0_to_Q1	Q0_all	0	2	sub-066;sub-068	PCG64	20260814	replicate_major_Q0_to_Q1_then_Q1_to_Q2
378	Q1_to_Q2	Q1_lenient	0	3	sub-022;sub-032;sub-120	PCG64	20260814	replicate_major_Q0_to_Q1_then_Q1_to_Q2
379	Q0_to_Q1	Q0_all	0	2	sub-022;sub-106	PCG64	20260814	replicate_major_Q0_to_Q1_then_Q1_to_Q2
379	Q1_to_Q2	Q1_lenient	0	3	sub-004;sub-046;sub-104	PCG64	20260814	replicate_major_Q0_to_Q1_then_Q1_to_Q2
380	Q0_to_Q1	Q0_all	0	2	sub-006;sub-114	PCG64	20260814	replicate_major_Q0_to_Q1_then_Q1_to_Q2
380	Q1_to_Q2	Q1_lenient	0	3	sub-036;sub-084;sub-118	PCG64	20260814	replicate_major_Q0_to_Q1_then_Q1_to_Q2
381	Q0_to_Q1	Q0_all	0	2	sub-108;sub-118	PCG64	20260814	replicate_major_Q0_to_Q1_then_Q1_to_Q2
381	Q1_to_Q2	Q1_lenient	0	3	sub-050;sub-052;sub-090	PCG64	20260814	replicate_major_Q0_to_Q1_then_Q1_to_Q2
382	Q0_to_Q1	Q0_all	0	2	sub-056;sub-058	PCG64	20260814	replicate_major_Q0_to_Q1_then_Q1_to_Q2
382	Q1_to_Q2	Q1_lenient	0	3	sub-014;sub-076;sub-082	PCG64	20260814	replicate_major_Q0_to_Q1_then_Q1_to_Q2
383	Q0_to_Q1	Q0_all	0	2	sub-050;sub-098	PCG64	20260814	replicate_major_Q0_to_Q1_then_Q1_to_Q2
383	Q1_to_Q2	Q1_lenient	0	3	sub-066;sub-082;sub-106	PCG64	20260814	replicate_major_Q0_to_Q1_then_Q1_to_Q2
384	Q0_to_Q1	Q0_all	0	2	sub-054;sub-066	PCG64	20260814	replicate_major_Q0_to_Q1_then_Q1_to_Q2
384	Q1_to_Q2	Q1_lenient	0	3	sub-022;sub-084;sub-096	PCG64	20260814	replicate_major_Q0_to_Q1_then_Q1_to_Q2
385	Q0_to_Q1	Q0_all	0	2	sub-004;sub-124	PCG64	20260814	replicate_major_Q0_to_Q1_then_Q1_to_Q2
385	Q1_to_Q2	Q1_lenient	0	3	sub-004;sub-088;sub-104	PCG64	20260814	replicate_major_Q0_to_Q1_then_Q1_to_Q2
386	Q0_to_Q1	Q0_all	0	2	sub-050;sub-106	PCG64	20260814	replicate_major_Q0_to_Q1_then_Q1_to_Q2
386	Q1_to_Q2	Q1_lenient	0	3	sub-062;sub-092;sub-110	PCG64	20260814	replicate_major_Q0_to_Q1_then_Q1_to_Q2
387	Q0_to_Q1	Q0_all	0	2	sub-018;sub-054	PCG64	20260814	replicate_major_Q0_to_Q1_then_Q1_to_Q2
387	Q1_to_Q2	Q1_lenient	0	3	sub-018;sub-058;sub-076	PCG64	20260814	replicate_major_Q0_to_Q1_then_Q1_to_Q2
388	Q0_to_Q1	Q0_all	0	2	sub-044;sub-116	PCG64	20260814	replicate_major_Q0_to_Q1_then_Q1_to_Q2
388	Q1_to_Q2	Q1_lenient	0	3	sub-058;sub-072;sub-118	PCG64	20260814	replicate_major_Q0_to_Q1_then_Q1_to_Q2
389	Q0_to_Q1	Q0_all	0	2	sub-018;sub-114	PCG64	20260814	replicate_major_Q0_to_Q1_then_Q1_to_Q2
389	Q1_to_Q2	Q1_lenient	0	3	sub-002;sub-024;sub-052	PCG64	20260814	replicate_major_Q0_to_Q1_then_Q1_to_Q2
390	Q0_to_Q1	Q0_all	0	2	sub-082;sub-088	PCG64	20260814	replicate_major_Q0_to_Q1_then_Q1_to_Q2
390	Q1_to_Q2	Q1_lenient	0	3	sub-080;sub-084;sub-110	PCG64	20260814	replicate_major_Q0_to_Q1_then_Q1_to_Q2
391	Q0_to_Q1	Q0_all	0	2	sub-010;sub-056	PCG64	20260814	replicate_major_Q0_to_Q1_then_Q1_to_Q2
391	Q1_to_Q2	Q1_lenient	0	3	sub-056;sub-068;sub-096	PCG64	20260814	replicate_major_Q0_to_Q1_then_Q1_to_Q2
392	Q0_to_Q1	Q0_all	0	2	sub-070;sub-096	PCG64	20260814	replicate_major_Q0_to_Q1_then_Q1_to_Q2
392	Q1_to_Q2	Q1_lenient	0	3	sub-002;sub-074;sub-104	PCG64	20260814	replicate_major_Q0_to_Q1_then_Q1_to_Q2
393	Q0_to_Q1	Q0_all	0	2	sub-030;sub-074	PCG64	20260814	replicate_major_Q0_to_Q1_then_Q1_to_Q2
393	Q1_to_Q2	Q1_lenient	0	3	sub-026;sub-064;sub-080	PCG64	20260814	replicate_major_Q0_to_Q1_then_Q1_to_Q2
394	Q0_to_Q1	Q0_all	0	2	sub-022;sub-080	PCG64	20260814	replicate_major_Q0_to_Q1_then_Q1_to_Q2
394	Q1_to_Q2	Q1_lenient	0	3	sub-010;sub-022;sub-094	PCG64	20260814	replicate_major_Q0_to_Q1_then_Q1_to_Q2
395	Q0_to_Q1	Q0_all	0	2	sub-008;sub-052	PCG64	20260814	replicate_major_Q0_to_Q1_then_Q1_to_Q2
395	Q1_to_Q2	Q1_lenient	0	3	sub-006;sub-010;sub-038	PCG64	20260814	replicate_major_Q0_to_Q1_then_Q1_to_Q2
396	Q0_to_Q1	Q0_all	0	2	sub-054;sub-072	PCG64	20260814	replicate_major_Q0_to_Q1_then_Q1_to_Q2
396	Q1_to_Q2	Q1_lenient	0	3	sub-060;sub-104;sub-114	PCG64	20260814	replicate_major_Q0_to_Q1_then_Q1_to_Q2
397	Q0_to_Q1	Q0_all	0	2	sub-010;sub-060	PCG64	20260814	replicate_major_Q0_to_Q1_then_Q1_to_Q2
397	Q1_to_Q2	Q1_lenient	0	3	sub-002;sub-054;sub-076	PCG64	20260814	replicate_major_Q0_to_Q1_then_Q1_to_Q2
398	Q0_to_Q1	Q0_all	0	2	sub-014;sub-058	PCG64	20260814	replicate_major_Q0_to_Q1_then_Q1_to_Q2
398	Q1_to_Q2	Q1_lenient	0	3	sub-032;sub-052;sub-060	PCG64	20260814	replicate_major_Q0_to_Q1_then_Q1_to_Q2
399	Q0_to_Q1	Q0_all	0	2	sub-080;sub-092	PCG64	20260814	replicate_major_Q0_to_Q1_then_Q1_to_Q2
399	Q1_to_Q2	Q1_lenient	0	3	sub-006;sub-020;sub-060	PCG64	20260814	replicate_major_Q0_to_Q1_then_Q1_to_Q2
400	Q0_to_Q1	Q0_all	0	2	sub-030;sub-076	PCG64	20260814	replicate_major_Q0_to_Q1_then_Q1_to_Q2
400	Q1_to_Q2	Q1_lenient	0	3	sub-016;sub-076;sub-108	PCG64	20260814	replicate_major_Q0_to_Q1_then_Q1_to_Q2
401	Q0_to_Q1	Q0_all	0	2	sub-060;sub-100	PCG64	20260814	replicate_major_Q0_to_Q1_then_Q1_to_Q2
401	Q1_to_Q2	Q1_lenient	0	3	sub-040;sub-062;sub-072	PCG64	20260814	replicate_major_Q0_to_Q1_then_Q1_to_Q2
402	Q0_to_Q1	Q0_all	0	2	sub-108;sub-120	PCG64	20260814	replicate_major_Q0_to_Q1_then_Q1_to_Q2
402	Q1_to_Q2	Q1_lenient	0	3	sub-002;sub-088;sub-124	PCG64	20260814	replicate_major_Q0_to_Q1_then_Q1_to_Q2
403	Q0_to_Q1	Q0_all	0	2	sub-010;sub-046	PCG64	20260814	replicate_major_Q0_to_Q1_then_Q1_to_Q2
403	Q1_to_Q2	Q1_lenient	0	3	sub-022;sub-068;sub-080	PCG64	20260814	replicate_major_Q0_to_Q1_then_Q1_to_Q2
404	Q0_to_Q1	Q0_all	0	2	sub-044;sub-070	PCG64	20260814	replicate_major_Q0_to_Q1_then_Q1_to_Q2
404	Q1_to_Q2	Q1_lenient	0	3	sub-004;sub-074;sub-094	PCG64	20260814	replicate_major_Q0_to_Q1_then_Q1_to_Q2
405	Q0_to_Q1	Q0_all	0	2	sub-052;sub-088	PCG64	20260814	replicate_major_Q0_to_Q1_then_Q1_to_Q2
405	Q1_to_Q2	Q1_lenient	0	3	sub-054;sub-090;sub-108	PCG64	20260814	replicate_major_Q0_to_Q1_then_Q1_to_Q2
406	Q0_to_Q1	Q0_all	0	2	sub-020;sub-084	PCG64	20260814	replicate_major_Q0_to_Q1_then_Q1_to_Q2
406	Q1_to_Q2	Q1_lenient	0	3	sub-002;sub-062;sub-120	PCG64	20260814	replicate_major_Q0_to_Q1_then_Q1_to_Q2
407	Q0_to_Q1	Q0_all	0	2	sub-054;sub-068	PCG64	20260814	replicate_major_Q0_to_Q1_then_Q1_to_Q2
407	Q1_to_Q2	Q1_lenient	0	3	sub-074;sub-080;sub-090	PCG64	20260814	replicate_major_Q0_to_Q1_then_Q1_to_Q2
408	Q0_to_Q1	Q0_all	0	2	sub-066;sub-110	PCG64	20260814	replicate_major_Q0_to_Q1_then_Q1_to_Q2
408	Q1_to_Q2	Q1_lenient	0	3	sub-090;sub-108;sub-116	PCG64	20260814	replicate_major_Q0_to_Q1_then_Q1_to_Q2
409	Q0_to_Q1	Q0_all	0	2	sub-064;sub-082	PCG64	20260814	replicate_major_Q0_to_Q1_then_Q1_to_Q2
409	Q1_to_Q2	Q1_lenient	0	3	sub-020;sub-090;sub-116	PCG64	20260814	replicate_major_Q0_to_Q1_then_Q1_to_Q2
410	Q0_to_Q1	Q0_all	0	2	sub-094;sub-120	PCG64	20260814	replicate_major_Q0_to_Q1_then_Q1_to_Q2
410	Q1_to_Q2	Q1_lenient	0	3	sub-054;sub-058;sub-116	PCG64	20260814	replicate_major_Q0_to_Q1_then_Q1_to_Q2
411	Q0_to_Q1	Q0_all	0	2	sub-040;sub-110	PCG64	20260814	replicate_major_Q0_to_Q1_then_Q1_to_Q2
411	Q1_to_Q2	Q1_lenient	0	3	sub-008;sub-010;sub-050	PCG64	20260814	replicate_major_Q0_to_Q1_then_Q1_to_Q2
412	Q0_to_Q1	Q0_all	0	2	sub-026;sub-096	PCG64	20260814	replicate_major_Q0_to_Q1_then_Q1_to_Q2
412	Q1_to_Q2	Q1_lenient	0	3	sub-026;sub-062;sub-088	PCG64	20260814	replicate_major_Q0_to_Q1_then_Q1_to_Q2
413	Q0_to_Q1	Q0_all	0	2	sub-030;sub-058	PCG64	20260814	replicate_major_Q0_to_Q1_then_Q1_to_Q2
413	Q1_to_Q2	Q1_lenient	0	3	sub-040;sub-050;sub-084	PCG64	20260814	replicate_major_Q0_to_Q1_then_Q1_to_Q2
414	Q0_to_Q1	Q0_all	0	2	sub-004;sub-058	PCG64	20260814	replicate_major_Q0_to_Q1_then_Q1_to_Q2
414	Q1_to_Q2	Q1_lenient	0	3	sub-004;sub-058;sub-114	PCG64	20260814	replicate_major_Q0_to_Q1_then_Q1_to_Q2
415	Q0_to_Q1	Q0_all	0	2	sub-094;sub-104	PCG64	20260814	replicate_major_Q0_to_Q1_then_Q1_to_Q2
415	Q1_to_Q2	Q1_lenient	0	3	sub-018;sub-064;sub-082	PCG64	20260814	replicate_major_Q0_to_Q1_then_Q1_to_Q2
416	Q0_to_Q1	Q0_all	0	2	sub-058;sub-082	PCG64	20260814	replicate_major_Q0_to_Q1_then_Q1_to_Q2
416	Q1_to_Q2	Q1_lenient	0	3	sub-046;sub-060;sub-118	PCG64	20260814	replicate_major_Q0_to_Q1_then_Q1_to_Q2
417	Q0_to_Q1	Q0_all	0	2	sub-032;sub-096	PCG64	20260814	replicate_major_Q0_to_Q1_then_Q1_to_Q2
417	Q1_to_Q2	Q1_lenient	0	3	sub-066;sub-080;sub-112	PCG64	20260814	replicate_major_Q0_to_Q1_then_Q1_to_Q2
418	Q0_to_Q1	Q0_all	0	2	sub-046;sub-102	PCG64	20260814	replicate_major_Q0_to_Q1_then_Q1_to_Q2
418	Q1_to_Q2	Q1_lenient	0	3	sub-046;sub-068;sub-102	PCG64	20260814	replicate_major_Q0_to_Q1_then_Q1_to_Q2
419	Q0_to_Q1	Q0_all	0	2	sub-040;sub-120	PCG64	20260814	replicate_major_Q0_to_Q1_then_Q1_to_Q2
419	Q1_to_Q2	Q1_lenient	0	3	sub-006;sub-024;sub-094	PCG64	20260814	replicate_major_Q0_to_Q1_then_Q1_to_Q2
420	Q0_to_Q1	Q0_all	0	2	sub-052;sub-074	PCG64	20260814	replicate_major_Q0_to_Q1_then_Q1_to_Q2
420	Q1_to_Q2	Q1_lenient	0	3	sub-002;sub-024;sub-094	PCG64	20260814	replicate_major_Q0_to_Q1_then_Q1_to_Q2
421	Q0_to_Q1	Q0_all	0	2	sub-058;sub-114	PCG64	20260814	replicate_major_Q0_to_Q1_then_Q1_to_Q2
421	Q1_to_Q2	Q1_lenient	0	3	sub-070;sub-084;sub-112	PCG64	20260814	replicate_major_Q0_to_Q1_then_Q1_to_Q2
422	Q0_to_Q1	Q0_all	0	2	sub-016;sub-082	PCG64	20260814	replicate_major_Q0_to_Q1_then_Q1_to_Q2
422	Q1_to_Q2	Q1_lenient	0	3	sub-018;sub-024;sub-110	PCG64	20260814	replicate_major_Q0_to_Q1_then_Q1_to_Q2
423	Q0_to_Q1	Q0_all	0	2	sub-068;sub-074	PCG64	20260814	replicate_major_Q0_to_Q1_then_Q1_to_Q2
423	Q1_to_Q2	Q1_lenient	0	3	sub-044;sub-064;sub-090	PCG64	20260814	replicate_major_Q0_to_Q1_then_Q1_to_Q2
424	Q0_to_Q1	Q0_all	0	2	sub-036;sub-052	PCG64	20260814	replicate_major_Q0_to_Q1_then_Q1_to_Q2
424	Q1_to_Q2	Q1_lenient	0	3	sub-044;sub-114;sub-124	PCG64	20260814	replicate_major_Q0_to_Q1_then_Q1_to_Q2
425	Q0_to_Q1	Q0_all	0	2	sub-008;sub-058	PCG64	20260814	replicate_major_Q0_to_Q1_then_Q1_to_Q2
425	Q1_to_Q2	Q1_lenient	0	3	sub-036;sub-076;sub-108	PCG64	20260814	replicate_major_Q0_to_Q1_then_Q1_to_Q2
426	Q0_to_Q1	Q0_all	0	2	sub-058;sub-082	PCG64	20260814	replicate_major_Q0_to_Q1_then_Q1_to_Q2
426	Q1_to_Q2	Q1_lenient	0	3	sub-020;sub-070;sub-118	PCG64	20260814	replicate_major_Q0_to_Q1_then_Q1_to_Q2
427	Q0_to_Q1	Q0_all	0	2	sub-044;sub-052	PCG64	20260814	replicate_major_Q0_to_Q1_then_Q1_to_Q2
427	Q1_to_Q2	Q1_lenient	0	3	sub-020;sub-104;sub-124	PCG64	20260814	replicate_major_Q0_to_Q1_then_Q1_to_Q2
428	Q0_to_Q1	Q0_all	0	2	sub-052;sub-110	PCG64	20260814	replicate_major_Q0_to_Q1_then_Q1_to_Q2
428	Q1_to_Q2	Q1_lenient	0	3	sub-058;sub-060;sub-070	PCG64	20260814	replicate_major_Q0_to_Q1_then_Q1_to_Q2
429	Q0_to_Q1	Q0_all	0	2	sub-002;sub-030	PCG64	20260814	replicate_major_Q0_to_Q1_then_Q1_to_Q2
429	Q1_to_Q2	Q1_lenient	0	3	sub-006;sub-016;sub-104	PCG64	20260814	replicate_major_Q0_to_Q1_then_Q1_to_Q2
430	Q0_to_Q1	Q0_all	0	2	sub-056;sub-114	PCG64	20260814	replicate_major_Q0_to_Q1_then_Q1_to_Q2
430	Q1_to_Q2	Q1_lenient	0	3	sub-022;sub-032;sub-064	PCG64	20260814	replicate_major_Q0_to_Q1_then_Q1_to_Q2
431	Q0_to_Q1	Q0_all	0	2	sub-040;sub-066	PCG64	20260814	replicate_major_Q0_to_Q1_then_Q1_to_Q2
431	Q1_to_Q2	Q1_lenient	0	3	sub-016;sub-038;sub-046	PCG64	20260814	replicate_major_Q0_to_Q1_then_Q1_to_Q2
432	Q0_to_Q1	Q0_all	0	2	sub-058;sub-104	PCG64	20260814	replicate_major_Q0_to_Q1_then_Q1_to_Q2
432	Q1_to_Q2	Q1_lenient	0	3	sub-010;sub-022;sub-120	PCG64	20260814	replicate_major_Q0_to_Q1_then_Q1_to_Q2
433	Q0_to_Q1	Q0_all	0	2	sub-098;sub-118	PCG64	20260814	replicate_major_Q0_to_Q1_then_Q1_to_Q2
433	Q1_to_Q2	Q1_lenient	0	3	sub-094;sub-112;sub-124	PCG64	20260814	replicate_major_Q0_to_Q1_then_Q1_to_Q2
434	Q0_to_Q1	Q0_all	0	2	sub-056;sub-102	PCG64	20260814	replicate_major_Q0_to_Q1_then_Q1_to_Q2
434	Q1_to_Q2	Q1_lenient	0	3	sub-020;sub-046;sub-106	PCG64	20260814	replicate_major_Q0_to_Q1_then_Q1_to_Q2
435	Q0_to_Q1	Q0_all	0	2	sub-014;sub-114	PCG64	20260814	replicate_major_Q0_to_Q1_then_Q1_to_Q2
435	Q1_to_Q2	Q1_lenient	0	3	sub-020;sub-062;sub-082	PCG64	20260814	replicate_major_Q0_to_Q1_then_Q1_to_Q2
436	Q0_to_Q1	Q0_all	0	2	sub-020;sub-046	PCG64	20260814	replicate_major_Q0_to_Q1_then_Q1_to_Q2
436	Q1_to_Q2	Q1_lenient	0	3	sub-064;sub-084;sub-096	PCG64	20260814	replicate_major_Q0_to_Q1_then_Q1_to_Q2
437	Q0_to_Q1	Q0_all	0	2	sub-036;sub-094	PCG64	20260814	replicate_major_Q0_to_Q1_then_Q1_to_Q2
437	Q1_to_Q2	Q1_lenient	0	3	sub-038;sub-056;sub-098	PCG64	20260814	replicate_major_Q0_to_Q1_then_Q1_to_Q2
438	Q0_to_Q1	Q0_all	0	2	sub-038;sub-092	PCG64	20260814	replicate_major_Q0_to_Q1_then_Q1_to_Q2
438	Q1_to_Q2	Q1_lenient	0	3	sub-052;sub-088;sub-096	PCG64	20260814	replicate_major_Q0_to_Q1_then_Q1_to_Q2
439	Q0_to_Q1	Q0_all	0	2	sub-056;sub-096	PCG64	20260814	replicate_major_Q0_to_Q1_then_Q1_to_Q2
439	Q1_to_Q2	Q1_lenient	0	3	sub-020;sub-120;sub-124	PCG64	20260814	replicate_major_Q0_to_Q1_then_Q1_to_Q2
440	Q0_to_Q1	Q0_all	0	2	sub-054;sub-068	PCG64	20260814	replicate_major_Q0_to_Q1_then_Q1_to_Q2
440	Q1_to_Q2	Q1_lenient	0	3	sub-004;sub-064;sub-068	PCG64	20260814	replicate_major_Q0_to_Q1_then_Q1_to_Q2
441	Q0_to_Q1	Q0_all	0	2	sub-036;sub-116	PCG64	20260814	replicate_major_Q0_to_Q1_then_Q1_to_Q2
441	Q1_to_Q2	Q1_lenient	0	3	sub-002;sub-058;sub-088	PCG64	20260814	replicate_major_Q0_to_Q1_then_Q1_to_Q2
442	Q0_to_Q1	Q0_all	0	2	sub-014;sub-056	PCG64	20260814	replicate_major_Q0_to_Q1_then_Q1_to_Q2
442	Q1_to_Q2	Q1_lenient	0	3	sub-060;sub-070;sub-080	PCG64	20260814	replicate_major_Q0_to_Q1_then_Q1_to_Q2
443	Q0_to_Q1	Q0_all	0	2	sub-050;sub-066	PCG64	20260814	replicate_major_Q0_to_Q1_then_Q1_to_Q2
443	Q1_to_Q2	Q1_lenient	0	3	sub-076;sub-094;sub-110	PCG64	20260814	replicate_major_Q0_to_Q1_then_Q1_to_Q2
444	Q0_to_Q1	Q0_all	0	2	sub-060;sub-082	PCG64	20260814	replicate_major_Q0_to_Q1_then_Q1_to_Q2
444	Q1_to_Q2	Q1_lenient	0	3	sub-046;sub-068;sub-076	PCG64	20260814	replicate_major_Q0_to_Q1_then_Q1_to_Q2
445	Q0_to_Q1	Q0_all	0	2	sub-046;sub-112	PCG64	20260814	replicate_major_Q0_to_Q1_then_Q1_to_Q2
445	Q1_to_Q2	Q1_lenient	0	3	sub-002;sub-020;sub-114	PCG64	20260814	replicate_major_Q0_to_Q1_then_Q1_to_Q2
446	Q0_to_Q1	Q0_all	0	2	sub-062;sub-084	PCG64	20260814	replicate_major_Q0_to_Q1_then_Q1_to_Q2
446	Q1_to_Q2	Q1_lenient	0	3	sub-080;sub-108;sub-120	PCG64	20260814	replicate_major_Q0_to_Q1_then_Q1_to_Q2
447	Q0_to_Q1	Q0_all	0	2	sub-002;sub-072	PCG64	20260814	replicate_major_Q0_to_Q1_then_Q1_to_Q2
447	Q1_to_Q2	Q1_lenient	0	3	sub-046;sub-088;sub-104	PCG64	20260814	replicate_major_Q0_to_Q1_then_Q1_to_Q2
448	Q0_to_Q1	Q0_all	0	2	sub-074;sub-124	PCG64	20260814	replicate_major_Q0_to_Q1_then_Q1_to_Q2
448	Q1_to_Q2	Q1_lenient	0	3	sub-026;sub-046;sub-066	PCG64	20260814	replicate_major_Q0_to_Q1_then_Q1_to_Q2
449	Q0_to_Q1	Q0_all	0	2	sub-050;sub-076	PCG64	20260814	replicate_major_Q0_to_Q1_then_Q1_to_Q2
449	Q1_to_Q2	Q1_lenient	0	3	sub-052;sub-064;sub-112	PCG64	20260814	replicate_major_Q0_to_Q1_then_Q1_to_Q2
450	Q0_to_Q1	Q0_all	0	2	sub-070;sub-124	PCG64	20260814	replicate_major_Q0_to_Q1_then_Q1_to_Q2
450	Q1_to_Q2	Q1_lenient	0	3	sub-066;sub-108;sub-124	PCG64	20260814	replicate_major_Q0_to_Q1_then_Q1_to_Q2
451	Q0_to_Q1	Q0_all	0	2	sub-018;sub-062	PCG64	20260814	replicate_major_Q0_to_Q1_then_Q1_to_Q2
451	Q1_to_Q2	Q1_lenient	0	3	sub-024;sub-076;sub-102	PCG64	20260814	replicate_major_Q0_to_Q1_then_Q1_to_Q2
452	Q0_to_Q1	Q0_all	0	2	sub-032;sub-090	PCG64	20260814	replicate_major_Q0_to_Q1_then_Q1_to_Q2
452	Q1_to_Q2	Q1_lenient	0	3	sub-002;sub-058;sub-118	PCG64	20260814	replicate_major_Q0_to_Q1_then_Q1_to_Q2
453	Q0_to_Q1	Q0_all	0	2	sub-052;sub-054	PCG64	20260814	replicate_major_Q0_to_Q1_then_Q1_to_Q2
453	Q1_to_Q2	Q1_lenient	0	3	sub-056;sub-062;sub-124	PCG64	20260814	replicate_major_Q0_to_Q1_then_Q1_to_Q2
454	Q0_to_Q1	Q0_all	0	2	sub-072;sub-116	PCG64	20260814	replicate_major_Q0_to_Q1_then_Q1_to_Q2
454	Q1_to_Q2	Q1_lenient	0	3	sub-002;sub-014;sub-056	PCG64	20260814	replicate_major_Q0_to_Q1_then_Q1_to_Q2
455	Q0_to_Q1	Q0_all	0	2	sub-084;sub-088	PCG64	20260814	replicate_major_Q0_to_Q1_then_Q1_to_Q2
455	Q1_to_Q2	Q1_lenient	0	3	sub-024;sub-088;sub-098	PCG64	20260814	replicate_major_Q0_to_Q1_then_Q1_to_Q2
456	Q0_to_Q1	Q0_all	0	2	sub-100;sub-118	PCG64	20260814	replicate_major_Q0_to_Q1_then_Q1_to_Q2
456	Q1_to_Q2	Q1_lenient	0	3	sub-008;sub-026;sub-090	PCG64	20260814	replicate_major_Q0_to_Q1_then_Q1_to_Q2
457	Q0_to_Q1	Q0_all	0	2	sub-040;sub-068	PCG64	20260814	replicate_major_Q0_to_Q1_then_Q1_to_Q2
457	Q1_to_Q2	Q1_lenient	0	3	sub-064;sub-102;sub-104	PCG64	20260814	replicate_major_Q0_to_Q1_then_Q1_to_Q2
458	Q0_to_Q1	Q0_all	0	2	sub-030;sub-050	PCG64	20260814	replicate_major_Q0_to_Q1_then_Q1_to_Q2
458	Q1_to_Q2	Q1_lenient	0	3	sub-088;sub-114;sub-120	PCG64	20260814	replicate_major_Q0_to_Q1_then_Q1_to_Q2
459	Q0_to_Q1	Q0_all	0	2	sub-088;sub-096	PCG64	20260814	replicate_major_Q0_to_Q1_then_Q1_to_Q2
459	Q1_to_Q2	Q1_lenient	0	3	sub-046;sub-058;sub-090	PCG64	20260814	replicate_major_Q0_to_Q1_then_Q1_to_Q2
460	Q0_to_Q1	Q0_all	0	2	sub-096;sub-098	PCG64	20260814	replicate_major_Q0_to_Q1_then_Q1_to_Q2
460	Q1_to_Q2	Q1_lenient	0	3	sub-026;sub-068;sub-090	PCG64	20260814	replicate_major_Q0_to_Q1_then_Q1_to_Q2
461	Q0_to_Q1	Q0_all	0	2	sub-018;sub-022	PCG64	20260814	replicate_major_Q0_to_Q1_then_Q1_to_Q2
461	Q1_to_Q2	Q1_lenient	0	3	sub-004;sub-050;sub-102	PCG64	20260814	replicate_major_Q0_to_Q1_then_Q1_to_Q2
462	Q0_to_Q1	Q0_all	0	2	sub-022;sub-052	PCG64	20260814	replicate_major_Q0_to_Q1_then_Q1_to_Q2
462	Q1_to_Q2	Q1_lenient	0	3	sub-008;sub-024;sub-032	PCG64	20260814	replicate_major_Q0_to_Q1_then_Q1_to_Q2
463	Q0_to_Q1	Q0_all	0	2	sub-014;sub-044	PCG64	20260814	replicate_major_Q0_to_Q1_then_Q1_to_Q2
463	Q1_to_Q2	Q1_lenient	0	3	sub-090;sub-098;sub-104	PCG64	20260814	replicate_major_Q0_to_Q1_then_Q1_to_Q2
464	Q0_to_Q1	Q0_all	0	2	sub-022;sub-104	PCG64	20260814	replicate_major_Q0_to_Q1_then_Q1_to_Q2
464	Q1_to_Q2	Q1_lenient	0	3	sub-038;sub-094;sub-112	PCG64	20260814	replicate_major_Q0_to_Q1_then_Q1_to_Q2
465	Q0_to_Q1	Q0_all	0	2	sub-046;sub-074	PCG64	20260814	replicate_major_Q0_to_Q1_then_Q1_to_Q2
465	Q1_to_Q2	Q1_lenient	0	3	sub-036;sub-060;sub-102	PCG64	20260814	replicate_major_Q0_to_Q1_then_Q1_to_Q2
466	Q0_to_Q1	Q0_all	0	2	sub-092;sub-104	PCG64	20260814	replicate_major_Q0_to_Q1_then_Q1_to_Q2
466	Q1_to_Q2	Q1_lenient	0	3	sub-044;sub-046;sub-114	PCG64	20260814	replicate_major_Q0_to_Q1_then_Q1_to_Q2
467	Q0_to_Q1	Q0_all	0	2	sub-010;sub-082	PCG64	20260814	replicate_major_Q0_to_Q1_then_Q1_to_Q2
467	Q1_to_Q2	Q1_lenient	0	3	sub-004;sub-022;sub-120	PCG64	20260814	replicate_major_Q0_to_Q1_then_Q1_to_Q2
468	Q0_to_Q1	Q0_all	0	2	sub-046;sub-106	PCG64	20260814	replicate_major_Q0_to_Q1_then_Q1_to_Q2
468	Q1_to_Q2	Q1_lenient	0	3	sub-074;sub-096;sub-106	PCG64	20260814	replicate_major_Q0_to_Q1_then_Q1_to_Q2
469	Q0_to_Q1	Q0_all	0	2	sub-016;sub-052	PCG64	20260814	replicate_major_Q0_to_Q1_then_Q1_to_Q2
469	Q1_to_Q2	Q1_lenient	0	3	sub-016;sub-066;sub-076	PCG64	20260814	replicate_major_Q0_to_Q1_then_Q1_to_Q2
470	Q0_to_Q1	Q0_all	0	2	sub-022;sub-114	PCG64	20260814	replicate_major_Q0_to_Q1_then_Q1_to_Q2
470	Q1_to_Q2	Q1_lenient	0	3	sub-036;sub-054;sub-118	PCG64	20260814	replicate_major_Q0_to_Q1_then_Q1_to_Q2
471	Q0_to_Q1	Q0_all	0	2	sub-056;sub-118	PCG64	20260814	replicate_major_Q0_to_Q1_then_Q1_to_Q2
471	Q1_to_Q2	Q1_lenient	0	3	sub-040;sub-080;sub-106	PCG64	20260814	replicate_major_Q0_to_Q1_then_Q1_to_Q2
472	Q0_to_Q1	Q0_all	0	2	sub-090;sub-112	PCG64	20260814	replicate_major_Q0_to_Q1_then_Q1_to_Q2
472	Q1_to_Q2	Q1_lenient	0	3	sub-006;sub-024;sub-118	PCG64	20260814	replicate_major_Q0_to_Q1_then_Q1_to_Q2
473	Q0_to_Q1	Q0_all	0	2	sub-088;sub-092	PCG64	20260814	replicate_major_Q0_to_Q1_then_Q1_to_Q2
473	Q1_to_Q2	Q1_lenient	0	3	sub-010;sub-050;sub-108	PCG64	20260814	replicate_major_Q0_to_Q1_then_Q1_to_Q2
474	Q0_to_Q1	Q0_all	0	2	sub-056;sub-116	PCG64	20260814	replicate_major_Q0_to_Q1_then_Q1_to_Q2
474	Q1_to_Q2	Q1_lenient	0	3	sub-016;sub-044;sub-116	PCG64	20260814	replicate_major_Q0_to_Q1_then_Q1_to_Q2
475	Q0_to_Q1	Q0_all	0	2	sub-052;sub-082	PCG64	20260814	replicate_major_Q0_to_Q1_then_Q1_to_Q2
475	Q1_to_Q2	Q1_lenient	0	3	sub-046;sub-080;sub-084	PCG64	20260814	replicate_major_Q0_to_Q1_then_Q1_to_Q2
476	Q0_to_Q1	Q0_all	0	2	sub-112;sub-120	PCG64	20260814	replicate_major_Q0_to_Q1_then_Q1_to_Q2
476	Q1_to_Q2	Q1_lenient	0	3	sub-010;sub-060;sub-068	PCG64	20260814	replicate_major_Q0_to_Q1_then_Q1_to_Q2
477	Q0_to_Q1	Q0_all	0	2	sub-006;sub-108	PCG64	20260814	replicate_major_Q0_to_Q1_then_Q1_to_Q2
477	Q1_to_Q2	Q1_lenient	0	3	sub-020;sub-046;sub-082	PCG64	20260814	replicate_major_Q0_to_Q1_then_Q1_to_Q2
478	Q0_to_Q1	Q0_all	0	2	sub-058;sub-114	PCG64	20260814	replicate_major_Q0_to_Q1_then_Q1_to_Q2
478	Q1_to_Q2	Q1_lenient	0	3	sub-044;sub-060;sub-068	PCG64	20260814	replicate_major_Q0_to_Q1_then_Q1_to_Q2
479	Q0_to_Q1	Q0_all	0	2	sub-066;sub-074	PCG64	20260814	replicate_major_Q0_to_Q1_then_Q1_to_Q2
479	Q1_to_Q2	Q1_lenient	0	3	sub-002;sub-040;sub-088	PCG64	20260814	replicate_major_Q0_to_Q1_then_Q1_to_Q2
480	Q0_to_Q1	Q0_all	0	2	sub-080;sub-118	PCG64	20260814	replicate_major_Q0_to_Q1_then_Q1_to_Q2
480	Q1_to_Q2	Q1_lenient	0	3	sub-032;sub-092;sub-110	PCG64	20260814	replicate_major_Q0_to_Q1_then_Q1_to_Q2
481	Q0_to_Q1	Q0_all	0	2	sub-002;sub-100	PCG64	20260814	replicate_major_Q0_to_Q1_then_Q1_to_Q2
481	Q1_to_Q2	Q1_lenient	0	3	sub-008;sub-010;sub-070	PCG64	20260814	replicate_major_Q0_to_Q1_then_Q1_to_Q2
482	Q0_to_Q1	Q0_all	0	2	sub-018;sub-046	PCG64	20260814	replicate_major_Q0_to_Q1_then_Q1_to_Q2
482	Q1_to_Q2	Q1_lenient	0	3	sub-020;sub-060;sub-106	PCG64	20260814	replicate_major_Q0_to_Q1_then_Q1_to_Q2
483	Q0_to_Q1	Q0_all	0	2	sub-100;sub-112	PCG64	20260814	replicate_major_Q0_to_Q1_then_Q1_to_Q2
483	Q1_to_Q2	Q1_lenient	0	3	sub-076;sub-092;sub-108	PCG64	20260814	replicate_major_Q0_to_Q1_then_Q1_to_Q2
484	Q0_to_Q1	Q0_all	0	2	sub-074;sub-124	PCG64	20260814	replicate_major_Q0_to_Q1_then_Q1_to_Q2
484	Q1_to_Q2	Q1_lenient	0	3	sub-024;sub-050;sub-114	PCG64	20260814	replicate_major_Q0_to_Q1_then_Q1_to_Q2
485	Q0_to_Q1	Q0_all	0	2	sub-074;sub-104	PCG64	20260814	replicate_major_Q0_to_Q1_then_Q1_to_Q2
485	Q1_to_Q2	Q1_lenient	0	3	sub-024;sub-088;sub-090	PCG64	20260814	replicate_major_Q0_to_Q1_then_Q1_to_Q2
486	Q0_to_Q1	Q0_all	0	2	sub-006;sub-068	PCG64	20260814	replicate_major_Q0_to_Q1_then_Q1_to_Q2
486	Q1_to_Q2	Q1_lenient	0	3	sub-050;sub-102;sub-120	PCG64	20260814	replicate_major_Q0_to_Q1_then_Q1_to_Q2
487	Q0_to_Q1	Q0_all	0	2	sub-056;sub-124	PCG64	20260814	replicate_major_Q0_to_Q1_then_Q1_to_Q2
487	Q1_to_Q2	Q1_lenient	0	3	sub-018;sub-032;sub-114	PCG64	20260814	replicate_major_Q0_to_Q1_then_Q1_to_Q2
488	Q0_to_Q1	Q0_all	0	2	sub-082;sub-090	PCG64	20260814	replicate_major_Q0_to_Q1_then_Q1_to_Q2
488	Q1_to_Q2	Q1_lenient	0	3	sub-016;sub-044;sub-102	PCG64	20260814	replicate_major_Q0_to_Q1_then_Q1_to_Q2
489	Q0_to_Q1	Q0_all	0	2	sub-004;sub-056	PCG64	20260814	replicate_major_Q0_to_Q1_then_Q1_to_Q2
489	Q1_to_Q2	Q1_lenient	0	3	sub-036;sub-092;sub-098	PCG64	20260814	replicate_major_Q0_to_Q1_then_Q1_to_Q2
490	Q0_to_Q1	Q0_all	0	2	sub-008;sub-058	PCG64	20260814	replicate_major_Q0_to_Q1_then_Q1_to_Q2
490	Q1_to_Q2	Q1_lenient	0	3	sub-062;sub-088;sub-112	PCG64	20260814	replicate_major_Q0_to_Q1_then_Q1_to_Q2
491	Q0_to_Q1	Q0_all	0	2	sub-084;sub-088	PCG64	20260814	replicate_major_Q0_to_Q1_then_Q1_to_Q2
491	Q1_to_Q2	Q1_lenient	0	3	sub-054;sub-094;sub-096	PCG64	20260814	replicate_major_Q0_to_Q1_then_Q1_to_Q2
492	Q0_to_Q1	Q0_all	0	2	sub-026;sub-080	PCG64	20260814	replicate_major_Q0_to_Q1_then_Q1_to_Q2
492	Q1_to_Q2	Q1_lenient	0	3	sub-018;sub-094;sub-114	PCG64	20260814	replicate_major_Q0_to_Q1_then_Q1_to_Q2
493	Q0_to_Q1	Q0_all	0	2	sub-018;sub-084	PCG64	20260814	replicate_major_Q0_to_Q1_then_Q1_to_Q2
493	Q1_to_Q2	Q1_lenient	0	3	sub-106;sub-112;sub-124	PCG64	20260814	replicate_major_Q0_to_Q1_then_Q1_to_Q2
494	Q0_to_Q1	Q0_all	0	2	sub-056;sub-110	PCG64	20260814	replicate_major_Q0_to_Q1_then_Q1_to_Q2
494	Q1_to_Q2	Q1_lenient	0	3	sub-020;sub-068;sub-116	PCG64	20260814	replicate_major_Q0_to_Q1_then_Q1_to_Q2
495	Q0_to_Q1	Q0_all	0	2	sub-032;sub-084	PCG64	20260814	replicate_major_Q0_to_Q1_then_Q1_to_Q2
495	Q1_to_Q2	Q1_lenient	0	3	sub-032;sub-038;sub-050	PCG64	20260814	replicate_major_Q0_to_Q1_then_Q1_to_Q2
496	Q0_to_Q1	Q0_all	0	2	sub-112;sub-114	PCG64	20260814	replicate_major_Q0_to_Q1_then_Q1_to_Q2
496	Q1_to_Q2	Q1_lenient	0	3	sub-018;sub-056;sub-118	PCG64	20260814	replicate_major_Q0_to_Q1_then_Q1_to_Q2
497	Q0_to_Q1	Q0_all	0	2	sub-060;sub-084	PCG64	20260814	replicate_major_Q0_to_Q1_then_Q1_to_Q2
497	Q1_to_Q2	Q1_lenient	0	3	sub-024;sub-052;sub-058	PCG64	20260814	replicate_major_Q0_to_Q1_then_Q1_to_Q2
498	Q0_to_Q1	Q0_all	0	2	sub-060;sub-088	PCG64	20260814	replicate_major_Q0_to_Q1_then_Q1_to_Q2
498	Q1_to_Q2	Q1_lenient	0	3	sub-036;sub-088;sub-104	PCG64	20260814	replicate_major_Q0_to_Q1_then_Q1_to_Q2
499	Q0_to_Q1	Q0_all	0	2	sub-020;sub-030	PCG64	20260814	replicate_major_Q0_to_Q1_then_Q1_to_Q2
499	Q1_to_Q2	Q1_lenient	0	3	sub-016;sub-058;sub-090	PCG64	20260814	replicate_major_Q0_to_Q1_then_Q1_to_Q2
500	Q0_to_Q1	Q0_all	0	2	sub-004;sub-066	PCG64	20260814	replicate_major_Q0_to_Q1_then_Q1_to_Q2
500	Q1_to_Q2	Q1_lenient	0	3	sub-018;sub-058;sub-082	PCG64	20260814	replicate_major_Q0_to_Q1_then_Q1_to_Q2
501	Q0_to_Q1	Q0_all	0	2	sub-026;sub-058	PCG64	20260814	replicate_major_Q0_to_Q1_then_Q1_to_Q2
501	Q1_to_Q2	Q1_lenient	0	3	sub-020;sub-074;sub-120	PCG64	20260814	replicate_major_Q0_to_Q1_then_Q1_to_Q2
502	Q0_to_Q1	Q0_all	0	2	sub-018;sub-050	PCG64	20260814	replicate_major_Q0_to_Q1_then_Q1_to_Q2
502	Q1_to_Q2	Q1_lenient	0	3	sub-038;sub-062;sub-072	PCG64	20260814	replicate_major_Q0_to_Q1_then_Q1_to_Q2
503	Q0_to_Q1	Q0_all	0	2	sub-024;sub-054	PCG64	20260814	replicate_major_Q0_to_Q1_then_Q1_to_Q2
503	Q1_to_Q2	Q1_lenient	0	3	sub-072;sub-106;sub-116	PCG64	20260814	replicate_major_Q0_to_Q1_then_Q1_to_Q2
504	Q0_to_Q1	Q0_all	0	2	sub-046;sub-098	PCG64	20260814	replicate_major_Q0_to_Q1_then_Q1_to_Q2
504	Q1_to_Q2	Q1_lenient	0	3	sub-006;sub-032;sub-090	PCG64	20260814	replicate_major_Q0_to_Q1_then_Q1_to_Q2
505	Q0_to_Q1	Q0_all	0	2	sub-024;sub-038	PCG64	20260814	replicate_major_Q0_to_Q1_then_Q1_to_Q2
505	Q1_to_Q2	Q1_lenient	0	3	sub-010;sub-026;sub-036	PCG64	20260814	replicate_major_Q0_to_Q1_then_Q1_to_Q2
506	Q0_to_Q1	Q0_all	0	2	sub-004;sub-008	PCG64	20260814	replicate_major_Q0_to_Q1_then_Q1_to_Q2
506	Q1_to_Q2	Q1_lenient	0	3	sub-036;sub-092;sub-112	PCG64	20260814	replicate_major_Q0_to_Q1_then_Q1_to_Q2
507	Q0_to_Q1	Q0_all	0	2	sub-022;sub-062	PCG64	20260814	replicate_major_Q0_to_Q1_then_Q1_to_Q2
507	Q1_to_Q2	Q1_lenient	0	3	sub-004;sub-046;sub-080	PCG64	20260814	replicate_major_Q0_to_Q1_then_Q1_to_Q2
508	Q0_to_Q1	Q0_all	0	2	sub-022;sub-114	PCG64	20260814	replicate_major_Q0_to_Q1_then_Q1_to_Q2
508	Q1_to_Q2	Q1_lenient	0	3	sub-020;sub-026;sub-050	PCG64	20260814	replicate_major_Q0_to_Q1_then_Q1_to_Q2
509	Q0_to_Q1	Q0_all	0	2	sub-058;sub-064	PCG64	20260814	replicate_major_Q0_to_Q1_then_Q1_to_Q2
509	Q1_to_Q2	Q1_lenient	0	3	sub-082;sub-090;sub-096	PCG64	20260814	replicate_major_Q0_to_Q1_then_Q1_to_Q2
510	Q0_to_Q1	Q0_all	0	2	sub-022;sub-050	PCG64	20260814	replicate_major_Q0_to_Q1_then_Q1_to_Q2
510	Q1_to_Q2	Q1_lenient	0	3	sub-016;sub-094;sub-124	PCG64	20260814	replicate_major_Q0_to_Q1_then_Q1_to_Q2
511	Q0_to_Q1	Q0_all	0	2	sub-064;sub-072	PCG64	20260814	replicate_major_Q0_to_Q1_then_Q1_to_Q2
511	Q1_to_Q2	Q1_lenient	0	3	sub-070;sub-090;sub-116	PCG64	20260814	replicate_major_Q0_to_Q1_then_Q1_to_Q2
512	Q0_to_Q1	Q0_all	0	2	sub-016;sub-074	PCG64	20260814	replicate_major_Q0_to_Q1_then_Q1_to_Q2
512	Q1_to_Q2	Q1_lenient	0	3	sub-016;sub-066;sub-108	PCG64	20260814	replicate_major_Q0_to_Q1_then_Q1_to_Q2
513	Q0_to_Q1	Q0_all	0	2	sub-036;sub-070	PCG64	20260814	replicate_major_Q0_to_Q1_then_Q1_to_Q2
513	Q1_to_Q2	Q1_lenient	0	3	sub-022;sub-058;sub-106	PCG64	20260814	replicate_major_Q0_to_Q1_then_Q1_to_Q2
514	Q0_to_Q1	Q0_all	0	2	sub-044;sub-094	PCG64	20260814	replicate_major_Q0_to_Q1_then_Q1_to_Q2
514	Q1_to_Q2	Q1_lenient	0	3	sub-018;sub-032;sub-104	PCG64	20260814	replicate_major_Q0_to_Q1_then_Q1_to_Q2
515	Q0_to_Q1	Q0_all	0	2	sub-072;sub-106	PCG64	20260814	replicate_major_Q0_to_Q1_then_Q1_to_Q2
515	Q1_to_Q2	Q1_lenient	0	3	sub-032;sub-040;sub-076	PCG64	20260814	replicate_major_Q0_to_Q1_then_Q1_to_Q2
516	Q0_to_Q1	Q0_all	0	2	sub-002;sub-060	PCG64	20260814	replicate_major_Q0_to_Q1_then_Q1_to_Q2
516	Q1_to_Q2	Q1_lenient	0	3	sub-026;sub-068;sub-102	PCG64	20260814	replicate_major_Q0_to_Q1_then_Q1_to_Q2
517	Q0_to_Q1	Q0_all	0	2	sub-040;sub-114	PCG64	20260814	replicate_major_Q0_to_Q1_then_Q1_to_Q2
517	Q1_to_Q2	Q1_lenient	0	3	sub-046;sub-052;sub-110	PCG64	20260814	replicate_major_Q0_to_Q1_then_Q1_to_Q2
518	Q0_to_Q1	Q0_all	0	2	sub-056;sub-064	PCG64	20260814	replicate_major_Q0_to_Q1_then_Q1_to_Q2
518	Q1_to_Q2	Q1_lenient	0	3	sub-054;sub-062;sub-074	PCG64	20260814	replicate_major_Q0_to_Q1_then_Q1_to_Q2
519	Q0_to_Q1	Q0_all	0	2	sub-024;sub-080	PCG64	20260814	replicate_major_Q0_to_Q1_then_Q1_to_Q2
519	Q1_to_Q2	Q1_lenient	0	3	sub-024;sub-054;sub-092	PCG64	20260814	replicate_major_Q0_to_Q1_then_Q1_to_Q2
520	Q0_to_Q1	Q0_all	0	2	sub-046;sub-052	PCG64	20260814	replicate_major_Q0_to_Q1_then_Q1_to_Q2
520	Q1_to_Q2	Q1_lenient	0	3	sub-058;sub-072;sub-088	PCG64	20260814	replicate_major_Q0_to_Q1_then_Q1_to_Q2
521	Q0_to_Q1	Q0_all	0	2	sub-054;sub-104	PCG64	20260814	replicate_major_Q0_to_Q1_then_Q1_to_Q2
521	Q1_to_Q2	Q1_lenient	0	3	sub-050;sub-066;sub-074	PCG64	20260814	replicate_major_Q0_to_Q1_then_Q1_to_Q2
522	Q0_to_Q1	Q0_all	0	2	sub-044;sub-098	PCG64	20260814	replicate_major_Q0_to_Q1_then_Q1_to_Q2
522	Q1_to_Q2	Q1_lenient	0	3	sub-016;sub-070;sub-098	PCG64	20260814	replicate_major_Q0_to_Q1_then_Q1_to_Q2
523	Q0_to_Q1	Q0_all	0	2	sub-026;sub-108	PCG64	20260814	replicate_major_Q0_to_Q1_then_Q1_to_Q2
523	Q1_to_Q2	Q1_lenient	0	3	sub-062;sub-066;sub-068	PCG64	20260814	replicate_major_Q0_to_Q1_then_Q1_to_Q2
524	Q0_to_Q1	Q0_all	0	2	sub-018;sub-066	PCG64	20260814	replicate_major_Q0_to_Q1_then_Q1_to_Q2
524	Q1_to_Q2	Q1_lenient	0	3	sub-006;sub-018;sub-024	PCG64	20260814	replicate_major_Q0_to_Q1_then_Q1_to_Q2
525	Q0_to_Q1	Q0_all	0	2	sub-022;sub-110	PCG64	20260814	replicate_major_Q0_to_Q1_then_Q1_to_Q2
525	Q1_to_Q2	Q1_lenient	0	3	sub-018;sub-050;sub-058	PCG64	20260814	replicate_major_Q0_to_Q1_then_Q1_to_Q2
526	Q0_to_Q1	Q0_all	0	2	sub-016;sub-068	PCG64	20260814	replicate_major_Q0_to_Q1_then_Q1_to_Q2
526	Q1_to_Q2	Q1_lenient	0	3	sub-036;sub-054;sub-082	PCG64	20260814	replicate_major_Q0_to_Q1_then_Q1_to_Q2
527	Q0_to_Q1	Q0_all	0	2	sub-006;sub-098	PCG64	20260814	replicate_major_Q0_to_Q1_then_Q1_to_Q2
527	Q1_to_Q2	Q1_lenient	0	3	sub-020;sub-050;sub-054	PCG64	20260814	replicate_major_Q0_to_Q1_then_Q1_to_Q2
528	Q0_to_Q1	Q0_all	0	2	sub-026;sub-040	PCG64	20260814	replicate_major_Q0_to_Q1_then_Q1_to_Q2
528	Q1_to_Q2	Q1_lenient	0	3	sub-040;sub-076;sub-112	PCG64	20260814	replicate_major_Q0_to_Q1_then_Q1_to_Q2
529	Q0_to_Q1	Q0_all	0	2	sub-050;sub-108	PCG64	20260814	replicate_major_Q0_to_Q1_then_Q1_to_Q2
529	Q1_to_Q2	Q1_lenient	0	3	sub-074;sub-080;sub-110	PCG64	20260814	replicate_major_Q0_to_Q1_then_Q1_to_Q2
530	Q0_to_Q1	Q0_all	0	2	sub-074;sub-124	PCG64	20260814	replicate_major_Q0_to_Q1_then_Q1_to_Q2
530	Q1_to_Q2	Q1_lenient	0	3	sub-050;sub-074;sub-106	PCG64	20260814	replicate_major_Q0_to_Q1_then_Q1_to_Q2
531	Q0_to_Q1	Q0_all	0	2	sub-022;sub-110	PCG64	20260814	replicate_major_Q0_to_Q1_then_Q1_to_Q2
531	Q1_to_Q2	Q1_lenient	0	3	sub-014;sub-066;sub-116	PCG64	20260814	replicate_major_Q0_to_Q1_then_Q1_to_Q2
532	Q0_to_Q1	Q0_all	0	2	sub-056;sub-096	PCG64	20260814	replicate_major_Q0_to_Q1_then_Q1_to_Q2
532	Q1_to_Q2	Q1_lenient	0	3	sub-064;sub-068;sub-118	PCG64	20260814	replicate_major_Q0_to_Q1_then_Q1_to_Q2
533	Q0_to_Q1	Q0_all	0	2	sub-038;sub-064	PCG64	20260814	replicate_major_Q0_to_Q1_then_Q1_to_Q2
533	Q1_to_Q2	Q1_lenient	0	3	sub-024;sub-106;sub-120	PCG64	20260814	replicate_major_Q0_to_Q1_then_Q1_to_Q2
534	Q0_to_Q1	Q0_all	0	2	sub-044;sub-074	PCG64	20260814	replicate_major_Q0_to_Q1_then_Q1_to_Q2
534	Q1_to_Q2	Q1_lenient	0	3	sub-016;sub-106;sub-108	PCG64	20260814	replicate_major_Q0_to_Q1_then_Q1_to_Q2
535	Q0_to_Q1	Q0_all	0	2	sub-056;sub-090	PCG64	20260814	replicate_major_Q0_to_Q1_then_Q1_to_Q2
535	Q1_to_Q2	Q1_lenient	0	3	sub-020;sub-062;sub-068	PCG64	20260814	replicate_major_Q0_to_Q1_then_Q1_to_Q2
536	Q0_to_Q1	Q0_all	0	2	sub-024;sub-038	PCG64	20260814	replicate_major_Q0_to_Q1_then_Q1_to_Q2
536	Q1_to_Q2	Q1_lenient	0	3	sub-032;sub-044;sub-098	PCG64	20260814	replicate_major_Q0_to_Q1_then_Q1_to_Q2
537	Q0_to_Q1	Q0_all	0	2	sub-094;sub-104	PCG64	20260814	replicate_major_Q0_to_Q1_then_Q1_to_Q2
537	Q1_to_Q2	Q1_lenient	0	3	sub-002;sub-026;sub-064	PCG64	20260814	replicate_major_Q0_to_Q1_then_Q1_to_Q2
538	Q0_to_Q1	Q0_all	0	2	sub-046;sub-068	PCG64	20260814	replicate_major_Q0_to_Q1_then_Q1_to_Q2
538	Q1_to_Q2	Q1_lenient	0	3	sub-032;sub-054;sub-062	PCG64	20260814	replicate_major_Q0_to_Q1_then_Q1_to_Q2
539	Q0_to_Q1	Q0_all	0	2	sub-102;sub-104	PCG64	20260814	replicate_major_Q0_to_Q1_then_Q1_to_Q2
539	Q1_to_Q2	Q1_lenient	0	3	sub-022;sub-096;sub-118	PCG64	20260814	replicate_major_Q0_to_Q1_then_Q1_to_Q2
540	Q0_to_Q1	Q0_all	0	2	sub-044;sub-102	PCG64	20260814	replicate_major_Q0_to_Q1_then_Q1_to_Q2
540	Q1_to_Q2	Q1_lenient	0	3	sub-016;sub-040;sub-066	PCG64	20260814	replicate_major_Q0_to_Q1_then_Q1_to_Q2
541	Q0_to_Q1	Q0_all	0	2	sub-046;sub-068	PCG64	20260814	replicate_major_Q0_to_Q1_then_Q1_to_Q2
541	Q1_to_Q2	Q1_lenient	0	3	sub-054;sub-070;sub-094	PCG64	20260814	replicate_major_Q0_to_Q1_then_Q1_to_Q2
542	Q0_to_Q1	Q0_all	0	2	sub-020;sub-040	PCG64	20260814	replicate_major_Q0_to_Q1_then_Q1_to_Q2
542	Q1_to_Q2	Q1_lenient	0	3	sub-032;sub-074;sub-102	PCG64	20260814	replicate_major_Q0_to_Q1_then_Q1_to_Q2
543	Q0_to_Q1	Q0_all	0	2	sub-044;sub-108	PCG64	20260814	replicate_major_Q0_to_Q1_then_Q1_to_Q2
543	Q1_to_Q2	Q1_lenient	0	3	sub-004;sub-060;sub-090	PCG64	20260814	replicate_major_Q0_to_Q1_then_Q1_to_Q2
544	Q0_to_Q1	Q0_all	0	2	sub-050;sub-060	PCG64	20260814	replicate_major_Q0_to_Q1_then_Q1_to_Q2
544	Q1_to_Q2	Q1_lenient	0	3	sub-038;sub-072;sub-076	PCG64	20260814	replicate_major_Q0_to_Q1_then_Q1_to_Q2
545	Q0_to_Q1	Q0_all	0	2	sub-046;sub-114	PCG64	20260814	replicate_major_Q0_to_Q1_then_Q1_to_Q2
545	Q1_to_Q2	Q1_lenient	0	3	sub-024;sub-054;sub-106	PCG64	20260814	replicate_major_Q0_to_Q1_then_Q1_to_Q2
546	Q0_to_Q1	Q0_all	0	2	sub-020;sub-050	PCG64	20260814	replicate_major_Q0_to_Q1_then_Q1_to_Q2
546	Q1_to_Q2	Q1_lenient	0	3	sub-002;sub-020;sub-032	PCG64	20260814	replicate_major_Q0_to_Q1_then_Q1_to_Q2
547	Q0_to_Q1	Q0_all	0	2	sub-010;sub-038	PCG64	20260814	replicate_major_Q0_to_Q1_then_Q1_to_Q2
547	Q1_to_Q2	Q1_lenient	0	3	sub-014;sub-026;sub-036	PCG64	20260814	replicate_major_Q0_to_Q1_then_Q1_to_Q2
548	Q0_to_Q1	Q0_all	0	2	sub-054;sub-080	PCG64	20260814	replicate_major_Q0_to_Q1_then_Q1_to_Q2
548	Q1_to_Q2	Q1_lenient	0	3	sub-058;sub-070;sub-096	PCG64	20260814	replicate_major_Q0_to_Q1_then_Q1_to_Q2
549	Q0_to_Q1	Q0_all	0	2	sub-004;sub-022	PCG64	20260814	replicate_major_Q0_to_Q1_then_Q1_to_Q2
549	Q1_to_Q2	Q1_lenient	0	3	sub-002;sub-016;sub-068	PCG64	20260814	replicate_major_Q0_to_Q1_then_Q1_to_Q2
550	Q0_to_Q1	Q0_all	0	2	sub-016;sub-050	PCG64	20260814	replicate_major_Q0_to_Q1_then_Q1_to_Q2
550	Q1_to_Q2	Q1_lenient	0	3	sub-004;sub-072;sub-102	PCG64	20260814	replicate_major_Q0_to_Q1_then_Q1_to_Q2
551	Q0_to_Q1	Q0_all	0	2	sub-058;sub-062	PCG64	20260814	replicate_major_Q0_to_Q1_then_Q1_to_Q2
551	Q1_to_Q2	Q1_lenient	0	3	sub-004;sub-076;sub-090	PCG64	20260814	replicate_major_Q0_to_Q1_then_Q1_to_Q2
552	Q0_to_Q1	Q0_all	0	2	sub-002;sub-010	PCG64	20260814	replicate_major_Q0_to_Q1_then_Q1_to_Q2
552	Q1_to_Q2	Q1_lenient	0	3	sub-026;sub-090;sub-118	PCG64	20260814	replicate_major_Q0_to_Q1_then_Q1_to_Q2
553	Q0_to_Q1	Q0_all	0	2	sub-054;sub-066	PCG64	20260814	replicate_major_Q0_to_Q1_then_Q1_to_Q2
553	Q1_to_Q2	Q1_lenient	0	3	sub-038;sub-068;sub-088	PCG64	20260814	replicate_major_Q0_to_Q1_then_Q1_to_Q2
554	Q0_to_Q1	Q0_all	0	2	sub-102;sub-104	PCG64	20260814	replicate_major_Q0_to_Q1_then_Q1_to_Q2
554	Q1_to_Q2	Q1_lenient	0	3	sub-018;sub-038;sub-058	PCG64	20260814	replicate_major_Q0_to_Q1_then_Q1_to_Q2
555	Q0_to_Q1	Q0_all	0	2	sub-038;sub-098	PCG64	20260814	replicate_major_Q0_to_Q1_then_Q1_to_Q2
555	Q1_to_Q2	Q1_lenient	0	3	sub-036;sub-050;sub-124	PCG64	20260814	replicate_major_Q0_to_Q1_then_Q1_to_Q2
556	Q0_to_Q1	Q0_all	0	2	sub-046;sub-050	PCG64	20260814	replicate_major_Q0_to_Q1_then_Q1_to_Q2
556	Q1_to_Q2	Q1_lenient	0	3	sub-010;sub-022;sub-054	PCG64	20260814	replicate_major_Q0_to_Q1_then_Q1_to_Q2
557	Q0_to_Q1	Q0_all	0	2	sub-002;sub-038	PCG64	20260814	replicate_major_Q0_to_Q1_then_Q1_to_Q2
557	Q1_to_Q2	Q1_lenient	0	3	sub-016;sub-092;sub-110	PCG64	20260814	replicate_major_Q0_to_Q1_then_Q1_to_Q2
558	Q0_to_Q1	Q0_all	0	2	sub-046;sub-076	PCG64	20260814	replicate_major_Q0_to_Q1_then_Q1_to_Q2
558	Q1_to_Q2	Q1_lenient	0	3	sub-080;sub-098;sub-120	PCG64	20260814	replicate_major_Q0_to_Q1_then_Q1_to_Q2
559	Q0_to_Q1	Q0_all	0	2	sub-018;sub-020	PCG64	20260814	replicate_major_Q0_to_Q1_then_Q1_to_Q2
559	Q1_to_Q2	Q1_lenient	0	3	sub-020;sub-032;sub-052	PCG64	20260814	replicate_major_Q0_to_Q1_then_Q1_to_Q2
560	Q0_to_Q1	Q0_all	0	2	sub-038;sub-054	PCG64	20260814	replicate_major_Q0_to_Q1_then_Q1_to_Q2
560	Q1_to_Q2	Q1_lenient	0	3	sub-018;sub-060;sub-118	PCG64	20260814	replicate_major_Q0_to_Q1_then_Q1_to_Q2
561	Q0_to_Q1	Q0_all	0	2	sub-032;sub-080	PCG64	20260814	replicate_major_Q0_to_Q1_then_Q1_to_Q2
561	Q1_to_Q2	Q1_lenient	0	3	sub-002;sub-054;sub-060	PCG64	20260814	replicate_major_Q0_to_Q1_then_Q1_to_Q2
562	Q0_to_Q1	Q0_all	0	2	sub-002;sub-104	PCG64	20260814	replicate_major_Q0_to_Q1_then_Q1_to_Q2
562	Q1_to_Q2	Q1_lenient	0	3	sub-006;sub-038;sub-070	PCG64	20260814	replicate_major_Q0_to_Q1_then_Q1_to_Q2
563	Q0_to_Q1	Q0_all	0	2	sub-058;sub-066	PCG64	20260814	replicate_major_Q0_to_Q1_then_Q1_to_Q2
563	Q1_to_Q2	Q1_lenient	0	3	sub-014;sub-026;sub-058	PCG64	20260814	replicate_major_Q0_to_Q1_then_Q1_to_Q2
564	Q0_to_Q1	Q0_all	0	2	sub-044;sub-124	PCG64	20260814	replicate_major_Q0_to_Q1_then_Q1_to_Q2
564	Q1_to_Q2	Q1_lenient	0	3	sub-002;sub-058;sub-084	PCG64	20260814	replicate_major_Q0_to_Q1_then_Q1_to_Q2
565	Q0_to_Q1	Q0_all	0	2	sub-020;sub-094	PCG64	20260814	replicate_major_Q0_to_Q1_then_Q1_to_Q2
565	Q1_to_Q2	Q1_lenient	0	3	sub-044;sub-094;sub-118	PCG64	20260814	replicate_major_Q0_to_Q1_then_Q1_to_Q2
566	Q0_to_Q1	Q0_all	0	2	sub-014;sub-088	PCG64	20260814	replicate_major_Q0_to_Q1_then_Q1_to_Q2
566	Q1_to_Q2	Q1_lenient	0	3	sub-070;sub-108;sub-114	PCG64	20260814	replicate_major_Q0_to_Q1_then_Q1_to_Q2
567	Q0_to_Q1	Q0_all	0	2	sub-040;sub-104	PCG64	20260814	replicate_major_Q0_to_Q1_then_Q1_to_Q2
567	Q1_to_Q2	Q1_lenient	0	3	sub-020;sub-050;sub-092	PCG64	20260814	replicate_major_Q0_to_Q1_then_Q1_to_Q2
568	Q0_to_Q1	Q0_all	0	2	sub-038;sub-110	PCG64	20260814	replicate_major_Q0_to_Q1_then_Q1_to_Q2
568	Q1_to_Q2	Q1_lenient	0	3	sub-016;sub-104;sub-120	PCG64	20260814	replicate_major_Q0_to_Q1_then_Q1_to_Q2
569	Q0_to_Q1	Q0_all	0	2	sub-112;sub-120	PCG64	20260814	replicate_major_Q0_to_Q1_then_Q1_to_Q2
569	Q1_to_Q2	Q1_lenient	0	3	sub-016;sub-074;sub-096	PCG64	20260814	replicate_major_Q0_to_Q1_then_Q1_to_Q2
570	Q0_to_Q1	Q0_all	0	2	sub-032;sub-038	PCG64	20260814	replicate_major_Q0_to_Q1_then_Q1_to_Q2
570	Q1_to_Q2	Q1_lenient	0	3	sub-046;sub-068;sub-106	PCG64	20260814	replicate_major_Q0_to_Q1_then_Q1_to_Q2
571	Q0_to_Q1	Q0_all	0	2	sub-046;sub-082	PCG64	20260814	replicate_major_Q0_to_Q1_then_Q1_to_Q2
571	Q1_to_Q2	Q1_lenient	0	3	sub-022;sub-040;sub-060	PCG64	20260814	replicate_major_Q0_to_Q1_then_Q1_to_Q2
572	Q0_to_Q1	Q0_all	0	2	sub-022;sub-090	PCG64	20260814	replicate_major_Q0_to_Q1_then_Q1_to_Q2
572	Q1_to_Q2	Q1_lenient	0	3	sub-052;sub-054;sub-062	PCG64	20260814	replicate_major_Q0_to_Q1_then_Q1_to_Q2
573	Q0_to_Q1	Q0_all	0	2	sub-038;sub-090	PCG64	20260814	replicate_major_Q0_to_Q1_then_Q1_to_Q2
573	Q1_to_Q2	Q1_lenient	0	3	sub-010;sub-050;sub-062	PCG64	20260814	replicate_major_Q0_to_Q1_then_Q1_to_Q2
574	Q0_to_Q1	Q0_all	0	2	sub-016;sub-096	PCG64	20260814	replicate_major_Q0_to_Q1_then_Q1_to_Q2
574	Q1_to_Q2	Q1_lenient	0	3	sub-074;sub-104;sub-114	PCG64	20260814	replicate_major_Q0_to_Q1_then_Q1_to_Q2
575	Q0_to_Q1	Q0_all	0	2	sub-022;sub-044	PCG64	20260814	replicate_major_Q0_to_Q1_then_Q1_to_Q2
575	Q1_to_Q2	Q1_lenient	0	3	sub-016;sub-062;sub-106	PCG64	20260814	replicate_major_Q0_to_Q1_then_Q1_to_Q2
576	Q0_to_Q1	Q0_all	0	2	sub-046;sub-106	PCG64	20260814	replicate_major_Q0_to_Q1_then_Q1_to_Q2
576	Q1_to_Q2	Q1_lenient	0	3	sub-026;sub-046;sub-114	PCG64	20260814	replicate_major_Q0_to_Q1_then_Q1_to_Q2
577	Q0_to_Q1	Q0_all	0	2	sub-026;sub-118	PCG64	20260814	replicate_major_Q0_to_Q1_then_Q1_to_Q2
577	Q1_to_Q2	Q1_lenient	0	3	sub-008;sub-050;sub-094	PCG64	20260814	replicate_major_Q0_to_Q1_then_Q1_to_Q2
578	Q0_to_Q1	Q0_all	0	2	sub-030;sub-056	PCG64	20260814	replicate_major_Q0_to_Q1_then_Q1_to_Q2
578	Q1_to_Q2	Q1_lenient	0	3	sub-082;sub-094;sub-102	PCG64	20260814	replicate_major_Q0_to_Q1_then_Q1_to_Q2
579	Q0_to_Q1	Q0_all	0	2	sub-010;sub-056	PCG64	20260814	replicate_major_Q0_to_Q1_then_Q1_to_Q2
579	Q1_to_Q2	Q1_lenient	0	3	sub-050;sub-066;sub-098	PCG64	20260814	replicate_major_Q0_to_Q1_then_Q1_to_Q2
580	Q0_to_Q1	Q0_all	0	2	sub-014;sub-116	PCG64	20260814	replicate_major_Q0_to_Q1_then_Q1_to_Q2
580	Q1_to_Q2	Q1_lenient	0	3	sub-092;sub-106;sub-124	PCG64	20260814	replicate_major_Q0_to_Q1_then_Q1_to_Q2
581	Q0_to_Q1	Q0_all	0	2	sub-070;sub-090	PCG64	20260814	replicate_major_Q0_to_Q1_then_Q1_to_Q2
581	Q1_to_Q2	Q1_lenient	0	3	sub-008;sub-024;sub-074	PCG64	20260814	replicate_major_Q0_to_Q1_then_Q1_to_Q2
582	Q0_to_Q1	Q0_all	0	2	sub-008;sub-114	PCG64	20260814	replicate_major_Q0_to_Q1_then_Q1_to_Q2
582	Q1_to_Q2	Q1_lenient	0	3	sub-036;sub-054;sub-062	PCG64	20260814	replicate_major_Q0_to_Q1_then_Q1_to_Q2
583	Q0_to_Q1	Q0_all	0	2	sub-038;sub-056	PCG64	20260814	replicate_major_Q0_to_Q1_then_Q1_to_Q2
583	Q1_to_Q2	Q1_lenient	0	3	sub-002;sub-004;sub-120	PCG64	20260814	replicate_major_Q0_to_Q1_then_Q1_to_Q2
584	Q0_to_Q1	Q0_all	0	2	sub-054;sub-108	PCG64	20260814	replicate_major_Q0_to_Q1_then_Q1_to_Q2
584	Q1_to_Q2	Q1_lenient	0	3	sub-062;sub-072;sub-114	PCG64	20260814	replicate_major_Q0_to_Q1_then_Q1_to_Q2
585	Q0_to_Q1	Q0_all	0	2	sub-068;sub-102	PCG64	20260814	replicate_major_Q0_to_Q1_then_Q1_to_Q2
585	Q1_to_Q2	Q1_lenient	0	3	sub-050;sub-064;sub-080	PCG64	20260814	replicate_major_Q0_to_Q1_then_Q1_to_Q2
586	Q0_to_Q1	Q0_all	0	2	sub-026;sub-098	PCG64	20260814	replicate_major_Q0_to_Q1_then_Q1_to_Q2
586	Q1_to_Q2	Q1_lenient	0	3	sub-014;sub-026;sub-106	PCG64	20260814	replicate_major_Q0_to_Q1_then_Q1_to_Q2
587	Q0_to_Q1	Q0_all	0	2	sub-014;sub-026	PCG64	20260814	replicate_major_Q0_to_Q1_then_Q1_to_Q2
587	Q1_to_Q2	Q1_lenient	0	3	sub-052;sub-062;sub-116	PCG64	20260814	replicate_major_Q0_to_Q1_then_Q1_to_Q2
588	Q0_to_Q1	Q0_all	0	2	sub-088;sub-112	PCG64	20260814	replicate_major_Q0_to_Q1_then_Q1_to_Q2
588	Q1_to_Q2	Q1_lenient	0	3	sub-004;sub-014;sub-094	PCG64	20260814	replicate_major_Q0_to_Q1_then_Q1_to_Q2
589	Q0_to_Q1	Q0_all	0	2	sub-010;sub-052	PCG64	20260814	replicate_major_Q0_to_Q1_then_Q1_to_Q2
589	Q1_to_Q2	Q1_lenient	0	3	sub-014;sub-054;sub-106	PCG64	20260814	replicate_major_Q0_to_Q1_then_Q1_to_Q2
590	Q0_to_Q1	Q0_all	0	2	sub-070;sub-088	PCG64	20260814	replicate_major_Q0_to_Q1_then_Q1_to_Q2
590	Q1_to_Q2	Q1_lenient	0	3	sub-014;sub-102;sub-118	PCG64	20260814	replicate_major_Q0_to_Q1_then_Q1_to_Q2
591	Q0_to_Q1	Q0_all	0	2	sub-016;sub-058	PCG64	20260814	replicate_major_Q0_to_Q1_then_Q1_to_Q2
591	Q1_to_Q2	Q1_lenient	0	3	sub-032;sub-090;sub-108	PCG64	20260814	replicate_major_Q0_to_Q1_then_Q1_to_Q2
592	Q0_to_Q1	Q0_all	0	2	sub-020;sub-114	PCG64	20260814	replicate_major_Q0_to_Q1_then_Q1_to_Q2
592	Q1_to_Q2	Q1_lenient	0	3	sub-044;sub-052;sub-070	PCG64	20260814	replicate_major_Q0_to_Q1_then_Q1_to_Q2
593	Q0_to_Q1	Q0_all	0	2	sub-002;sub-096	PCG64	20260814	replicate_major_Q0_to_Q1_then_Q1_to_Q2
593	Q1_to_Q2	Q1_lenient	0	3	sub-046;sub-052;sub-072	PCG64	20260814	replicate_major_Q0_to_Q1_then_Q1_to_Q2
594	Q0_to_Q1	Q0_all	0	2	sub-024;sub-070	PCG64	20260814	replicate_major_Q0_to_Q1_then_Q1_to_Q2
594	Q1_to_Q2	Q1_lenient	0	3	sub-060;sub-080;sub-120	PCG64	20260814	replicate_major_Q0_to_Q1_then_Q1_to_Q2
595	Q0_to_Q1	Q0_all	0	2	sub-070;sub-112	PCG64	20260814	replicate_major_Q0_to_Q1_then_Q1_to_Q2
595	Q1_to_Q2	Q1_lenient	0	3	sub-044;sub-082;sub-112	PCG64	20260814	replicate_major_Q0_to_Q1_then_Q1_to_Q2
596	Q0_to_Q1	Q0_all	0	2	sub-018;sub-118	PCG64	20260814	replicate_major_Q0_to_Q1_then_Q1_to_Q2
596	Q1_to_Q2	Q1_lenient	0	3	sub-002;sub-046;sub-088	PCG64	20260814	replicate_major_Q0_to_Q1_then_Q1_to_Q2
597	Q0_to_Q1	Q0_all	0	2	sub-016;sub-118	PCG64	20260814	replicate_major_Q0_to_Q1_then_Q1_to_Q2
597	Q1_to_Q2	Q1_lenient	0	3	sub-044;sub-062;sub-074	PCG64	20260814	replicate_major_Q0_to_Q1_then_Q1_to_Q2
598	Q0_to_Q1	Q0_all	0	2	sub-014;sub-072	PCG64	20260814	replicate_major_Q0_to_Q1_then_Q1_to_Q2
598	Q1_to_Q2	Q1_lenient	0	3	sub-016;sub-032;sub-098	PCG64	20260814	replicate_major_Q0_to_Q1_then_Q1_to_Q2
599	Q0_to_Q1	Q0_all	0	2	sub-032;sub-076	PCG64	20260814	replicate_major_Q0_to_Q1_then_Q1_to_Q2
599	Q1_to_Q2	Q1_lenient	0	3	sub-052;sub-094;sub-110	PCG64	20260814	replicate_major_Q0_to_Q1_then_Q1_to_Q2
600	Q0_to_Q1	Q0_all	0	2	sub-018;sub-040	PCG64	20260814	replicate_major_Q0_to_Q1_then_Q1_to_Q2
600	Q1_to_Q2	Q1_lenient	0	3	sub-040;sub-062;sub-094	PCG64	20260814	replicate_major_Q0_to_Q1_then_Q1_to_Q2
601	Q0_to_Q1	Q0_all	0	2	sub-104;sub-110	PCG64	20260814	replicate_major_Q0_to_Q1_then_Q1_to_Q2
601	Q1_to_Q2	Q1_lenient	0	3	sub-038;sub-098;sub-102	PCG64	20260814	replicate_major_Q0_to_Q1_then_Q1_to_Q2
602	Q0_to_Q1	Q0_all	0	2	sub-014;sub-098	PCG64	20260814	replicate_major_Q0_to_Q1_then_Q1_to_Q2
602	Q1_to_Q2	Q1_lenient	0	3	sub-004;sub-088;sub-098	PCG64	20260814	replicate_major_Q0_to_Q1_then_Q1_to_Q2
603	Q0_to_Q1	Q0_all	0	2	sub-080;sub-098	PCG64	20260814	replicate_major_Q0_to_Q1_then_Q1_to_Q2
603	Q1_to_Q2	Q1_lenient	0	3	sub-032;sub-088;sub-092	PCG64	20260814	replicate_major_Q0_to_Q1_then_Q1_to_Q2
604	Q0_to_Q1	Q0_all	0	2	sub-016;sub-026	PCG64	20260814	replicate_major_Q0_to_Q1_then_Q1_to_Q2
604	Q1_to_Q2	Q1_lenient	0	3	sub-096;sub-104;sub-110	PCG64	20260814	replicate_major_Q0_to_Q1_then_Q1_to_Q2
605	Q0_to_Q1	Q0_all	0	2	sub-038;sub-100	PCG64	20260814	replicate_major_Q0_to_Q1_then_Q1_to_Q2
605	Q1_to_Q2	Q1_lenient	0	3	sub-002;sub-052;sub-108	PCG64	20260814	replicate_major_Q0_to_Q1_then_Q1_to_Q2
606	Q0_to_Q1	Q0_all	0	2	sub-062;sub-068	PCG64	20260814	replicate_major_Q0_to_Q1_then_Q1_to_Q2
606	Q1_to_Q2	Q1_lenient	0	3	sub-036;sub-046;sub-092	PCG64	20260814	replicate_major_Q0_to_Q1_then_Q1_to_Q2
607	Q0_to_Q1	Q0_all	0	2	sub-050;sub-092	PCG64	20260814	replicate_major_Q0_to_Q1_then_Q1_to_Q2
607	Q1_to_Q2	Q1_lenient	0	3	sub-014;sub-050;sub-072	PCG64	20260814	replicate_major_Q0_to_Q1_then_Q1_to_Q2
608	Q0_to_Q1	Q0_all	0	2	sub-056;sub-064	PCG64	20260814	replicate_major_Q0_to_Q1_then_Q1_to_Q2
608	Q1_to_Q2	Q1_lenient	0	3	sub-038;sub-088;sub-116	PCG64	20260814	replicate_major_Q0_to_Q1_then_Q1_to_Q2
609	Q0_to_Q1	Q0_all	0	2	sub-036;sub-082	PCG64	20260814	replicate_major_Q0_to_Q1_then_Q1_to_Q2
609	Q1_to_Q2	Q1_lenient	0	3	sub-016;sub-046;sub-076	PCG64	20260814	replicate_major_Q0_to_Q1_then_Q1_to_Q2
610	Q0_to_Q1	Q0_all	0	2	sub-052;sub-092	PCG64	20260814	replicate_major_Q0_to_Q1_then_Q1_to_Q2
610	Q1_to_Q2	Q1_lenient	0	3	sub-014;sub-088;sub-102	PCG64	20260814	replicate_major_Q0_to_Q1_then_Q1_to_Q2
611	Q0_to_Q1	Q0_all	0	2	sub-038;sub-106	PCG64	20260814	replicate_major_Q0_to_Q1_then_Q1_to_Q2
611	Q1_to_Q2	Q1_lenient	0	3	sub-010;sub-038;sub-080	PCG64	20260814	replicate_major_Q0_to_Q1_then_Q1_to_Q2
612	Q0_to_Q1	Q0_all	0	2	sub-004;sub-094	PCG64	20260814	replicate_major_Q0_to_Q1_then_Q1_to_Q2
612	Q1_to_Q2	Q1_lenient	0	3	sub-046;sub-062;sub-070	PCG64	20260814	replicate_major_Q0_to_Q1_then_Q1_to_Q2
613	Q0_to_Q1	Q0_all	0	2	sub-006;sub-014	PCG64	20260814	replicate_major_Q0_to_Q1_then_Q1_to_Q2
613	Q1_to_Q2	Q1_lenient	0	3	sub-036;sub-052;sub-082	PCG64	20260814	replicate_major_Q0_to_Q1_then_Q1_to_Q2
614	Q0_to_Q1	Q0_all	0	2	sub-022;sub-064	PCG64	20260814	replicate_major_Q0_to_Q1_then_Q1_to_Q2
614	Q1_to_Q2	Q1_lenient	0	3	sub-044;sub-080;sub-108	PCG64	20260814	replicate_major_Q0_to_Q1_then_Q1_to_Q2
615	Q0_to_Q1	Q0_all	0	2	sub-030;sub-114	PCG64	20260814	replicate_major_Q0_to_Q1_then_Q1_to_Q2
615	Q1_to_Q2	Q1_lenient	0	3	sub-032;sub-058;sub-062	PCG64	20260814	replicate_major_Q0_to_Q1_then_Q1_to_Q2
616	Q0_to_Q1	Q0_all	0	2	sub-066;sub-108	PCG64	20260814	replicate_major_Q0_to_Q1_then_Q1_to_Q2
616	Q1_to_Q2	Q1_lenient	0	3	sub-014;sub-060;sub-090	PCG64	20260814	replicate_major_Q0_to_Q1_then_Q1_to_Q2
617	Q0_to_Q1	Q0_all	0	2	sub-050;sub-096	PCG64	20260814	replicate_major_Q0_to_Q1_then_Q1_to_Q2
617	Q1_to_Q2	Q1_lenient	0	3	sub-050;sub-106;sub-114	PCG64	20260814	replicate_major_Q0_to_Q1_then_Q1_to_Q2
618	Q0_to_Q1	Q0_all	0	2	sub-084;sub-102	PCG64	20260814	replicate_major_Q0_to_Q1_then_Q1_to_Q2
618	Q1_to_Q2	Q1_lenient	0	3	sub-060;sub-064;sub-090	PCG64	20260814	replicate_major_Q0_to_Q1_then_Q1_to_Q2
619	Q0_to_Q1	Q0_all	0	2	sub-100;sub-108	PCG64	20260814	replicate_major_Q0_to_Q1_then_Q1_to_Q2
619	Q1_to_Q2	Q1_lenient	0	3	sub-038;sub-058;sub-104	PCG64	20260814	replicate_major_Q0_to_Q1_then_Q1_to_Q2
620	Q0_to_Q1	Q0_all	0	2	sub-076;sub-120	PCG64	20260814	replicate_major_Q0_to_Q1_then_Q1_to_Q2
620	Q1_to_Q2	Q1_lenient	0	3	sub-060;sub-106;sub-114	PCG64	20260814	replicate_major_Q0_to_Q1_then_Q1_to_Q2
621	Q0_to_Q1	Q0_all	0	2	sub-022;sub-046	PCG64	20260814	replicate_major_Q0_to_Q1_then_Q1_to_Q2
621	Q1_to_Q2	Q1_lenient	0	3	sub-014;sub-070;sub-082	PCG64	20260814	replicate_major_Q0_to_Q1_then_Q1_to_Q2
622	Q0_to_Q1	Q0_all	0	2	sub-058;sub-084	PCG64	20260814	replicate_major_Q0_to_Q1_then_Q1_to_Q2
622	Q1_to_Q2	Q1_lenient	0	3	sub-010;sub-022;sub-112	PCG64	20260814	replicate_major_Q0_to_Q1_then_Q1_to_Q2
623	Q0_to_Q1	Q0_all	0	2	sub-008;sub-084	PCG64	20260814	replicate_major_Q0_to_Q1_then_Q1_to_Q2
623	Q1_to_Q2	Q1_lenient	0	3	sub-056;sub-108;sub-110	PCG64	20260814	replicate_major_Q0_to_Q1_then_Q1_to_Q2
624	Q0_to_Q1	Q0_all	0	2	sub-006;sub-040	PCG64	20260814	replicate_major_Q0_to_Q1_then_Q1_to_Q2
624	Q1_to_Q2	Q1_lenient	0	3	sub-002;sub-066;sub-120	PCG64	20260814	replicate_major_Q0_to_Q1_then_Q1_to_Q2
625	Q0_to_Q1	Q0_all	0	2	sub-014;sub-106	PCG64	20260814	replicate_major_Q0_to_Q1_then_Q1_to_Q2
625	Q1_to_Q2	Q1_lenient	0	3	sub-018;sub-102;sub-106	PCG64	20260814	replicate_major_Q0_to_Q1_then_Q1_to_Q2
626	Q0_to_Q1	Q0_all	0	2	sub-088;sub-114	PCG64	20260814	replicate_major_Q0_to_Q1_then_Q1_to_Q2
626	Q1_to_Q2	Q1_lenient	0	3	sub-002;sub-018;sub-036	PCG64	20260814	replicate_major_Q0_to_Q1_then_Q1_to_Q2
627	Q0_to_Q1	Q0_all	0	2	sub-068;sub-070	PCG64	20260814	replicate_major_Q0_to_Q1_then_Q1_to_Q2
627	Q1_to_Q2	Q1_lenient	0	3	sub-040;sub-080;sub-098	PCG64	20260814	replicate_major_Q0_to_Q1_then_Q1_to_Q2
628	Q0_to_Q1	Q0_all	0	2	sub-060;sub-096	PCG64	20260814	replicate_major_Q0_to_Q1_then_Q1_to_Q2
628	Q1_to_Q2	Q1_lenient	0	3	sub-080;sub-090;sub-108	PCG64	20260814	replicate_major_Q0_to_Q1_then_Q1_to_Q2
629	Q0_to_Q1	Q0_all	0	2	sub-080;sub-106	PCG64	20260814	replicate_major_Q0_to_Q1_then_Q1_to_Q2
629	Q1_to_Q2	Q1_lenient	0	3	sub-068;sub-112;sub-116	PCG64	20260814	replicate_major_Q0_to_Q1_then_Q1_to_Q2
630	Q0_to_Q1	Q0_all	0	2	sub-022;sub-082	PCG64	20260814	replicate_major_Q0_to_Q1_then_Q1_to_Q2
630	Q1_to_Q2	Q1_lenient	0	3	sub-036;sub-046;sub-094	PCG64	20260814	replicate_major_Q0_to_Q1_then_Q1_to_Q2
631	Q0_to_Q1	Q0_all	0	2	sub-022;sub-088	PCG64	20260814	replicate_major_Q0_to_Q1_then_Q1_to_Q2
631	Q1_to_Q2	Q1_lenient	0	3	sub-050;sub-070;sub-102	PCG64	20260814	replicate_major_Q0_to_Q1_then_Q1_to_Q2
632	Q0_to_Q1	Q0_all	0	2	sub-014;sub-032	PCG64	20260814	replicate_major_Q0_to_Q1_then_Q1_to_Q2
632	Q1_to_Q2	Q1_lenient	0	3	sub-040;sub-066;sub-068	PCG64	20260814	replicate_major_Q0_to_Q1_then_Q1_to_Q2
633	Q0_to_Q1	Q0_all	0	2	sub-102;sub-112	PCG64	20260814	replicate_major_Q0_to_Q1_then_Q1_to_Q2
633	Q1_to_Q2	Q1_lenient	0	3	sub-008;sub-110;sub-118	PCG64	20260814	replicate_major_Q0_to_Q1_then_Q1_to_Q2
634	Q0_to_Q1	Q0_all	0	2	sub-082;sub-108	PCG64	20260814	replicate_major_Q0_to_Q1_then_Q1_to_Q2
634	Q1_to_Q2	Q1_lenient	0	3	sub-006;sub-014;sub-092	PCG64	20260814	replicate_major_Q0_to_Q1_then_Q1_to_Q2
635	Q0_to_Q1	Q0_all	0	2	sub-018;sub-106	PCG64	20260814	replicate_major_Q0_to_Q1_then_Q1_to_Q2
635	Q1_to_Q2	Q1_lenient	0	3	sub-038;sub-066;sub-116	PCG64	20260814	replicate_major_Q0_to_Q1_then_Q1_to_Q2
636	Q0_to_Q1	Q0_all	0	2	sub-038;sub-046	PCG64	20260814	replicate_major_Q0_to_Q1_then_Q1_to_Q2
636	Q1_to_Q2	Q1_lenient	0	3	sub-046;sub-066;sub-076	PCG64	20260814	replicate_major_Q0_to_Q1_then_Q1_to_Q2
637	Q0_to_Q1	Q0_all	0	2	sub-032;sub-088	PCG64	20260814	replicate_major_Q0_to_Q1_then_Q1_to_Q2
637	Q1_to_Q2	Q1_lenient	0	3	sub-070;sub-102;sub-110	PCG64	20260814	replicate_major_Q0_to_Q1_then_Q1_to_Q2
638	Q0_to_Q1	Q0_all	0	2	sub-032;sub-092	PCG64	20260814	replicate_major_Q0_to_Q1_then_Q1_to_Q2
638	Q1_to_Q2	Q1_lenient	0	3	sub-038;sub-040;sub-102	PCG64	20260814	replicate_major_Q0_to_Q1_then_Q1_to_Q2
639	Q0_to_Q1	Q0_all	0	2	sub-082;sub-124	PCG64	20260814	replicate_major_Q0_to_Q1_then_Q1_to_Q2
639	Q1_to_Q2	Q1_lenient	0	3	sub-046;sub-072;sub-088	PCG64	20260814	replicate_major_Q0_to_Q1_then_Q1_to_Q2
640	Q0_to_Q1	Q0_all	0	2	sub-024;sub-116	PCG64	20260814	replicate_major_Q0_to_Q1_then_Q1_to_Q2
640	Q1_to_Q2	Q1_lenient	0	3	sub-008;sub-010;sub-070	PCG64	20260814	replicate_major_Q0_to_Q1_then_Q1_to_Q2
641	Q0_to_Q1	Q0_all	0	2	sub-072;sub-114	PCG64	20260814	replicate_major_Q0_to_Q1_then_Q1_to_Q2
641	Q1_to_Q2	Q1_lenient	0	3	sub-018;sub-020;sub-118	PCG64	20260814	replicate_major_Q0_to_Q1_then_Q1_to_Q2
642	Q0_to_Q1	Q0_all	0	2	sub-102;sub-124	PCG64	20260814	replicate_major_Q0_to_Q1_then_Q1_to_Q2
642	Q1_to_Q2	Q1_lenient	0	3	sub-008;sub-068;sub-108	PCG64	20260814	replicate_major_Q0_to_Q1_then_Q1_to_Q2
643	Q0_to_Q1	Q0_all	0	2	sub-044;sub-080	PCG64	20260814	replicate_major_Q0_to_Q1_then_Q1_to_Q2
643	Q1_to_Q2	Q1_lenient	0	3	sub-010;sub-064;sub-094	PCG64	20260814	replicate_major_Q0_to_Q1_then_Q1_to_Q2
644	Q0_to_Q1	Q0_all	0	2	sub-038;sub-054	PCG64	20260814	replicate_major_Q0_to_Q1_then_Q1_to_Q2
644	Q1_to_Q2	Q1_lenient	0	3	sub-026;sub-082;sub-102	PCG64	20260814	replicate_major_Q0_to_Q1_then_Q1_to_Q2
645	Q0_to_Q1	Q0_all	0	2	sub-004;sub-082	PCG64	20260814	replicate_major_Q0_to_Q1_then_Q1_to_Q2
645	Q1_to_Q2	Q1_lenient	0	3	sub-040;sub-064;sub-082	PCG64	20260814	replicate_major_Q0_to_Q1_then_Q1_to_Q2
646	Q0_to_Q1	Q0_all	0	2	sub-026;sub-054	PCG64	20260814	replicate_major_Q0_to_Q1_then_Q1_to_Q2
646	Q1_to_Q2	Q1_lenient	0	3	sub-022;sub-044;sub-060	PCG64	20260814	replicate_major_Q0_to_Q1_then_Q1_to_Q2
647	Q0_to_Q1	Q0_all	0	2	sub-066;sub-114	PCG64	20260814	replicate_major_Q0_to_Q1_then_Q1_to_Q2
647	Q1_to_Q2	Q1_lenient	0	3	sub-056;sub-058;sub-072	PCG64	20260814	replicate_major_Q0_to_Q1_then_Q1_to_Q2
648	Q0_to_Q1	Q0_all	0	2	sub-088;sub-112	PCG64	20260814	replicate_major_Q0_to_Q1_then_Q1_to_Q2
648	Q1_to_Q2	Q1_lenient	0	3	sub-044;sub-060;sub-062	PCG64	20260814	replicate_major_Q0_to_Q1_then_Q1_to_Q2
649	Q0_to_Q1	Q0_all	0	2	sub-070;sub-106	PCG64	20260814	replicate_major_Q0_to_Q1_then_Q1_to_Q2
649	Q1_to_Q2	Q1_lenient	0	3	sub-020;sub-108;sub-116	PCG64	20260814	replicate_major_Q0_to_Q1_then_Q1_to_Q2
650	Q0_to_Q1	Q0_all	0	2	sub-010;sub-020	PCG64	20260814	replicate_major_Q0_to_Q1_then_Q1_to_Q2
650	Q1_to_Q2	Q1_lenient	0	3	sub-002;sub-084;sub-098	PCG64	20260814	replicate_major_Q0_to_Q1_then_Q1_to_Q2
651	Q0_to_Q1	Q0_all	0	2	sub-094;sub-118	PCG64	20260814	replicate_major_Q0_to_Q1_then_Q1_to_Q2
651	Q1_to_Q2	Q1_lenient	0	3	sub-046;sub-072;sub-106	PCG64	20260814	replicate_major_Q0_to_Q1_then_Q1_to_Q2
652	Q0_to_Q1	Q0_all	0	2	sub-046;sub-072	PCG64	20260814	replicate_major_Q0_to_Q1_then_Q1_to_Q2
652	Q1_to_Q2	Q1_lenient	0	3	sub-066;sub-108;sub-112	PCG64	20260814	replicate_major_Q0_to_Q1_then_Q1_to_Q2
653	Q0_to_Q1	Q0_all	0	2	sub-040;sub-088	PCG64	20260814	replicate_major_Q0_to_Q1_then_Q1_to_Q2
653	Q1_to_Q2	Q1_lenient	0	3	sub-008;sub-058;sub-114	PCG64	20260814	replicate_major_Q0_to_Q1_then_Q1_to_Q2
654	Q0_to_Q1	Q0_all	0	2	sub-052;sub-102	PCG64	20260814	replicate_major_Q0_to_Q1_then_Q1_to_Q2
654	Q1_to_Q2	Q1_lenient	0	3	sub-024;sub-092;sub-094	PCG64	20260814	replicate_major_Q0_to_Q1_then_Q1_to_Q2
655	Q0_to_Q1	Q0_all	0	2	sub-008;sub-060	PCG64	20260814	replicate_major_Q0_to_Q1_then_Q1_to_Q2
655	Q1_to_Q2	Q1_lenient	0	3	sub-022;sub-040;sub-090	PCG64	20260814	replicate_major_Q0_to_Q1_then_Q1_to_Q2
656	Q0_to_Q1	Q0_all	0	2	sub-038;sub-114	PCG64	20260814	replicate_major_Q0_to_Q1_then_Q1_to_Q2
656	Q1_to_Q2	Q1_lenient	0	3	sub-052;sub-082;sub-108	PCG64	20260814	replicate_major_Q0_to_Q1_then_Q1_to_Q2
657	Q0_to_Q1	Q0_all	0	2	sub-062;sub-072	PCG64	20260814	replicate_major_Q0_to_Q1_then_Q1_to_Q2
657	Q1_to_Q2	Q1_lenient	0	3	sub-046;sub-054;sub-072	PCG64	20260814	replicate_major_Q0_to_Q1_then_Q1_to_Q2
658	Q0_to_Q1	Q0_all	0	2	sub-058;sub-090	PCG64	20260814	replicate_major_Q0_to_Q1_then_Q1_to_Q2
658	Q1_to_Q2	Q1_lenient	0	3	sub-040;sub-052;sub-124	PCG64	20260814	replicate_major_Q0_to_Q1_then_Q1_to_Q2
659	Q0_to_Q1	Q0_all	0	2	sub-044;sub-100	PCG64	20260814	replicate_major_Q0_to_Q1_then_Q1_to_Q2
659	Q1_to_Q2	Q1_lenient	0	3	sub-004;sub-036;sub-050	PCG64	20260814	replicate_major_Q0_to_Q1_then_Q1_to_Q2
660	Q0_to_Q1	Q0_all	0	2	sub-050;sub-118	PCG64	20260814	replicate_major_Q0_to_Q1_then_Q1_to_Q2
660	Q1_to_Q2	Q1_lenient	0	3	sub-038;sub-040;sub-074	PCG64	20260814	replicate_major_Q0_to_Q1_then_Q1_to_Q2
661	Q0_to_Q1	Q0_all	0	2	sub-004;sub-064	PCG64	20260814	replicate_major_Q0_to_Q1_then_Q1_to_Q2
661	Q1_to_Q2	Q1_lenient	0	3	sub-014;sub-102;sub-112	PCG64	20260814	replicate_major_Q0_to_Q1_then_Q1_to_Q2
662	Q0_to_Q1	Q0_all	0	2	sub-030;sub-060	PCG64	20260814	replicate_major_Q0_to_Q1_then_Q1_to_Q2
662	Q1_to_Q2	Q1_lenient	0	3	sub-044;sub-060;sub-068	PCG64	20260814	replicate_major_Q0_to_Q1_then_Q1_to_Q2
663	Q0_to_Q1	Q0_all	0	2	sub-032;sub-108	PCG64	20260814	replicate_major_Q0_to_Q1_then_Q1_to_Q2
663	Q1_to_Q2	Q1_lenient	0	3	sub-022;sub-054;sub-104	PCG64	20260814	replicate_major_Q0_to_Q1_then_Q1_to_Q2
664	Q0_to_Q1	Q0_all	0	2	sub-046;sub-070	PCG64	20260814	replicate_major_Q0_to_Q1_then_Q1_to_Q2
664	Q1_to_Q2	Q1_lenient	0	3	sub-024;sub-080;sub-088	PCG64	20260814	replicate_major_Q0_to_Q1_then_Q1_to_Q2
665	Q0_to_Q1	Q0_all	0	2	sub-004;sub-036	PCG64	20260814	replicate_major_Q0_to_Q1_then_Q1_to_Q2
665	Q1_to_Q2	Q1_lenient	0	3	sub-018;sub-064;sub-110	PCG64	20260814	replicate_major_Q0_to_Q1_then_Q1_to_Q2
666	Q0_to_Q1	Q0_all	0	2	sub-046;sub-112	PCG64	20260814	replicate_major_Q0_to_Q1_then_Q1_to_Q2
666	Q1_to_Q2	Q1_lenient	0	3	sub-008;sub-102;sub-106	PCG64	20260814	replicate_major_Q0_to_Q1_then_Q1_to_Q2
667	Q0_to_Q1	Q0_all	0	2	sub-060;sub-076	PCG64	20260814	replicate_major_Q0_to_Q1_then_Q1_to_Q2
667	Q1_to_Q2	Q1_lenient	0	3	sub-024;sub-054;sub-070	PCG64	20260814	replicate_major_Q0_to_Q1_then_Q1_to_Q2
668	Q0_to_Q1	Q0_all	0	2	sub-002;sub-050	PCG64	20260814	replicate_major_Q0_to_Q1_then_Q1_to_Q2
668	Q1_to_Q2	Q1_lenient	0	3	sub-066;sub-090;sub-110	PCG64	20260814	replicate_major_Q0_to_Q1_then_Q1_to_Q2
669	Q0_to_Q1	Q0_all	0	2	sub-068;sub-090	PCG64	20260814	replicate_major_Q0_to_Q1_then_Q1_to_Q2
669	Q1_to_Q2	Q1_lenient	0	3	sub-036;sub-076;sub-088	PCG64	20260814	replicate_major_Q0_to_Q1_then_Q1_to_Q2
670	Q0_to_Q1	Q0_all	0	2	sub-024;sub-066	PCG64	20260814	replicate_major_Q0_to_Q1_then_Q1_to_Q2
670	Q1_to_Q2	Q1_lenient	0	3	sub-062;sub-082;sub-102	PCG64	20260814	replicate_major_Q0_to_Q1_then_Q1_to_Q2
671	Q0_to_Q1	Q0_all	0	2	sub-008;sub-110	PCG64	20260814	replicate_major_Q0_to_Q1_then_Q1_to_Q2
671	Q1_to_Q2	Q1_lenient	0	3	sub-022;sub-038;sub-050	PCG64	20260814	replicate_major_Q0_to_Q1_then_Q1_to_Q2
672	Q0_to_Q1	Q0_all	0	2	sub-022;sub-114	PCG64	20260814	replicate_major_Q0_to_Q1_then_Q1_to_Q2
672	Q1_to_Q2	Q1_lenient	0	3	sub-040;sub-046;sub-092	PCG64	20260814	replicate_major_Q0_to_Q1_then_Q1_to_Q2
673	Q0_to_Q1	Q0_all	0	2	sub-054;sub-082	PCG64	20260814	replicate_major_Q0_to_Q1_then_Q1_to_Q2
673	Q1_to_Q2	Q1_lenient	0	3	sub-072;sub-092;sub-112	PCG64	20260814	replicate_major_Q0_to_Q1_then_Q1_to_Q2
674	Q0_to_Q1	Q0_all	0	2	sub-090;sub-098	PCG64	20260814	replicate_major_Q0_to_Q1_then_Q1_to_Q2
674	Q1_to_Q2	Q1_lenient	0	3	sub-004;sub-064;sub-076	PCG64	20260814	replicate_major_Q0_to_Q1_then_Q1_to_Q2
675	Q0_to_Q1	Q0_all	0	2	sub-106;sub-116	PCG64	20260814	replicate_major_Q0_to_Q1_then_Q1_to_Q2
675	Q1_to_Q2	Q1_lenient	0	3	sub-006;sub-060;sub-070	PCG64	20260814	replicate_major_Q0_to_Q1_then_Q1_to_Q2
676	Q0_to_Q1	Q0_all	0	2	sub-070;sub-100	PCG64	20260814	replicate_major_Q0_to_Q1_then_Q1_to_Q2
676	Q1_to_Q2	Q1_lenient	0	3	sub-010;sub-058;sub-124	PCG64	20260814	replicate_major_Q0_to_Q1_then_Q1_to_Q2
677	Q0_to_Q1	Q0_all	0	2	sub-010;sub-074	PCG64	20260814	replicate_major_Q0_to_Q1_then_Q1_to_Q2
677	Q1_to_Q2	Q1_lenient	0	3	sub-040;sub-062;sub-088	PCG64	20260814	replicate_major_Q0_to_Q1_then_Q1_to_Q2
678	Q0_to_Q1	Q0_all	0	2	sub-026;sub-106	PCG64	20260814	replicate_major_Q0_to_Q1_then_Q1_to_Q2
678	Q1_to_Q2	Q1_lenient	0	3	sub-010;sub-054;sub-090	PCG64	20260814	replicate_major_Q0_to_Q1_then_Q1_to_Q2
679	Q0_to_Q1	Q0_all	0	2	sub-088;sub-114	PCG64	20260814	replicate_major_Q0_to_Q1_then_Q1_to_Q2
679	Q1_to_Q2	Q1_lenient	0	3	sub-022;sub-072;sub-104	PCG64	20260814	replicate_major_Q0_to_Q1_then_Q1_to_Q2
680	Q0_to_Q1	Q0_all	0	2	sub-026;sub-092	PCG64	20260814	replicate_major_Q0_to_Q1_then_Q1_to_Q2
680	Q1_to_Q2	Q1_lenient	0	3	sub-088;sub-092;sub-104	PCG64	20260814	replicate_major_Q0_to_Q1_then_Q1_to_Q2
681	Q0_to_Q1	Q0_all	0	2	sub-006;sub-016	PCG64	20260814	replicate_major_Q0_to_Q1_then_Q1_to_Q2
681	Q1_to_Q2	Q1_lenient	0	3	sub-038;sub-066;sub-092	PCG64	20260814	replicate_major_Q0_to_Q1_then_Q1_to_Q2
682	Q0_to_Q1	Q0_all	0	2	sub-004;sub-010	PCG64	20260814	replicate_major_Q0_to_Q1_then_Q1_to_Q2
682	Q1_to_Q2	Q1_lenient	0	3	sub-080;sub-088;sub-124	PCG64	20260814	replicate_major_Q0_to_Q1_then_Q1_to_Q2
683	Q0_to_Q1	Q0_all	0	2	sub-002;sub-020	PCG64	20260814	replicate_major_Q0_to_Q1_then_Q1_to_Q2
683	Q1_to_Q2	Q1_lenient	0	3	sub-004;sub-074;sub-094	PCG64	20260814	replicate_major_Q0_to_Q1_then_Q1_to_Q2
684	Q0_to_Q1	Q0_all	0	2	sub-060;sub-124	PCG64	20260814	replicate_major_Q0_to_Q1_then_Q1_to_Q2
684	Q1_to_Q2	Q1_lenient	0	3	sub-050;sub-092;sub-124	PCG64	20260814	replicate_major_Q0_to_Q1_then_Q1_to_Q2
685	Q0_to_Q1	Q0_all	0	2	sub-024;sub-106	PCG64	20260814	replicate_major_Q0_to_Q1_then_Q1_to_Q2
685	Q1_to_Q2	Q1_lenient	0	3	sub-018;sub-116;sub-124	PCG64	20260814	replicate_major_Q0_to_Q1_then_Q1_to_Q2
686	Q0_to_Q1	Q0_all	0	2	sub-084;sub-100	PCG64	20260814	replicate_major_Q0_to_Q1_then_Q1_to_Q2
686	Q1_to_Q2	Q1_lenient	0	3	sub-026;sub-082;sub-110	PCG64	20260814	replicate_major_Q0_to_Q1_then_Q1_to_Q2
687	Q0_to_Q1	Q0_all	0	2	sub-046;sub-108	PCG64	20260814	replicate_major_Q0_to_Q1_then_Q1_to_Q2
687	Q1_to_Q2	Q1_lenient	0	3	sub-080;sub-106;sub-108	PCG64	20260814	replicate_major_Q0_to_Q1_then_Q1_to_Q2
688	Q0_to_Q1	Q0_all	0	2	sub-106;sub-116	PCG64	20260814	replicate_major_Q0_to_Q1_then_Q1_to_Q2
688	Q1_to_Q2	Q1_lenient	0	3	sub-108;sub-118;sub-124	PCG64	20260814	replicate_major_Q0_to_Q1_then_Q1_to_Q2
689	Q0_to_Q1	Q0_all	0	2	sub-076;sub-106	PCG64	20260814	replicate_major_Q0_to_Q1_then_Q1_to_Q2
689	Q1_to_Q2	Q1_lenient	0	3	sub-070;sub-108;sub-120	PCG64	20260814	replicate_major_Q0_to_Q1_then_Q1_to_Q2
690	Q0_to_Q1	Q0_all	0	2	sub-060;sub-090	PCG64	20260814	replicate_major_Q0_to_Q1_then_Q1_to_Q2
690	Q1_to_Q2	Q1_lenient	0	3	sub-002;sub-056;sub-068	PCG64	20260814	replicate_major_Q0_to_Q1_then_Q1_to_Q2
691	Q0_to_Q1	Q0_all	0	2	sub-016;sub-068	PCG64	20260814	replicate_major_Q0_to_Q1_then_Q1_to_Q2
691	Q1_to_Q2	Q1_lenient	0	3	sub-056;sub-060;sub-076	PCG64	20260814	replicate_major_Q0_to_Q1_then_Q1_to_Q2
692	Q0_to_Q1	Q0_all	0	2	sub-038;sub-050	PCG64	20260814	replicate_major_Q0_to_Q1_then_Q1_to_Q2
692	Q1_to_Q2	Q1_lenient	0	3	sub-002;sub-004;sub-108	PCG64	20260814	replicate_major_Q0_to_Q1_then_Q1_to_Q2
693	Q0_to_Q1	Q0_all	0	2	sub-008;sub-068	PCG64	20260814	replicate_major_Q0_to_Q1_then_Q1_to_Q2
693	Q1_to_Q2	Q1_lenient	0	3	sub-022;sub-050;sub-060	PCG64	20260814	replicate_major_Q0_to_Q1_then_Q1_to_Q2
694	Q0_to_Q1	Q0_all	0	2	sub-008;sub-030	PCG64	20260814	replicate_major_Q0_to_Q1_then_Q1_to_Q2
694	Q1_to_Q2	Q1_lenient	0	3	sub-004;sub-064;sub-094	PCG64	20260814	replicate_major_Q0_to_Q1_then_Q1_to_Q2
695	Q0_to_Q1	Q0_all	0	2	sub-050;sub-076	PCG64	20260814	replicate_major_Q0_to_Q1_then_Q1_to_Q2
695	Q1_to_Q2	Q1_lenient	0	3	sub-024;sub-038;sub-110	PCG64	20260814	replicate_major_Q0_to_Q1_then_Q1_to_Q2
696	Q0_to_Q1	Q0_all	0	2	sub-020;sub-066	PCG64	20260814	replicate_major_Q0_to_Q1_then_Q1_to_Q2
696	Q1_to_Q2	Q1_lenient	0	3	sub-024;sub-074;sub-096	PCG64	20260814	replicate_major_Q0_to_Q1_then_Q1_to_Q2
697	Q0_to_Q1	Q0_all	0	2	sub-066;sub-084	PCG64	20260814	replicate_major_Q0_to_Q1_then_Q1_to_Q2
697	Q1_to_Q2	Q1_lenient	0	3	sub-006;sub-054;sub-068	PCG64	20260814	replicate_major_Q0_to_Q1_then_Q1_to_Q2
698	Q0_to_Q1	Q0_all	0	2	sub-064;sub-084	PCG64	20260814	replicate_major_Q0_to_Q1_then_Q1_to_Q2
698	Q1_to_Q2	Q1_lenient	0	3	sub-022;sub-088;sub-120	PCG64	20260814	replicate_major_Q0_to_Q1_then_Q1_to_Q2
699	Q0_to_Q1	Q0_all	0	2	sub-010;sub-054	PCG64	20260814	replicate_major_Q0_to_Q1_then_Q1_to_Q2
699	Q1_to_Q2	Q1_lenient	0	3	sub-016;sub-076;sub-088	PCG64	20260814	replicate_major_Q0_to_Q1_then_Q1_to_Q2
700	Q0_to_Q1	Q0_all	0	2	sub-068;sub-074	PCG64	20260814	replicate_major_Q0_to_Q1_then_Q1_to_Q2
700	Q1_to_Q2	Q1_lenient	0	3	sub-004;sub-080;sub-114	PCG64	20260814	replicate_major_Q0_to_Q1_then_Q1_to_Q2
701	Q0_to_Q1	Q0_all	0	2	sub-002;sub-050	PCG64	20260814	replicate_major_Q0_to_Q1_then_Q1_to_Q2
701	Q1_to_Q2	Q1_lenient	0	3	sub-058;sub-080;sub-082	PCG64	20260814	replicate_major_Q0_to_Q1_then_Q1_to_Q2
702	Q0_to_Q1	Q0_all	0	2	sub-052;sub-074	PCG64	20260814	replicate_major_Q0_to_Q1_then_Q1_to_Q2
702	Q1_to_Q2	Q1_lenient	0	3	sub-006;sub-056;sub-094	PCG64	20260814	replicate_major_Q0_to_Q1_then_Q1_to_Q2
703	Q0_to_Q1	Q0_all	0	2	sub-062;sub-082	PCG64	20260814	replicate_major_Q0_to_Q1_then_Q1_to_Q2
703	Q1_to_Q2	Q1_lenient	0	3	sub-066;sub-090;sub-110	PCG64	20260814	replicate_major_Q0_to_Q1_then_Q1_to_Q2
704	Q0_to_Q1	Q0_all	0	2	sub-008;sub-070	PCG64	20260814	replicate_major_Q0_to_Q1_then_Q1_to_Q2
704	Q1_to_Q2	Q1_lenient	0	3	sub-006;sub-026;sub-044	PCG64	20260814	replicate_major_Q0_to_Q1_then_Q1_to_Q2
705	Q0_to_Q1	Q0_all	0	2	sub-082;sub-108	PCG64	20260814	replicate_major_Q0_to_Q1_then_Q1_to_Q2
705	Q1_to_Q2	Q1_lenient	0	3	sub-040;sub-062;sub-066	PCG64	20260814	replicate_major_Q0_to_Q1_then_Q1_to_Q2
706	Q0_to_Q1	Q0_all	0	2	sub-026;sub-050	PCG64	20260814	replicate_major_Q0_to_Q1_then_Q1_to_Q2
706	Q1_to_Q2	Q1_lenient	0	3	sub-022;sub-050;sub-118	PCG64	20260814	replicate_major_Q0_to_Q1_then_Q1_to_Q2
707	Q0_to_Q1	Q0_all	0	2	sub-018;sub-104	PCG64	20260814	replicate_major_Q0_to_Q1_then_Q1_to_Q2
707	Q1_to_Q2	Q1_lenient	0	3	sub-008;sub-050;sub-090	PCG64	20260814	replicate_major_Q0_to_Q1_then_Q1_to_Q2
708	Q0_to_Q1	Q0_all	0	2	sub-060;sub-104	PCG64	20260814	replicate_major_Q0_to_Q1_then_Q1_to_Q2
708	Q1_to_Q2	Q1_lenient	0	3	sub-080;sub-102;sub-116	PCG64	20260814	replicate_major_Q0_to_Q1_then_Q1_to_Q2
709	Q0_to_Q1	Q0_all	0	2	sub-088;sub-108	PCG64	20260814	replicate_major_Q0_to_Q1_then_Q1_to_Q2
709	Q1_to_Q2	Q1_lenient	0	3	sub-008;sub-082;sub-114	PCG64	20260814	replicate_major_Q0_to_Q1_then_Q1_to_Q2
710	Q0_to_Q1	Q0_all	0	2	sub-022;sub-068	PCG64	20260814	replicate_major_Q0_to_Q1_then_Q1_to_Q2
710	Q1_to_Q2	Q1_lenient	0	3	sub-058;sub-116;sub-118	PCG64	20260814	replicate_major_Q0_to_Q1_then_Q1_to_Q2
711	Q0_to_Q1	Q0_all	0	2	sub-018;sub-046	PCG64	20260814	replicate_major_Q0_to_Q1_then_Q1_to_Q2
711	Q1_to_Q2	Q1_lenient	0	3	sub-020;sub-062;sub-118	PCG64	20260814	replicate_major_Q0_to_Q1_then_Q1_to_Q2
712	Q0_to_Q1	Q0_all	0	2	sub-100;sub-108	PCG64	20260814	replicate_major_Q0_to_Q1_then_Q1_to_Q2
712	Q1_to_Q2	Q1_lenient	0	3	sub-020;sub-068;sub-092	PCG64	20260814	replicate_major_Q0_to_Q1_then_Q1_to_Q2
713	Q0_to_Q1	Q0_all	0	2	sub-018;sub-056	PCG64	20260814	replicate_major_Q0_to_Q1_then_Q1_to_Q2
713	Q1_to_Q2	Q1_lenient	0	3	sub-038;sub-054;sub-108	PCG64	20260814	replicate_major_Q0_to_Q1_then_Q1_to_Q2
714	Q0_to_Q1	Q0_all	0	2	sub-054;sub-076	PCG64	20260814	replicate_major_Q0_to_Q1_then_Q1_to_Q2
714	Q1_to_Q2	Q1_lenient	0	3	sub-004;sub-020;sub-036	PCG64	20260814	replicate_major_Q0_to_Q1_then_Q1_to_Q2
715	Q0_to_Q1	Q0_all	0	2	sub-022;sub-066	PCG64	20260814	replicate_major_Q0_to_Q1_then_Q1_to_Q2
715	Q1_to_Q2	Q1_lenient	0	3	sub-080;sub-098;sub-104	PCG64	20260814	replicate_major_Q0_to_Q1_then_Q1_to_Q2
716	Q0_to_Q1	Q0_all	0	2	sub-014;sub-036	PCG64	20260814	replicate_major_Q0_to_Q1_then_Q1_to_Q2
716	Q1_to_Q2	Q1_lenient	0	3	sub-002;sub-072;sub-096	PCG64	20260814	replicate_major_Q0_to_Q1_then_Q1_to_Q2
717	Q0_to_Q1	Q0_all	0	2	sub-014;sub-076	PCG64	20260814	replicate_major_Q0_to_Q1_then_Q1_to_Q2
717	Q1_to_Q2	Q1_lenient	0	3	sub-088;sub-112;sub-116	PCG64	20260814	replicate_major_Q0_to_Q1_then_Q1_to_Q2
718	Q0_to_Q1	Q0_all	0	2	sub-068;sub-098	PCG64	20260814	replicate_major_Q0_to_Q1_then_Q1_to_Q2
718	Q1_to_Q2	Q1_lenient	0	3	sub-054;sub-096;sub-110	PCG64	20260814	replicate_major_Q0_to_Q1_then_Q1_to_Q2
719	Q0_to_Q1	Q0_all	0	2	sub-032;sub-066	PCG64	20260814	replicate_major_Q0_to_Q1_then_Q1_to_Q2
719	Q1_to_Q2	Q1_lenient	0	3	sub-004;sub-020;sub-112	PCG64	20260814	replicate_major_Q0_to_Q1_then_Q1_to_Q2
720	Q0_to_Q1	Q0_all	0	2	sub-076;sub-110	PCG64	20260814	replicate_major_Q0_to_Q1_then_Q1_to_Q2
720	Q1_to_Q2	Q1_lenient	0	3	sub-074;sub-076;sub-080	PCG64	20260814	replicate_major_Q0_to_Q1_then_Q1_to_Q2
721	Q0_to_Q1	Q0_all	0	2	sub-036;sub-060	PCG64	20260814	replicate_major_Q0_to_Q1_then_Q1_to_Q2
721	Q1_to_Q2	Q1_lenient	0	3	sub-060;sub-092;sub-094	PCG64	20260814	replicate_major_Q0_to_Q1_then_Q1_to_Q2
722	Q0_to_Q1	Q0_all	0	2	sub-050;sub-060	PCG64	20260814	replicate_major_Q0_to_Q1_then_Q1_to_Q2
722	Q1_to_Q2	Q1_lenient	0	3	sub-022;sub-062;sub-106	PCG64	20260814	replicate_major_Q0_to_Q1_then_Q1_to_Q2
723	Q0_to_Q1	Q0_all	0	2	sub-010;sub-062	PCG64	20260814	replicate_major_Q0_to_Q1_then_Q1_to_Q2
723	Q1_to_Q2	Q1_lenient	0	3	sub-002;sub-082;sub-090	PCG64	20260814	replicate_major_Q0_to_Q1_then_Q1_to_Q2
724	Q0_to_Q1	Q0_all	0	2	sub-014;sub-068	PCG64	20260814	replicate_major_Q0_to_Q1_then_Q1_to_Q2
724	Q1_to_Q2	Q1_lenient	0	3	sub-056;sub-092;sub-106	PCG64	20260814	replicate_major_Q0_to_Q1_then_Q1_to_Q2
725	Q0_to_Q1	Q0_all	0	2	sub-022;sub-052	PCG64	20260814	replicate_major_Q0_to_Q1_then_Q1_to_Q2
725	Q1_to_Q2	Q1_lenient	0	3	sub-014;sub-080;sub-114	PCG64	20260814	replicate_major_Q0_to_Q1_then_Q1_to_Q2
726	Q0_to_Q1	Q0_all	0	2	sub-024;sub-066	PCG64	20260814	replicate_major_Q0_to_Q1_then_Q1_to_Q2
726	Q1_to_Q2	Q1_lenient	0	3	sub-004;sub-072;sub-094	PCG64	20260814	replicate_major_Q0_to_Q1_then_Q1_to_Q2
727	Q0_to_Q1	Q0_all	0	2	sub-046;sub-088	PCG64	20260814	replicate_major_Q0_to_Q1_then_Q1_to_Q2
727	Q1_to_Q2	Q1_lenient	0	3	sub-058;sub-064;sub-106	PCG64	20260814	replicate_major_Q0_to_Q1_then_Q1_to_Q2
728	Q0_to_Q1	Q0_all	0	2	sub-082;sub-120	PCG64	20260814	replicate_major_Q0_to_Q1_then_Q1_to_Q2
728	Q1_to_Q2	Q1_lenient	0	3	sub-020;sub-074;sub-090	PCG64	20260814	replicate_major_Q0_to_Q1_then_Q1_to_Q2
729	Q0_to_Q1	Q0_all	0	2	sub-054;sub-114	PCG64	20260814	replicate_major_Q0_to_Q1_then_Q1_to_Q2
729	Q1_to_Q2	Q1_lenient	0	3	sub-006;sub-052;sub-068	PCG64	20260814	replicate_major_Q0_to_Q1_then_Q1_to_Q2
730	Q0_to_Q1	Q0_all	0	2	sub-068;sub-112	PCG64	20260814	replicate_major_Q0_to_Q1_then_Q1_to_Q2
730	Q1_to_Q2	Q1_lenient	0	3	sub-016;sub-026;sub-038	PCG64	20260814	replicate_major_Q0_to_Q1_then_Q1_to_Q2
731	Q0_to_Q1	Q0_all	0	2	sub-002;sub-058	PCG64	20260814	replicate_major_Q0_to_Q1_then_Q1_to_Q2
731	Q1_to_Q2	Q1_lenient	0	3	sub-040;sub-056;sub-080	PCG64	20260814	replicate_major_Q0_to_Q1_then_Q1_to_Q2
732	Q0_to_Q1	Q0_all	0	2	sub-084;sub-096	PCG64	20260814	replicate_major_Q0_to_Q1_then_Q1_to_Q2
732	Q1_to_Q2	Q1_lenient	0	3	sub-002;sub-058;sub-076	PCG64	20260814	replicate_major_Q0_to_Q1_then_Q1_to_Q2
733	Q0_to_Q1	Q0_all	0	2	sub-052;sub-094	PCG64	20260814	replicate_major_Q0_to_Q1_then_Q1_to_Q2
733	Q1_to_Q2	Q1_lenient	0	3	sub-010;sub-018;sub-038	PCG64	20260814	replicate_major_Q0_to_Q1_then_Q1_to_Q2
734	Q0_to_Q1	Q0_all	0	2	sub-068;sub-082	PCG64	20260814	replicate_major_Q0_to_Q1_then_Q1_to_Q2
734	Q1_to_Q2	Q1_lenient	0	3	sub-044;sub-092;sub-112	PCG64	20260814	replicate_major_Q0_to_Q1_then_Q1_to_Q2
735	Q0_to_Q1	Q0_all	0	2	sub-072;sub-114	PCG64	20260814	replicate_major_Q0_to_Q1_then_Q1_to_Q2
735	Q1_to_Q2	Q1_lenient	0	3	sub-020;sub-050;sub-104	PCG64	20260814	replicate_major_Q0_to_Q1_then_Q1_to_Q2
736	Q0_to_Q1	Q0_all	0	2	sub-088;sub-104	PCG64	20260814	replicate_major_Q0_to_Q1_then_Q1_to_Q2
736	Q1_to_Q2	Q1_lenient	0	3	sub-024;sub-066;sub-104	PCG64	20260814	replicate_major_Q0_to_Q1_then_Q1_to_Q2
737	Q0_to_Q1	Q0_all	0	2	sub-056;sub-090	PCG64	20260814	replicate_major_Q0_to_Q1_then_Q1_to_Q2
737	Q1_to_Q2	Q1_lenient	0	3	sub-056;sub-074;sub-084	PCG64	20260814	replicate_major_Q0_to_Q1_then_Q1_to_Q2
738	Q0_to_Q1	Q0_all	0	2	sub-022;sub-116	PCG64	20260814	replicate_major_Q0_to_Q1_then_Q1_to_Q2
738	Q1_to_Q2	Q1_lenient	0	3	sub-022;sub-076;sub-112	PCG64	20260814	replicate_major_Q0_to_Q1_then_Q1_to_Q2
739	Q0_to_Q1	Q0_all	0	2	sub-010;sub-116	PCG64	20260814	replicate_major_Q0_to_Q1_then_Q1_to_Q2
739	Q1_to_Q2	Q1_lenient	0	3	sub-056;sub-074;sub-110	PCG64	20260814	replicate_major_Q0_to_Q1_then_Q1_to_Q2
740	Q0_to_Q1	Q0_all	0	2	sub-004;sub-084	PCG64	20260814	replicate_major_Q0_to_Q1_then_Q1_to_Q2
740	Q1_to_Q2	Q1_lenient	0	3	sub-022;sub-024;sub-120	PCG64	20260814	replicate_major_Q0_to_Q1_then_Q1_to_Q2
741	Q0_to_Q1	Q0_all	0	2	sub-110;sub-114	PCG64	20260814	replicate_major_Q0_to_Q1_then_Q1_to_Q2
741	Q1_to_Q2	Q1_lenient	0	3	sub-026;sub-032;sub-084	PCG64	20260814	replicate_major_Q0_to_Q1_then_Q1_to_Q2
742	Q0_to_Q1	Q0_all	0	2	sub-040;sub-072	PCG64	20260814	replicate_major_Q0_to_Q1_then_Q1_to_Q2
742	Q1_to_Q2	Q1_lenient	0	3	sub-004;sub-008;sub-088	PCG64	20260814	replicate_major_Q0_to_Q1_then_Q1_to_Q2
743	Q0_to_Q1	Q0_all	0	2	sub-014;sub-118	PCG64	20260814	replicate_major_Q0_to_Q1_then_Q1_to_Q2
743	Q1_to_Q2	Q1_lenient	0	3	sub-010;sub-022;sub-102	PCG64	20260814	replicate_major_Q0_to_Q1_then_Q1_to_Q2
744	Q0_to_Q1	Q0_all	0	2	sub-062;sub-094	PCG64	20260814	replicate_major_Q0_to_Q1_then_Q1_to_Q2
744	Q1_to_Q2	Q1_lenient	0	3	sub-050;sub-062;sub-116	PCG64	20260814	replicate_major_Q0_to_Q1_then_Q1_to_Q2
745	Q0_to_Q1	Q0_all	0	2	sub-024;sub-104	PCG64	20260814	replicate_major_Q0_to_Q1_then_Q1_to_Q2
745	Q1_to_Q2	Q1_lenient	0	3	sub-008;sub-110;sub-114	PCG64	20260814	replicate_major_Q0_to_Q1_then_Q1_to_Q2
746	Q0_to_Q1	Q0_all	0	2	sub-008;sub-010	PCG64	20260814	replicate_major_Q0_to_Q1_then_Q1_to_Q2
746	Q1_to_Q2	Q1_lenient	0	3	sub-024;sub-044;sub-064	PCG64	20260814	replicate_major_Q0_to_Q1_then_Q1_to_Q2
747	Q0_to_Q1	Q0_all	0	2	sub-038;sub-120	PCG64	20260814	replicate_major_Q0_to_Q1_then_Q1_to_Q2
747	Q1_to_Q2	Q1_lenient	0	3	sub-022;sub-036;sub-044	PCG64	20260814	replicate_major_Q0_to_Q1_then_Q1_to_Q2
748	Q0_to_Q1	Q0_all	0	2	sub-040;sub-124	PCG64	20260814	replicate_major_Q0_to_Q1_then_Q1_to_Q2
748	Q1_to_Q2	Q1_lenient	0	3	sub-004;sub-104;sub-124	PCG64	20260814	replicate_major_Q0_to_Q1_then_Q1_to_Q2
749	Q0_to_Q1	Q0_all	0	2	sub-016;sub-114	PCG64	20260814	replicate_major_Q0_to_Q1_then_Q1_to_Q2
749	Q1_to_Q2	Q1_lenient	0	3	sub-014;sub-096;sub-116	PCG64	20260814	replicate_major_Q0_to_Q1_then_Q1_to_Q2
750	Q0_to_Q1	Q0_all	0	2	sub-050;sub-110	PCG64	20260814	replicate_major_Q0_to_Q1_then_Q1_to_Q2
750	Q1_to_Q2	Q1_lenient	0	3	sub-006;sub-010;sub-014	PCG64	20260814	replicate_major_Q0_to_Q1_then_Q1_to_Q2
751	Q0_to_Q1	Q0_all	0	2	sub-016;sub-032	PCG64	20260814	replicate_major_Q0_to_Q1_then_Q1_to_Q2
751	Q1_to_Q2	Q1_lenient	0	3	sub-026;sub-070;sub-110	PCG64	20260814	replicate_major_Q0_to_Q1_then_Q1_to_Q2
752	Q0_to_Q1	Q0_all	0	2	sub-074;sub-090	PCG64	20260814	replicate_major_Q0_to_Q1_then_Q1_to_Q2
752	Q1_to_Q2	Q1_lenient	0	3	sub-032;sub-098;sub-110	PCG64	20260814	replicate_major_Q0_to_Q1_then_Q1_to_Q2
753	Q0_to_Q1	Q0_all	0	2	sub-020;sub-040	PCG64	20260814	replicate_major_Q0_to_Q1_then_Q1_to_Q2
753	Q1_to_Q2	Q1_lenient	0	3	sub-008;sub-038;sub-062	PCG64	20260814	replicate_major_Q0_to_Q1_then_Q1_to_Q2
754	Q0_to_Q1	Q0_all	0	2	sub-074;sub-084	PCG64	20260814	replicate_major_Q0_to_Q1_then_Q1_to_Q2
754	Q1_to_Q2	Q1_lenient	0	3	sub-056;sub-082;sub-112	PCG64	20260814	replicate_major_Q0_to_Q1_then_Q1_to_Q2
755	Q0_to_Q1	Q0_all	0	2	sub-074;sub-106	PCG64	20260814	replicate_major_Q0_to_Q1_then_Q1_to_Q2
755	Q1_to_Q2	Q1_lenient	0	3	sub-036;sub-108;sub-118	PCG64	20260814	replicate_major_Q0_to_Q1_then_Q1_to_Q2
756	Q0_to_Q1	Q0_all	0	2	sub-090;sub-096	PCG64	20260814	replicate_major_Q0_to_Q1_then_Q1_to_Q2
756	Q1_to_Q2	Q1_lenient	0	3	sub-010;sub-044;sub-088	PCG64	20260814	replicate_major_Q0_to_Q1_then_Q1_to_Q2
757	Q0_to_Q1	Q0_all	0	2	sub-002;sub-036	PCG64	20260814	replicate_major_Q0_to_Q1_then_Q1_to_Q2
757	Q1_to_Q2	Q1_lenient	0	3	sub-054;sub-076;sub-094	PCG64	20260814	replicate_major_Q0_to_Q1_then_Q1_to_Q2
758	Q0_to_Q1	Q0_all	0	2	sub-032;sub-088	PCG64	20260814	replicate_major_Q0_to_Q1_then_Q1_to_Q2
758	Q1_to_Q2	Q1_lenient	0	3	sub-024;sub-070;sub-120	PCG64	20260814	replicate_major_Q0_to_Q1_then_Q1_to_Q2
759	Q0_to_Q1	Q0_all	0	2	sub-004;sub-120	PCG64	20260814	replicate_major_Q0_to_Q1_then_Q1_to_Q2
759	Q1_to_Q2	Q1_lenient	0	3	sub-064;sub-068;sub-088	PCG64	20260814	replicate_major_Q0_to_Q1_then_Q1_to_Q2
760	Q0_to_Q1	Q0_all	0	2	sub-020;sub-046	PCG64	20260814	replicate_major_Q0_to_Q1_then_Q1_to_Q2
760	Q1_to_Q2	Q1_lenient	0	3	sub-060;sub-064;sub-070	PCG64	20260814	replicate_major_Q0_to_Q1_then_Q1_to_Q2
761	Q0_to_Q1	Q0_all	0	2	sub-014;sub-088	PCG64	20260814	replicate_major_Q0_to_Q1_then_Q1_to_Q2
761	Q1_to_Q2	Q1_lenient	0	3	sub-052;sub-072;sub-088	PCG64	20260814	replicate_major_Q0_to_Q1_then_Q1_to_Q2
762	Q0_to_Q1	Q0_all	0	2	sub-010;sub-014	PCG64	20260814	replicate_major_Q0_to_Q1_then_Q1_to_Q2
762	Q1_to_Q2	Q1_lenient	0	3	sub-002;sub-084;sub-108	PCG64	20260814	replicate_major_Q0_to_Q1_then_Q1_to_Q2
763	Q0_to_Q1	Q0_all	0	2	sub-002;sub-070	PCG64	20260814	replicate_major_Q0_to_Q1_then_Q1_to_Q2
763	Q1_to_Q2	Q1_lenient	0	3	sub-038;sub-066;sub-074	PCG64	20260814	replicate_major_Q0_to_Q1_then_Q1_to_Q2
764	Q0_to_Q1	Q0_all	0	2	sub-002;sub-124	PCG64	20260814	replicate_major_Q0_to_Q1_then_Q1_to_Q2
764	Q1_to_Q2	Q1_lenient	0	3	sub-040;sub-052;sub-096	PCG64	20260814	replicate_major_Q0_to_Q1_then_Q1_to_Q2
765	Q0_to_Q1	Q0_all	0	2	sub-016;sub-066	PCG64	20260814	replicate_major_Q0_to_Q1_then_Q1_to_Q2
765	Q1_to_Q2	Q1_lenient	0	3	sub-050;sub-094;sub-112	PCG64	20260814	replicate_major_Q0_to_Q1_then_Q1_to_Q2
766	Q0_to_Q1	Q0_all	0	2	sub-064;sub-108	PCG64	20260814	replicate_major_Q0_to_Q1_then_Q1_to_Q2
766	Q1_to_Q2	Q1_lenient	0	3	sub-066;sub-104;sub-114	PCG64	20260814	replicate_major_Q0_to_Q1_then_Q1_to_Q2
767	Q0_to_Q1	Q0_all	0	2	sub-058;sub-098	PCG64	20260814	replicate_major_Q0_to_Q1_then_Q1_to_Q2
767	Q1_to_Q2	Q1_lenient	0	3	sub-008;sub-020;sub-050	PCG64	20260814	replicate_major_Q0_to_Q1_then_Q1_to_Q2
768	Q0_to_Q1	Q0_all	0	2	sub-016;sub-118	PCG64	20260814	replicate_major_Q0_to_Q1_then_Q1_to_Q2
768	Q1_to_Q2	Q1_lenient	0	3	sub-018;sub-032;sub-082	PCG64	20260814	replicate_major_Q0_to_Q1_then_Q1_to_Q2
769	Q0_to_Q1	Q0_all	0	2	sub-076;sub-094	PCG64	20260814	replicate_major_Q0_to_Q1_then_Q1_to_Q2
769	Q1_to_Q2	Q1_lenient	0	3	sub-016;sub-050;sub-098	PCG64	20260814	replicate_major_Q0_to_Q1_then_Q1_to_Q2
770	Q0_to_Q1	Q0_all	0	2	sub-014;sub-118	PCG64	20260814	replicate_major_Q0_to_Q1_then_Q1_to_Q2
770	Q1_to_Q2	Q1_lenient	0	3	sub-006;sub-108;sub-114	PCG64	20260814	replicate_major_Q0_to_Q1_then_Q1_to_Q2
771	Q0_to_Q1	Q0_all	0	2	sub-060;sub-116	PCG64	20260814	replicate_major_Q0_to_Q1_then_Q1_to_Q2
771	Q1_to_Q2	Q1_lenient	0	3	sub-090;sub-112;sub-114	PCG64	20260814	replicate_major_Q0_to_Q1_then_Q1_to_Q2
772	Q0_to_Q1	Q0_all	0	2	sub-060;sub-098	PCG64	20260814	replicate_major_Q0_to_Q1_then_Q1_to_Q2
772	Q1_to_Q2	Q1_lenient	0	3	sub-038;sub-056;sub-092	PCG64	20260814	replicate_major_Q0_to_Q1_then_Q1_to_Q2
773	Q0_to_Q1	Q0_all	0	2	sub-070;sub-094	PCG64	20260814	replicate_major_Q0_to_Q1_then_Q1_to_Q2
773	Q1_to_Q2	Q1_lenient	0	3	sub-024;sub-052;sub-054	PCG64	20260814	replicate_major_Q0_to_Q1_then_Q1_to_Q2
774	Q0_to_Q1	Q0_all	0	2	sub-066;sub-074	PCG64	20260814	replicate_major_Q0_to_Q1_then_Q1_to_Q2
774	Q1_to_Q2	Q1_lenient	0	3	sub-036;sub-072;sub-094	PCG64	20260814	replicate_major_Q0_to_Q1_then_Q1_to_Q2
775	Q0_to_Q1	Q0_all	0	2	sub-018;sub-110	PCG64	20260814	replicate_major_Q0_to_Q1_then_Q1_to_Q2
775	Q1_to_Q2	Q1_lenient	0	3	sub-050;sub-082;sub-098	PCG64	20260814	replicate_major_Q0_to_Q1_then_Q1_to_Q2
776	Q0_to_Q1	Q0_all	0	2	sub-100;sub-120	PCG64	20260814	replicate_major_Q0_to_Q1_then_Q1_to_Q2
776	Q1_to_Q2	Q1_lenient	0	3	sub-014;sub-056;sub-120	PCG64	20260814	replicate_major_Q0_to_Q1_then_Q1_to_Q2
777	Q0_to_Q1	Q0_all	0	2	sub-080;sub-116	PCG64	20260814	replicate_major_Q0_to_Q1_then_Q1_to_Q2
777	Q1_to_Q2	Q1_lenient	0	3	sub-046;sub-082;sub-096	PCG64	20260814	replicate_major_Q0_to_Q1_then_Q1_to_Q2
778	Q0_to_Q1	Q0_all	0	2	sub-030;sub-106	PCG64	20260814	replicate_major_Q0_to_Q1_then_Q1_to_Q2
778	Q1_to_Q2	Q1_lenient	0	3	sub-006;sub-070;sub-076	PCG64	20260814	replicate_major_Q0_to_Q1_then_Q1_to_Q2
779	Q0_to_Q1	Q0_all	0	2	sub-110;sub-112	PCG64	20260814	replicate_major_Q0_to_Q1_then_Q1_to_Q2
779	Q1_to_Q2	Q1_lenient	0	3	sub-026;sub-062;sub-104	PCG64	20260814	replicate_major_Q0_to_Q1_then_Q1_to_Q2
780	Q0_to_Q1	Q0_all	0	2	sub-026;sub-110	PCG64	20260814	replicate_major_Q0_to_Q1_then_Q1_to_Q2
780	Q1_to_Q2	Q1_lenient	0	3	sub-014;sub-054;sub-080	PCG64	20260814	replicate_major_Q0_to_Q1_then_Q1_to_Q2
781	Q0_to_Q1	Q0_all	0	2	sub-032;sub-116	PCG64	20260814	replicate_major_Q0_to_Q1_then_Q1_to_Q2
781	Q1_to_Q2	Q1_lenient	0	3	sub-014;sub-066;sub-072	PCG64	20260814	replicate_major_Q0_to_Q1_then_Q1_to_Q2
782	Q0_to_Q1	Q0_all	0	2	sub-038;sub-058	PCG64	20260814	replicate_major_Q0_to_Q1_then_Q1_to_Q2
782	Q1_to_Q2	Q1_lenient	0	3	sub-006;sub-016;sub-120	PCG64	20260814	replicate_major_Q0_to_Q1_then_Q1_to_Q2
783	Q0_to_Q1	Q0_all	0	2	sub-010;sub-074	PCG64	20260814	replicate_major_Q0_to_Q1_then_Q1_to_Q2
783	Q1_to_Q2	Q1_lenient	0	3	sub-008;sub-112;sub-114	PCG64	20260814	replicate_major_Q0_to_Q1_then_Q1_to_Q2
784	Q0_to_Q1	Q0_all	0	2	sub-018;sub-038	PCG64	20260814	replicate_major_Q0_to_Q1_then_Q1_to_Q2
784	Q1_to_Q2	Q1_lenient	0	3	sub-006;sub-040;sub-080	PCG64	20260814	replicate_major_Q0_to_Q1_then_Q1_to_Q2
785	Q0_to_Q1	Q0_all	0	2	sub-084;sub-106	PCG64	20260814	replicate_major_Q0_to_Q1_then_Q1_to_Q2
785	Q1_to_Q2	Q1_lenient	0	3	sub-024;sub-050;sub-094	PCG64	20260814	replicate_major_Q0_to_Q1_then_Q1_to_Q2
786	Q0_to_Q1	Q0_all	0	2	sub-026;sub-032	PCG64	20260814	replicate_major_Q0_to_Q1_then_Q1_to_Q2
786	Q1_to_Q2	Q1_lenient	0	3	sub-068;sub-080;sub-110	PCG64	20260814	replicate_major_Q0_to_Q1_then_Q1_to_Q2
787	Q0_to_Q1	Q0_all	0	2	sub-062;sub-082	PCG64	20260814	replicate_major_Q0_to_Q1_then_Q1_to_Q2
787	Q1_to_Q2	Q1_lenient	0	3	sub-014;sub-052;sub-096	PCG64	20260814	replicate_major_Q0_to_Q1_then_Q1_to_Q2
788	Q0_to_Q1	Q0_all	0	2	sub-008;sub-060	PCG64	20260814	replicate_major_Q0_to_Q1_then_Q1_to_Q2
788	Q1_to_Q2	Q1_lenient	0	3	sub-008;sub-064;sub-112	PCG64	20260814	replicate_major_Q0_to_Q1_then_Q1_to_Q2
789	Q0_to_Q1	Q0_all	0	2	sub-040;sub-090	PCG64	20260814	replicate_major_Q0_to_Q1_then_Q1_to_Q2
789	Q1_to_Q2	Q1_lenient	0	3	sub-058;sub-066;sub-068	PCG64	20260814	replicate_major_Q0_to_Q1_then_Q1_to_Q2
790	Q0_to_Q1	Q0_all	0	2	sub-074;sub-124	PCG64	20260814	replicate_major_Q0_to_Q1_then_Q1_to_Q2
790	Q1_to_Q2	Q1_lenient	0	3	sub-056;sub-072;sub-102	PCG64	20260814	replicate_major_Q0_to_Q1_then_Q1_to_Q2
791	Q0_to_Q1	Q0_all	0	2	sub-052;sub-062	PCG64	20260814	replicate_major_Q0_to_Q1_then_Q1_to_Q2
791	Q1_to_Q2	Q1_lenient	0	3	sub-046;sub-076;sub-110	PCG64	20260814	replicate_major_Q0_to_Q1_then_Q1_to_Q2
792	Q0_to_Q1	Q0_all	0	2	sub-038;sub-052	PCG64	20260814	replicate_major_Q0_to_Q1_then_Q1_to_Q2
792	Q1_to_Q2	Q1_lenient	0	3	sub-004;sub-008;sub-064	PCG64	20260814	replicate_major_Q0_to_Q1_then_Q1_to_Q2
793	Q0_to_Q1	Q0_all	0	2	sub-050;sub-082	PCG64	20260814	replicate_major_Q0_to_Q1_then_Q1_to_Q2
793	Q1_to_Q2	Q1_lenient	0	3	sub-070;sub-080;sub-106	PCG64	20260814	replicate_major_Q0_to_Q1_then_Q1_to_Q2
794	Q0_to_Q1	Q0_all	0	2	sub-064;sub-084	PCG64	20260814	replicate_major_Q0_to_Q1_then_Q1_to_Q2
794	Q1_to_Q2	Q1_lenient	0	3	sub-046;sub-076;sub-090	PCG64	20260814	replicate_major_Q0_to_Q1_then_Q1_to_Q2
795	Q0_to_Q1	Q0_all	0	2	sub-008;sub-068	PCG64	20260814	replicate_major_Q0_to_Q1_then_Q1_to_Q2
795	Q1_to_Q2	Q1_lenient	0	3	sub-008;sub-022;sub-076	PCG64	20260814	replicate_major_Q0_to_Q1_then_Q1_to_Q2
796	Q0_to_Q1	Q0_all	0	2	sub-010;sub-058	PCG64	20260814	replicate_major_Q0_to_Q1_then_Q1_to_Q2
796	Q1_to_Q2	Q1_lenient	0	3	sub-014;sub-084;sub-118	PCG64	20260814	replicate_major_Q0_to_Q1_then_Q1_to_Q2
797	Q0_to_Q1	Q0_all	0	2	sub-040;sub-082	PCG64	20260814	replicate_major_Q0_to_Q1_then_Q1_to_Q2
797	Q1_to_Q2	Q1_lenient	0	3	sub-020;sub-046;sub-082	PCG64	20260814	replicate_major_Q0_to_Q1_then_Q1_to_Q2
798	Q0_to_Q1	Q0_all	0	2	sub-058;sub-108	PCG64	20260814	replicate_major_Q0_to_Q1_then_Q1_to_Q2
798	Q1_to_Q2	Q1_lenient	0	3	sub-014;sub-076;sub-096	PCG64	20260814	replicate_major_Q0_to_Q1_then_Q1_to_Q2
799	Q0_to_Q1	Q0_all	0	2	sub-010;sub-094	PCG64	20260814	replicate_major_Q0_to_Q1_then_Q1_to_Q2
799	Q1_to_Q2	Q1_lenient	0	3	sub-018;sub-040;sub-112	PCG64	20260814	replicate_major_Q0_to_Q1_then_Q1_to_Q2
800	Q0_to_Q1	Q0_all	0	2	sub-036;sub-080	PCG64	20260814	replicate_major_Q0_to_Q1_then_Q1_to_Q2
800	Q1_to_Q2	Q1_lenient	0	3	sub-014;sub-036;sub-084	PCG64	20260814	replicate_major_Q0_to_Q1_then_Q1_to_Q2
801	Q0_to_Q1	Q0_all	0	2	sub-004;sub-062	PCG64	20260814	replicate_major_Q0_to_Q1_then_Q1_to_Q2
801	Q1_to_Q2	Q1_lenient	0	3	sub-020;sub-038;sub-110	PCG64	20260814	replicate_major_Q0_to_Q1_then_Q1_to_Q2
802	Q0_to_Q1	Q0_all	0	2	sub-082;sub-098	PCG64	20260814	replicate_major_Q0_to_Q1_then_Q1_to_Q2
802	Q1_to_Q2	Q1_lenient	0	3	sub-054;sub-096;sub-116	PCG64	20260814	replicate_major_Q0_to_Q1_then_Q1_to_Q2
803	Q0_to_Q1	Q0_all	0	2	sub-064;sub-104	PCG64	20260814	replicate_major_Q0_to_Q1_then_Q1_to_Q2
803	Q1_to_Q2	Q1_lenient	0	3	sub-058;sub-082;sub-094	PCG64	20260814	replicate_major_Q0_to_Q1_then_Q1_to_Q2
804	Q0_to_Q1	Q0_all	0	2	sub-050;sub-114	PCG64	20260814	replicate_major_Q0_to_Q1_then_Q1_to_Q2
804	Q1_to_Q2	Q1_lenient	0	3	sub-054;sub-076;sub-116	PCG64	20260814	replicate_major_Q0_to_Q1_then_Q1_to_Q2
805	Q0_to_Q1	Q0_all	0	2	sub-060;sub-106	PCG64	20260814	replicate_major_Q0_to_Q1_then_Q1_to_Q2
805	Q1_to_Q2	Q1_lenient	0	3	sub-024;sub-108;sub-120	PCG64	20260814	replicate_major_Q0_to_Q1_then_Q1_to_Q2
806	Q0_to_Q1	Q0_all	0	2	sub-050;sub-054	PCG64	20260814	replicate_major_Q0_to_Q1_then_Q1_to_Q2
806	Q1_to_Q2	Q1_lenient	0	3	sub-044;sub-058;sub-080	PCG64	20260814	replicate_major_Q0_to_Q1_then_Q1_to_Q2
807	Q0_to_Q1	Q0_all	0	2	sub-068;sub-098	PCG64	20260814	replicate_major_Q0_to_Q1_then_Q1_to_Q2
807	Q1_to_Q2	Q1_lenient	0	3	sub-044;sub-050;sub-062	PCG64	20260814	replicate_major_Q0_to_Q1_then_Q1_to_Q2
808	Q0_to_Q1	Q0_all	0	2	sub-076;sub-080	PCG64	20260814	replicate_major_Q0_to_Q1_then_Q1_to_Q2
808	Q1_to_Q2	Q1_lenient	0	3	sub-040;sub-046;sub-102	PCG64	20260814	replicate_major_Q0_to_Q1_then_Q1_to_Q2
809	Q0_to_Q1	Q0_all	0	2	sub-084;sub-100	PCG64	20260814	replicate_major_Q0_to_Q1_then_Q1_to_Q2
809	Q1_to_Q2	Q1_lenient	0	3	sub-018;sub-054;sub-096	PCG64	20260814	replicate_major_Q0_to_Q1_then_Q1_to_Q2
810	Q0_to_Q1	Q0_all	0	2	sub-054;sub-114	PCG64	20260814	replicate_major_Q0_to_Q1_then_Q1_to_Q2
810	Q1_to_Q2	Q1_lenient	0	3	sub-002;sub-026;sub-050	PCG64	20260814	replicate_major_Q0_to_Q1_then_Q1_to_Q2
811	Q0_to_Q1	Q0_all	0	2	sub-030;sub-060	PCG64	20260814	replicate_major_Q0_to_Q1_then_Q1_to_Q2
811	Q1_to_Q2	Q1_lenient	0	3	sub-024;sub-054;sub-118	PCG64	20260814	replicate_major_Q0_to_Q1_then_Q1_to_Q2
812	Q0_to_Q1	Q0_all	0	2	sub-022;sub-032	PCG64	20260814	replicate_major_Q0_to_Q1_then_Q1_to_Q2
812	Q1_to_Q2	Q1_lenient	0	3	sub-016;sub-074;sub-084	PCG64	20260814	replicate_major_Q0_to_Q1_then_Q1_to_Q2
813	Q0_to_Q1	Q0_all	0	2	sub-056;sub-080	PCG64	20260814	replicate_major_Q0_to_Q1_then_Q1_to_Q2
813	Q1_to_Q2	Q1_lenient	0	3	sub-024;sub-084;sub-114	PCG64	20260814	replicate_major_Q0_to_Q1_then_Q1_to_Q2
814	Q0_to_Q1	Q0_all	0	2	sub-068;sub-076	PCG64	20260814	replicate_major_Q0_to_Q1_then_Q1_to_Q2
814	Q1_to_Q2	Q1_lenient	0	3	sub-018;sub-024;sub-032	PCG64	20260814	replicate_major_Q0_to_Q1_then_Q1_to_Q2
815	Q0_to_Q1	Q0_all	0	2	sub-080;sub-102	PCG64	20260814	replicate_major_Q0_to_Q1_then_Q1_to_Q2
815	Q1_to_Q2	Q1_lenient	0	3	sub-024;sub-070;sub-080	PCG64	20260814	replicate_major_Q0_to_Q1_then_Q1_to_Q2
816	Q0_to_Q1	Q0_all	0	2	sub-006;sub-040	PCG64	20260814	replicate_major_Q0_to_Q1_then_Q1_to_Q2
816	Q1_to_Q2	Q1_lenient	0	3	sub-044;sub-072;sub-098	PCG64	20260814	replicate_major_Q0_to_Q1_then_Q1_to_Q2
817	Q0_to_Q1	Q0_all	0	2	sub-004;sub-076	PCG64	20260814	replicate_major_Q0_to_Q1_then_Q1_to_Q2
817	Q1_to_Q2	Q1_lenient	0	3	sub-084;sub-094;sub-118	PCG64	20260814	replicate_major_Q0_to_Q1_then_Q1_to_Q2
818	Q0_to_Q1	Q0_all	0	2	sub-018;sub-052	PCG64	20260814	replicate_major_Q0_to_Q1_then_Q1_to_Q2
818	Q1_to_Q2	Q1_lenient	0	3	sub-014;sub-076;sub-090	PCG64	20260814	replicate_major_Q0_to_Q1_then_Q1_to_Q2
819	Q0_to_Q1	Q0_all	0	2	sub-050;sub-060	PCG64	20260814	replicate_major_Q0_to_Q1_then_Q1_to_Q2
819	Q1_to_Q2	Q1_lenient	0	3	sub-050;sub-072;sub-102	PCG64	20260814	replicate_major_Q0_to_Q1_then_Q1_to_Q2
820	Q0_to_Q1	Q0_all	0	2	sub-040;sub-070	PCG64	20260814	replicate_major_Q0_to_Q1_then_Q1_to_Q2
820	Q1_to_Q2	Q1_lenient	0	3	sub-014;sub-090;sub-120	PCG64	20260814	replicate_major_Q0_to_Q1_then_Q1_to_Q2
821	Q0_to_Q1	Q0_all	0	2	sub-018;sub-082	PCG64	20260814	replicate_major_Q0_to_Q1_then_Q1_to_Q2
821	Q1_to_Q2	Q1_lenient	0	3	sub-026;sub-036;sub-084	PCG64	20260814	replicate_major_Q0_to_Q1_then_Q1_to_Q2
822	Q0_to_Q1	Q0_all	0	2	sub-076;sub-106	PCG64	20260814	replicate_major_Q0_to_Q1_then_Q1_to_Q2
822	Q1_to_Q2	Q1_lenient	0	3	sub-020;sub-026;sub-068	PCG64	20260814	replicate_major_Q0_to_Q1_then_Q1_to_Q2
823	Q0_to_Q1	Q0_all	0	2	sub-062;sub-112	PCG64	20260814	replicate_major_Q0_to_Q1_then_Q1_to_Q2
823	Q1_to_Q2	Q1_lenient	0	3	sub-074;sub-092;sub-094	PCG64	20260814	replicate_major_Q0_to_Q1_then_Q1_to_Q2
824	Q0_to_Q1	Q0_all	0	2	sub-010;sub-030	PCG64	20260814	replicate_major_Q0_to_Q1_then_Q1_to_Q2
824	Q1_to_Q2	Q1_lenient	0	3	sub-050;sub-110;sub-118	PCG64	20260814	replicate_major_Q0_to_Q1_then_Q1_to_Q2
825	Q0_to_Q1	Q0_all	0	2	sub-022;sub-068	PCG64	20260814	replicate_major_Q0_to_Q1_then_Q1_to_Q2
825	Q1_to_Q2	Q1_lenient	0	3	sub-010;sub-080;sub-094	PCG64	20260814	replicate_major_Q0_to_Q1_then_Q1_to_Q2
826	Q0_to_Q1	Q0_all	0	2	sub-010;sub-114	PCG64	20260814	replicate_major_Q0_to_Q1_then_Q1_to_Q2
826	Q1_to_Q2	Q1_lenient	0	3	sub-014;sub-104;sub-108	PCG64	20260814	replicate_major_Q0_to_Q1_then_Q1_to_Q2
827	Q0_to_Q1	Q0_all	0	2	sub-058;sub-068	PCG64	20260814	replicate_major_Q0_to_Q1_then_Q1_to_Q2
827	Q1_to_Q2	Q1_lenient	0	3	sub-062;sub-076;sub-096	PCG64	20260814	replicate_major_Q0_to_Q1_then_Q1_to_Q2
828	Q0_to_Q1	Q0_all	0	2	sub-032;sub-124	PCG64	20260814	replicate_major_Q0_to_Q1_then_Q1_to_Q2
828	Q1_to_Q2	Q1_lenient	0	3	sub-080;sub-082;sub-124	PCG64	20260814	replicate_major_Q0_to_Q1_then_Q1_to_Q2
829	Q0_to_Q1	Q0_all	0	2	sub-032;sub-046	PCG64	20260814	replicate_major_Q0_to_Q1_then_Q1_to_Q2
829	Q1_to_Q2	Q1_lenient	0	3	sub-002;sub-024;sub-056	PCG64	20260814	replicate_major_Q0_to_Q1_then_Q1_to_Q2
830	Q0_to_Q1	Q0_all	0	2	sub-072;sub-098	PCG64	20260814	replicate_major_Q0_to_Q1_then_Q1_to_Q2
830	Q1_to_Q2	Q1_lenient	0	3	sub-020;sub-058;sub-114	PCG64	20260814	replicate_major_Q0_to_Q1_then_Q1_to_Q2
831	Q0_to_Q1	Q0_all	0	2	sub-036;sub-092	PCG64	20260814	replicate_major_Q0_to_Q1_then_Q1_to_Q2
831	Q1_to_Q2	Q1_lenient	0	3	sub-014;sub-084;sub-118	PCG64	20260814	replicate_major_Q0_to_Q1_then_Q1_to_Q2
832	Q0_to_Q1	Q0_all	0	2	sub-014;sub-112	PCG64	20260814	replicate_major_Q0_to_Q1_then_Q1_to_Q2
832	Q1_to_Q2	Q1_lenient	0	3	sub-046;sub-054;sub-056	PCG64	20260814	replicate_major_Q0_to_Q1_then_Q1_to_Q2
833	Q0_to_Q1	Q0_all	0	2	sub-060;sub-116	PCG64	20260814	replicate_major_Q0_to_Q1_then_Q1_to_Q2
833	Q1_to_Q2	Q1_lenient	0	3	sub-022;sub-062;sub-066	PCG64	20260814	replicate_major_Q0_to_Q1_then_Q1_to_Q2
834	Q0_to_Q1	Q0_all	0	2	sub-038;sub-054	PCG64	20260814	replicate_major_Q0_to_Q1_then_Q1_to_Q2
834	Q1_to_Q2	Q1_lenient	0	3	sub-032;sub-094;sub-118	PCG64	20260814	replicate_major_Q0_to_Q1_then_Q1_to_Q2
835	Q0_to_Q1	Q0_all	0	2	sub-026;sub-030	PCG64	20260814	replicate_major_Q0_to_Q1_then_Q1_to_Q2
835	Q1_to_Q2	Q1_lenient	0	3	sub-066;sub-074;sub-118	PCG64	20260814	replicate_major_Q0_to_Q1_then_Q1_to_Q2
836	Q0_to_Q1	Q0_all	0	2	sub-072;sub-106	PCG64	20260814	replicate_major_Q0_to_Q1_then_Q1_to_Q2
836	Q1_to_Q2	Q1_lenient	0	3	sub-040;sub-050;sub-114	PCG64	20260814	replicate_major_Q0_to_Q1_then_Q1_to_Q2
837	Q0_to_Q1	Q0_all	0	2	sub-018;sub-118	PCG64	20260814	replicate_major_Q0_to_Q1_then_Q1_to_Q2
837	Q1_to_Q2	Q1_lenient	0	3	sub-002;sub-052;sub-090	PCG64	20260814	replicate_major_Q0_to_Q1_then_Q1_to_Q2
838	Q0_to_Q1	Q0_all	0	2	sub-022;sub-088	PCG64	20260814	replicate_major_Q0_to_Q1_then_Q1_to_Q2
838	Q1_to_Q2	Q1_lenient	0	3	sub-068;sub-082;sub-098	PCG64	20260814	replicate_major_Q0_to_Q1_then_Q1_to_Q2
839	Q0_to_Q1	Q0_all	0	2	sub-100;sub-114	PCG64	20260814	replicate_major_Q0_to_Q1_then_Q1_to_Q2
839	Q1_to_Q2	Q1_lenient	0	3	sub-018;sub-064;sub-072	PCG64	20260814	replicate_major_Q0_to_Q1_then_Q1_to_Q2
840	Q0_to_Q1	Q0_all	0	2	sub-058;sub-110	PCG64	20260814	replicate_major_Q0_to_Q1_then_Q1_to_Q2
840	Q1_to_Q2	Q1_lenient	0	3	sub-062;sub-070;sub-098	PCG64	20260814	replicate_major_Q0_to_Q1_then_Q1_to_Q2
841	Q0_to_Q1	Q0_all	0	2	sub-060;sub-092	PCG64	20260814	replicate_major_Q0_to_Q1_then_Q1_to_Q2
841	Q1_to_Q2	Q1_lenient	0	3	sub-002;sub-014;sub-108	PCG64	20260814	replicate_major_Q0_to_Q1_then_Q1_to_Q2
842	Q0_to_Q1	Q0_all	0	2	sub-008;sub-090	PCG64	20260814	replicate_major_Q0_to_Q1_then_Q1_to_Q2
842	Q1_to_Q2	Q1_lenient	0	3	sub-040;sub-056;sub-116	PCG64	20260814	replicate_major_Q0_to_Q1_then_Q1_to_Q2
843	Q0_to_Q1	Q0_all	0	2	sub-010;sub-080	PCG64	20260814	replicate_major_Q0_to_Q1_then_Q1_to_Q2
843	Q1_to_Q2	Q1_lenient	0	3	sub-090;sub-116;sub-118	PCG64	20260814	replicate_major_Q0_to_Q1_then_Q1_to_Q2
844	Q0_to_Q1	Q0_all	0	2	sub-016;sub-116	PCG64	20260814	replicate_major_Q0_to_Q1_then_Q1_to_Q2
844	Q1_to_Q2	Q1_lenient	0	3	sub-002;sub-004;sub-114	PCG64	20260814	replicate_major_Q0_to_Q1_then_Q1_to_Q2
845	Q0_to_Q1	Q0_all	0	2	sub-072;sub-074	PCG64	20260814	replicate_major_Q0_to_Q1_then_Q1_to_Q2
845	Q1_to_Q2	Q1_lenient	0	3	sub-008;sub-016;sub-120	PCG64	20260814	replicate_major_Q0_to_Q1_then_Q1_to_Q2
846	Q0_to_Q1	Q0_all	0	2	sub-050;sub-104	PCG64	20260814	replicate_major_Q0_to_Q1_then_Q1_to_Q2
846	Q1_to_Q2	Q1_lenient	0	3	sub-040;sub-058;sub-124	PCG64	20260814	replicate_major_Q0_to_Q1_then_Q1_to_Q2
847	Q0_to_Q1	Q0_all	0	2	sub-050;sub-092	PCG64	20260814	replicate_major_Q0_to_Q1_then_Q1_to_Q2
847	Q1_to_Q2	Q1_lenient	0	3	sub-004;sub-082;sub-092	PCG64	20260814	replicate_major_Q0_to_Q1_then_Q1_to_Q2
848	Q0_to_Q1	Q0_all	0	2	sub-072;sub-106	PCG64	20260814	replicate_major_Q0_to_Q1_then_Q1_to_Q2
848	Q1_to_Q2	Q1_lenient	0	3	sub-026;sub-046;sub-114	PCG64	20260814	replicate_major_Q0_to_Q1_then_Q1_to_Q2
849	Q0_to_Q1	Q0_all	0	2	sub-020;sub-036	PCG64	20260814	replicate_major_Q0_to_Q1_then_Q1_to_Q2
849	Q1_to_Q2	Q1_lenient	0	3	sub-056;sub-060;sub-118	PCG64	20260814	replicate_major_Q0_to_Q1_then_Q1_to_Q2
850	Q0_to_Q1	Q0_all	0	2	sub-096;sub-106	PCG64	20260814	replicate_major_Q0_to_Q1_then_Q1_to_Q2
850	Q1_to_Q2	Q1_lenient	0	3	sub-004;sub-024;sub-040	PCG64	20260814	replicate_major_Q0_to_Q1_then_Q1_to_Q2
851	Q0_to_Q1	Q0_all	0	2	sub-114;sub-124	PCG64	20260814	replicate_major_Q0_to_Q1_then_Q1_to_Q2
851	Q1_to_Q2	Q1_lenient	0	3	sub-002;sub-024;sub-082	PCG64	20260814	replicate_major_Q0_to_Q1_then_Q1_to_Q2
852	Q0_to_Q1	Q0_all	0	2	sub-046;sub-052	PCG64	20260814	replicate_major_Q0_to_Q1_then_Q1_to_Q2
852	Q1_to_Q2	Q1_lenient	0	3	sub-054;sub-074;sub-084	PCG64	20260814	replicate_major_Q0_to_Q1_then_Q1_to_Q2
853	Q0_to_Q1	Q0_all	0	2	sub-116;sub-120	PCG64	20260814	replicate_major_Q0_to_Q1_then_Q1_to_Q2
853	Q1_to_Q2	Q1_lenient	0	3	sub-016;sub-060;sub-114	PCG64	20260814	replicate_major_Q0_to_Q1_then_Q1_to_Q2
854	Q0_to_Q1	Q0_all	0	2	sub-060;sub-118	PCG64	20260814	replicate_major_Q0_to_Q1_then_Q1_to_Q2
854	Q1_to_Q2	Q1_lenient	0	3	sub-004;sub-082;sub-114	PCG64	20260814	replicate_major_Q0_to_Q1_then_Q1_to_Q2
855	Q0_to_Q1	Q0_all	0	2	sub-008;sub-026	PCG64	20260814	replicate_major_Q0_to_Q1_then_Q1_to_Q2
855	Q1_to_Q2	Q1_lenient	0	3	sub-036;sub-074;sub-120	PCG64	20260814	replicate_major_Q0_to_Q1_then_Q1_to_Q2
856	Q0_to_Q1	Q0_all	0	2	sub-064;sub-124	PCG64	20260814	replicate_major_Q0_to_Q1_then_Q1_to_Q2
856	Q1_to_Q2	Q1_lenient	0	3	sub-036;sub-084;sub-114	PCG64	20260814	replicate_major_Q0_to_Q1_then_Q1_to_Q2
857	Q0_to_Q1	Q0_all	0	2	sub-038;sub-118	PCG64	20260814	replicate_major_Q0_to_Q1_then_Q1_to_Q2
857	Q1_to_Q2	Q1_lenient	0	3	sub-036;sub-096;sub-108	PCG64	20260814	replicate_major_Q0_to_Q1_then_Q1_to_Q2
858	Q0_to_Q1	Q0_all	0	2	sub-022;sub-070	PCG64	20260814	replicate_major_Q0_to_Q1_then_Q1_to_Q2
858	Q1_to_Q2	Q1_lenient	0	3	sub-050;sub-072;sub-092	PCG64	20260814	replicate_major_Q0_to_Q1_then_Q1_to_Q2
859	Q0_to_Q1	Q0_all	0	2	sub-106;sub-118	PCG64	20260814	replicate_major_Q0_to_Q1_then_Q1_to_Q2
859	Q1_to_Q2	Q1_lenient	0	3	sub-024;sub-054;sub-084	PCG64	20260814	replicate_major_Q0_to_Q1_then_Q1_to_Q2
860	Q0_to_Q1	Q0_all	0	2	sub-004;sub-006	PCG64	20260814	replicate_major_Q0_to_Q1_then_Q1_to_Q2
860	Q1_to_Q2	Q1_lenient	0	3	sub-090;sub-092;sub-114	PCG64	20260814	replicate_major_Q0_to_Q1_then_Q1_to_Q2
861	Q0_to_Q1	Q0_all	0	2	sub-104;sub-114	PCG64	20260814	replicate_major_Q0_to_Q1_then_Q1_to_Q2
861	Q1_to_Q2	Q1_lenient	0	3	sub-018;sub-104;sub-120	PCG64	20260814	replicate_major_Q0_to_Q1_then_Q1_to_Q2
862	Q0_to_Q1	Q0_all	0	2	sub-076;sub-110	PCG64	20260814	replicate_major_Q0_to_Q1_then_Q1_to_Q2
862	Q1_to_Q2	Q1_lenient	0	3	sub-008;sub-022;sub-116	PCG64	20260814	replicate_major_Q0_to_Q1_then_Q1_to_Q2
863	Q0_to_Q1	Q0_all	0	2	sub-026;sub-038	PCG64	20260814	replicate_major_Q0_to_Q1_then_Q1_to_Q2
863	Q1_to_Q2	Q1_lenient	0	3	sub-010;sub-074;sub-090	PCG64	20260814	replicate_major_Q0_to_Q1_then_Q1_to_Q2
864	Q0_to_Q1	Q0_all	0	2	sub-014;sub-056	PCG64	20260814	replicate_major_Q0_to_Q1_then_Q1_to_Q2
864	Q1_to_Q2	Q1_lenient	0	3	sub-046;sub-060;sub-124	PCG64	20260814	replicate_major_Q0_to_Q1_then_Q1_to_Q2
865	Q0_to_Q1	Q0_all	0	2	sub-020;sub-072	PCG64	20260814	replicate_major_Q0_to_Q1_then_Q1_to_Q2
865	Q1_to_Q2	Q1_lenient	0	3	sub-038;sub-054;sub-064	PCG64	20260814	replicate_major_Q0_to_Q1_then_Q1_to_Q2
866	Q0_to_Q1	Q0_all	0	2	sub-014;sub-100	PCG64	20260814	replicate_major_Q0_to_Q1_then_Q1_to_Q2
866	Q1_to_Q2	Q1_lenient	0	3	sub-010;sub-072;sub-116	PCG64	20260814	replicate_major_Q0_to_Q1_then_Q1_to_Q2
867	Q0_to_Q1	Q0_all	0	2	sub-058;sub-094	PCG64	20260814	replicate_major_Q0_to_Q1_then_Q1_to_Q2
867	Q1_to_Q2	Q1_lenient	0	3	sub-050;sub-056;sub-080	PCG64	20260814	replicate_major_Q0_to_Q1_then_Q1_to_Q2
868	Q0_to_Q1	Q0_all	0	2	sub-046;sub-118	PCG64	20260814	replicate_major_Q0_to_Q1_then_Q1_to_Q2
868	Q1_to_Q2	Q1_lenient	0	3	sub-060;sub-072;sub-076	PCG64	20260814	replicate_major_Q0_to_Q1_then_Q1_to_Q2
869	Q0_to_Q1	Q0_all	0	2	sub-030;sub-102	PCG64	20260814	replicate_major_Q0_to_Q1_then_Q1_to_Q2
869	Q1_to_Q2	Q1_lenient	0	3	sub-004;sub-044;sub-124	PCG64	20260814	replicate_major_Q0_to_Q1_then_Q1_to_Q2
870	Q0_to_Q1	Q0_all	0	2	sub-064;sub-104	PCG64	20260814	replicate_major_Q0_to_Q1_then_Q1_to_Q2
870	Q1_to_Q2	Q1_lenient	0	3	sub-008;sub-022;sub-120	PCG64	20260814	replicate_major_Q0_to_Q1_then_Q1_to_Q2
871	Q0_to_Q1	Q0_all	0	2	sub-052;sub-120	PCG64	20260814	replicate_major_Q0_to_Q1_then_Q1_to_Q2
871	Q1_to_Q2	Q1_lenient	0	3	sub-056;sub-064;sub-118	PCG64	20260814	replicate_major_Q0_to_Q1_then_Q1_to_Q2
872	Q0_to_Q1	Q0_all	0	2	sub-020;sub-102	PCG64	20260814	replicate_major_Q0_to_Q1_then_Q1_to_Q2
872	Q1_to_Q2	Q1_lenient	0	3	sub-014;sub-046;sub-092	PCG64	20260814	replicate_major_Q0_to_Q1_then_Q1_to_Q2
873	Q0_to_Q1	Q0_all	0	2	sub-056;sub-070	PCG64	20260814	replicate_major_Q0_to_Q1_then_Q1_to_Q2
873	Q1_to_Q2	Q1_lenient	0	3	sub-010;sub-072;sub-118	PCG64	20260814	replicate_major_Q0_to_Q1_then_Q1_to_Q2
874	Q0_to_Q1	Q0_all	0	2	sub-072;sub-090	PCG64	20260814	replicate_major_Q0_to_Q1_then_Q1_to_Q2
874	Q1_to_Q2	Q1_lenient	0	3	sub-038;sub-046;sub-124	PCG64	20260814	replicate_major_Q0_to_Q1_then_Q1_to_Q2
875	Q0_to_Q1	Q0_all	0	2	sub-002;sub-088	PCG64	20260814	replicate_major_Q0_to_Q1_then_Q1_to_Q2
875	Q1_to_Q2	Q1_lenient	0	3	sub-010;sub-018;sub-064	PCG64	20260814	replicate_major_Q0_to_Q1_then_Q1_to_Q2
876	Q0_to_Q1	Q0_all	0	2	sub-018;sub-070	PCG64	20260814	replicate_major_Q0_to_Q1_then_Q1_to_Q2
876	Q1_to_Q2	Q1_lenient	0	3	sub-056;sub-094;sub-120	PCG64	20260814	replicate_major_Q0_to_Q1_then_Q1_to_Q2
877	Q0_to_Q1	Q0_all	0	2	sub-104;sub-124	PCG64	20260814	replicate_major_Q0_to_Q1_then_Q1_to_Q2
877	Q1_to_Q2	Q1_lenient	0	3	sub-050;sub-072;sub-112	PCG64	20260814	replicate_major_Q0_to_Q1_then_Q1_to_Q2
878	Q0_to_Q1	Q0_all	0	2	sub-074;sub-112	PCG64	20260814	replicate_major_Q0_to_Q1_then_Q1_to_Q2
878	Q1_to_Q2	Q1_lenient	0	3	sub-004;sub-046;sub-058	PCG64	20260814	replicate_major_Q0_to_Q1_then_Q1_to_Q2
879	Q0_to_Q1	Q0_all	0	2	sub-118;sub-120	PCG64	20260814	replicate_major_Q0_to_Q1_then_Q1_to_Q2
879	Q1_to_Q2	Q1_lenient	0	3	sub-026;sub-074;sub-098	PCG64	20260814	replicate_major_Q0_to_Q1_then_Q1_to_Q2
880	Q0_to_Q1	Q0_all	0	2	sub-060;sub-094	PCG64	20260814	replicate_major_Q0_to_Q1_then_Q1_to_Q2
880	Q1_to_Q2	Q1_lenient	0	3	sub-022;sub-094;sub-110	PCG64	20260814	replicate_major_Q0_to_Q1_then_Q1_to_Q2
881	Q0_to_Q1	Q0_all	0	2	sub-022;sub-044	PCG64	20260814	replicate_major_Q0_to_Q1_then_Q1_to_Q2
881	Q1_to_Q2	Q1_lenient	0	3	sub-002;sub-016;sub-110	PCG64	20260814	replicate_major_Q0_to_Q1_then_Q1_to_Q2
882	Q0_to_Q1	Q0_all	0	2	sub-046;sub-100	PCG64	20260814	replicate_major_Q0_to_Q1_then_Q1_to_Q2
882	Q1_to_Q2	Q1_lenient	0	3	sub-018;sub-044;sub-118	PCG64	20260814	replicate_major_Q0_to_Q1_then_Q1_to_Q2
883	Q0_to_Q1	Q0_all	0	2	sub-056;sub-114	PCG64	20260814	replicate_major_Q0_to_Q1_then_Q1_to_Q2
883	Q1_to_Q2	Q1_lenient	0	3	sub-020;sub-036;sub-054	PCG64	20260814	replicate_major_Q0_to_Q1_then_Q1_to_Q2
884	Q0_to_Q1	Q0_all	0	2	sub-084;sub-116	PCG64	20260814	replicate_major_Q0_to_Q1_then_Q1_to_Q2
884	Q1_to_Q2	Q1_lenient	0	3	sub-022;sub-070;sub-092	PCG64	20260814	replicate_major_Q0_to_Q1_then_Q1_to_Q2
885	Q0_to_Q1	Q0_all	0	2	sub-018;sub-100	PCG64	20260814	replicate_major_Q0_to_Q1_then_Q1_to_Q2
885	Q1_to_Q2	Q1_lenient	0	3	sub-024;sub-036;sub-038	PCG64	20260814	replicate_major_Q0_to_Q1_then_Q1_to_Q2
886	Q0_to_Q1	Q0_all	0	2	sub-056;sub-104	PCG64	20260814	replicate_major_Q0_to_Q1_then_Q1_to_Q2
886	Q1_to_Q2	Q1_lenient	0	3	sub-046;sub-052;sub-074	PCG64	20260814	replicate_major_Q0_to_Q1_then_Q1_to_Q2
887	Q0_to_Q1	Q0_all	0	2	sub-036;sub-098	PCG64	20260814	replicate_major_Q0_to_Q1_then_Q1_to_Q2
887	Q1_to_Q2	Q1_lenient	0	3	sub-006;sub-076;sub-110	PCG64	20260814	replicate_major_Q0_to_Q1_then_Q1_to_Q2
888	Q0_to_Q1	Q0_all	0	2	sub-088;sub-094	PCG64	20260814	replicate_major_Q0_to_Q1_then_Q1_to_Q2
888	Q1_to_Q2	Q1_lenient	0	3	sub-052;sub-092;sub-120	PCG64	20260814	replicate_major_Q0_to_Q1_then_Q1_to_Q2
889	Q0_to_Q1	Q0_all	0	2	sub-018;sub-112	PCG64	20260814	replicate_major_Q0_to_Q1_then_Q1_to_Q2
889	Q1_to_Q2	Q1_lenient	0	3	sub-008;sub-076;sub-112	PCG64	20260814	replicate_major_Q0_to_Q1_then_Q1_to_Q2
890	Q0_to_Q1	Q0_all	0	2	sub-030;sub-084	PCG64	20260814	replicate_major_Q0_to_Q1_then_Q1_to_Q2
890	Q1_to_Q2	Q1_lenient	0	3	sub-020;sub-090;sub-096	PCG64	20260814	replicate_major_Q0_to_Q1_then_Q1_to_Q2
891	Q0_to_Q1	Q0_all	0	2	sub-024;sub-110	PCG64	20260814	replicate_major_Q0_to_Q1_then_Q1_to_Q2
891	Q1_to_Q2	Q1_lenient	0	3	sub-058;sub-106;sub-120	PCG64	20260814	replicate_major_Q0_to_Q1_then_Q1_to_Q2
892	Q0_to_Q1	Q0_all	0	2	sub-022;sub-118	PCG64	20260814	replicate_major_Q0_to_Q1_then_Q1_to_Q2
892	Q1_to_Q2	Q1_lenient	0	3	sub-038;sub-044;sub-120	PCG64	20260814	replicate_major_Q0_to_Q1_then_Q1_to_Q2
893	Q0_to_Q1	Q0_all	0	2	sub-074;sub-098	PCG64	20260814	replicate_major_Q0_to_Q1_then_Q1_to_Q2
893	Q1_to_Q2	Q1_lenient	0	3	sub-018;sub-094;sub-110	PCG64	20260814	replicate_major_Q0_to_Q1_then_Q1_to_Q2
894	Q0_to_Q1	Q0_all	0	2	sub-056;sub-084	PCG64	20260814	replicate_major_Q0_to_Q1_then_Q1_to_Q2
894	Q1_to_Q2	Q1_lenient	0	3	sub-064;sub-072;sub-116	PCG64	20260814	replicate_major_Q0_to_Q1_then_Q1_to_Q2
895	Q0_to_Q1	Q0_all	0	2	sub-008;sub-052	PCG64	20260814	replicate_major_Q0_to_Q1_then_Q1_to_Q2
895	Q1_to_Q2	Q1_lenient	0	3	sub-006;sub-056;sub-124	PCG64	20260814	replicate_major_Q0_to_Q1_then_Q1_to_Q2
896	Q0_to_Q1	Q0_all	0	2	sub-016;sub-088	PCG64	20260814	replicate_major_Q0_to_Q1_then_Q1_to_Q2
896	Q1_to_Q2	Q1_lenient	0	3	sub-044;sub-084;sub-090	PCG64	20260814	replicate_major_Q0_to_Q1_then_Q1_to_Q2
897	Q0_to_Q1	Q0_all	0	2	sub-040;sub-046	PCG64	20260814	replicate_major_Q0_to_Q1_then_Q1_to_Q2
897	Q1_to_Q2	Q1_lenient	0	3	sub-056;sub-092;sub-118	PCG64	20260814	replicate_major_Q0_to_Q1_then_Q1_to_Q2
898	Q0_to_Q1	Q0_all	0	2	sub-032;sub-062	PCG64	20260814	replicate_major_Q0_to_Q1_then_Q1_to_Q2
898	Q1_to_Q2	Q1_lenient	0	3	sub-040;sub-054;sub-076	PCG64	20260814	replicate_major_Q0_to_Q1_then_Q1_to_Q2
899	Q0_to_Q1	Q0_all	0	2	sub-004;sub-046	PCG64	20260814	replicate_major_Q0_to_Q1_then_Q1_to_Q2
899	Q1_to_Q2	Q1_lenient	0	3	sub-014;sub-024;sub-088	PCG64	20260814	replicate_major_Q0_to_Q1_then_Q1_to_Q2
900	Q0_to_Q1	Q0_all	0	2	sub-010;sub-046	PCG64	20260814	replicate_major_Q0_to_Q1_then_Q1_to_Q2
900	Q1_to_Q2	Q1_lenient	0	3	sub-062;sub-066;sub-076	PCG64	20260814	replicate_major_Q0_to_Q1_then_Q1_to_Q2
901	Q0_to_Q1	Q0_all	0	2	sub-016;sub-044	PCG64	20260814	replicate_major_Q0_to_Q1_then_Q1_to_Q2
901	Q1_to_Q2	Q1_lenient	0	3	sub-084;sub-116;sub-118	PCG64	20260814	replicate_major_Q0_to_Q1_then_Q1_to_Q2
902	Q0_to_Q1	Q0_all	0	2	sub-010;sub-052	PCG64	20260814	replicate_major_Q0_to_Q1_then_Q1_to_Q2
902	Q1_to_Q2	Q1_lenient	0	3	sub-046;sub-096;sub-118	PCG64	20260814	replicate_major_Q0_to_Q1_then_Q1_to_Q2
903	Q0_to_Q1	Q0_all	0	2	sub-010;sub-116	PCG64	20260814	replicate_major_Q0_to_Q1_then_Q1_to_Q2
903	Q1_to_Q2	Q1_lenient	0	3	sub-014;sub-074;sub-102	PCG64	20260814	replicate_major_Q0_to_Q1_then_Q1_to_Q2
904	Q0_to_Q1	Q0_all	0	2	sub-022;sub-040	PCG64	20260814	replicate_major_Q0_to_Q1_then_Q1_to_Q2
904	Q1_to_Q2	Q1_lenient	0	3	sub-002;sub-006;sub-124	PCG64	20260814	replicate_major_Q0_to_Q1_then_Q1_to_Q2
905	Q0_to_Q1	Q0_all	0	2	sub-040;sub-106	PCG64	20260814	replicate_major_Q0_to_Q1_then_Q1_to_Q2
905	Q1_to_Q2	Q1_lenient	0	3	sub-016;sub-090;sub-106	PCG64	20260814	replicate_major_Q0_to_Q1_then_Q1_to_Q2
906	Q0_to_Q1	Q0_all	0	2	sub-010;sub-014	PCG64	20260814	replicate_major_Q0_to_Q1_then_Q1_to_Q2
906	Q1_to_Q2	Q1_lenient	0	3	sub-050;sub-074;sub-110	PCG64	20260814	replicate_major_Q0_to_Q1_then_Q1_to_Q2
907	Q0_to_Q1	Q0_all	0	2	sub-014;sub-096	PCG64	20260814	replicate_major_Q0_to_Q1_then_Q1_to_Q2
907	Q1_to_Q2	Q1_lenient	0	3	sub-036;sub-066;sub-106	PCG64	20260814	replicate_major_Q0_to_Q1_then_Q1_to_Q2
908	Q0_to_Q1	Q0_all	0	2	sub-064;sub-084	PCG64	20260814	replicate_major_Q0_to_Q1_then_Q1_to_Q2
908	Q1_to_Q2	Q1_lenient	0	3	sub-014;sub-032;sub-066	PCG64	20260814	replicate_major_Q0_to_Q1_then_Q1_to_Q2
909	Q0_to_Q1	Q0_all	0	2	sub-056;sub-096	PCG64	20260814	replicate_major_Q0_to_Q1_then_Q1_to_Q2
909	Q1_to_Q2	Q1_lenient	0	3	sub-094;sub-096;sub-102	PCG64	20260814	replicate_major_Q0_to_Q1_then_Q1_to_Q2
910	Q0_to_Q1	Q0_all	0	2	sub-014;sub-118	PCG64	20260814	replicate_major_Q0_to_Q1_then_Q1_to_Q2
910	Q1_to_Q2	Q1_lenient	0	3	sub-022;sub-036;sub-062	PCG64	20260814	replicate_major_Q0_to_Q1_then_Q1_to_Q2
911	Q0_to_Q1	Q0_all	0	2	sub-020;sub-080	PCG64	20260814	replicate_major_Q0_to_Q1_then_Q1_to_Q2
911	Q1_to_Q2	Q1_lenient	0	3	sub-006;sub-068;sub-108	PCG64	20260814	replicate_major_Q0_to_Q1_then_Q1_to_Q2
912	Q0_to_Q1	Q0_all	0	2	sub-038;sub-092	PCG64	20260814	replicate_major_Q0_to_Q1_then_Q1_to_Q2
912	Q1_to_Q2	Q1_lenient	0	3	sub-090;sub-096;sub-110	PCG64	20260814	replicate_major_Q0_to_Q1_then_Q1_to_Q2
913	Q0_to_Q1	Q0_all	0	2	sub-036;sub-058	PCG64	20260814	replicate_major_Q0_to_Q1_then_Q1_to_Q2
913	Q1_to_Q2	Q1_lenient	0	3	sub-002;sub-084;sub-090	PCG64	20260814	replicate_major_Q0_to_Q1_then_Q1_to_Q2
914	Q0_to_Q1	Q0_all	0	2	sub-038;sub-052	PCG64	20260814	replicate_major_Q0_to_Q1_then_Q1_to_Q2
914	Q1_to_Q2	Q1_lenient	0	3	sub-036;sub-058;sub-088	PCG64	20260814	replicate_major_Q0_to_Q1_then_Q1_to_Q2
915	Q0_to_Q1	Q0_all	0	2	sub-054;sub-106	PCG64	20260814	replicate_major_Q0_to_Q1_then_Q1_to_Q2
915	Q1_to_Q2	Q1_lenient	0	3	sub-020;sub-050;sub-080	PCG64	20260814	replicate_major_Q0_to_Q1_then_Q1_to_Q2
916	Q0_to_Q1	Q0_all	0	2	sub-020;sub-120	PCG64	20260814	replicate_major_Q0_to_Q1_then_Q1_to_Q2
916	Q1_to_Q2	Q1_lenient	0	3	sub-004;sub-080;sub-110	PCG64	20260814	replicate_major_Q0_to_Q1_then_Q1_to_Q2
917	Q0_to_Q1	Q0_all	0	2	sub-104;sub-124	PCG64	20260814	replicate_major_Q0_to_Q1_then_Q1_to_Q2
917	Q1_to_Q2	Q1_lenient	0	3	sub-020;sub-094;sub-124	PCG64	20260814	replicate_major_Q0_to_Q1_then_Q1_to_Q2
918	Q0_to_Q1	Q0_all	0	2	sub-004;sub-050	PCG64	20260814	replicate_major_Q0_to_Q1_then_Q1_to_Q2
918	Q1_to_Q2	Q1_lenient	0	3	sub-006;sub-050;sub-068	PCG64	20260814	replicate_major_Q0_to_Q1_then_Q1_to_Q2
919	Q0_to_Q1	Q0_all	0	2	sub-010;sub-098	PCG64	20260814	replicate_major_Q0_to_Q1_then_Q1_to_Q2
919	Q1_to_Q2	Q1_lenient	0	3	sub-088;sub-098;sub-106	PCG64	20260814	replicate_major_Q0_to_Q1_then_Q1_to_Q2
920	Q0_to_Q1	Q0_all	0	2	sub-010;sub-050	PCG64	20260814	replicate_major_Q0_to_Q1_then_Q1_to_Q2
920	Q1_to_Q2	Q1_lenient	0	3	sub-014;sub-022;sub-056	PCG64	20260814	replicate_major_Q0_to_Q1_then_Q1_to_Q2
921	Q0_to_Q1	Q0_all	0	2	sub-056;sub-068	PCG64	20260814	replicate_major_Q0_to_Q1_then_Q1_to_Q2
921	Q1_to_Q2	Q1_lenient	0	3	sub-004;sub-072;sub-084	PCG64	20260814	replicate_major_Q0_to_Q1_then_Q1_to_Q2
922	Q0_to_Q1	Q0_all	0	2	sub-006;sub-106	PCG64	20260814	replicate_major_Q0_to_Q1_then_Q1_to_Q2
922	Q1_to_Q2	Q1_lenient	0	3	sub-044;sub-060;sub-080	PCG64	20260814	replicate_major_Q0_to_Q1_then_Q1_to_Q2
923	Q0_to_Q1	Q0_all	0	2	sub-030;sub-076	PCG64	20260814	replicate_major_Q0_to_Q1_then_Q1_to_Q2
923	Q1_to_Q2	Q1_lenient	0	3	sub-036;sub-052;sub-104	PCG64	20260814	replicate_major_Q0_to_Q1_then_Q1_to_Q2
924	Q0_to_Q1	Q0_all	0	2	sub-008;sub-062	PCG64	20260814	replicate_major_Q0_to_Q1_then_Q1_to_Q2
924	Q1_to_Q2	Q1_lenient	0	3	sub-014;sub-098;sub-116	PCG64	20260814	replicate_major_Q0_to_Q1_then_Q1_to_Q2
925	Q0_to_Q1	Q0_all	0	2	sub-026;sub-066	PCG64	20260814	replicate_major_Q0_to_Q1_then_Q1_to_Q2
925	Q1_to_Q2	Q1_lenient	0	3	sub-058;sub-060;sub-092	PCG64	20260814	replicate_major_Q0_to_Q1_then_Q1_to_Q2
926	Q0_to_Q1	Q0_all	0	2	sub-018;sub-058	PCG64	20260814	replicate_major_Q0_to_Q1_then_Q1_to_Q2
926	Q1_to_Q2	Q1_lenient	0	3	sub-054;sub-070;sub-098	PCG64	20260814	replicate_major_Q0_to_Q1_then_Q1_to_Q2
927	Q0_to_Q1	Q0_all	0	2	sub-064;sub-124	PCG64	20260814	replicate_major_Q0_to_Q1_then_Q1_to_Q2
927	Q1_to_Q2	Q1_lenient	0	3	sub-002;sub-010;sub-088	PCG64	20260814	replicate_major_Q0_to_Q1_then_Q1_to_Q2
928	Q0_to_Q1	Q0_all	0	2	sub-068;sub-116	PCG64	20260814	replicate_major_Q0_to_Q1_then_Q1_to_Q2
928	Q1_to_Q2	Q1_lenient	0	3	sub-082;sub-088;sub-096	PCG64	20260814	replicate_major_Q0_to_Q1_then_Q1_to_Q2
929	Q0_to_Q1	Q0_all	0	2	sub-060;sub-066	PCG64	20260814	replicate_major_Q0_to_Q1_then_Q1_to_Q2
929	Q1_to_Q2	Q1_lenient	0	3	sub-062;sub-102;sub-108	PCG64	20260814	replicate_major_Q0_to_Q1_then_Q1_to_Q2
930	Q0_to_Q1	Q0_all	0	2	sub-030;sub-096	PCG64	20260814	replicate_major_Q0_to_Q1_then_Q1_to_Q2
930	Q1_to_Q2	Q1_lenient	0	3	sub-052;sub-058;sub-104	PCG64	20260814	replicate_major_Q0_to_Q1_then_Q1_to_Q2
931	Q0_to_Q1	Q0_all	0	2	sub-002;sub-060	PCG64	20260814	replicate_major_Q0_to_Q1_then_Q1_to_Q2
931	Q1_to_Q2	Q1_lenient	0	3	sub-068;sub-084;sub-098	PCG64	20260814	replicate_major_Q0_to_Q1_then_Q1_to_Q2
932	Q0_to_Q1	Q0_all	0	2	sub-038;sub-062	PCG64	20260814	replicate_major_Q0_to_Q1_then_Q1_to_Q2
932	Q1_to_Q2	Q1_lenient	0	3	sub-082;sub-092;sub-124	PCG64	20260814	replicate_major_Q0_to_Q1_then_Q1_to_Q2
933	Q0_to_Q1	Q0_all	0	2	sub-056;sub-060	PCG64	20260814	replicate_major_Q0_to_Q1_then_Q1_to_Q2
933	Q1_to_Q2	Q1_lenient	0	3	sub-058;sub-064;sub-112	PCG64	20260814	replicate_major_Q0_to_Q1_then_Q1_to_Q2
934	Q0_to_Q1	Q0_all	0	2	sub-060;sub-104	PCG64	20260814	replicate_major_Q0_to_Q1_then_Q1_to_Q2
934	Q1_to_Q2	Q1_lenient	0	3	sub-052;sub-056;sub-082	PCG64	20260814	replicate_major_Q0_to_Q1_then_Q1_to_Q2
935	Q0_to_Q1	Q0_all	0	2	sub-076;sub-114	PCG64	20260814	replicate_major_Q0_to_Q1_then_Q1_to_Q2
935	Q1_to_Q2	Q1_lenient	0	3	sub-056;sub-066;sub-120	PCG64	20260814	replicate_major_Q0_to_Q1_then_Q1_to_Q2
936	Q0_to_Q1	Q0_all	0	2	sub-082;sub-090	PCG64	20260814	replicate_major_Q0_to_Q1_then_Q1_to_Q2
936	Q1_to_Q2	Q1_lenient	0	3	sub-022;sub-082;sub-110	PCG64	20260814	replicate_major_Q0_to_Q1_then_Q1_to_Q2
937	Q0_to_Q1	Q0_all	0	2	sub-036;sub-102	PCG64	20260814	replicate_major_Q0_to_Q1_then_Q1_to_Q2
937	Q1_to_Q2	Q1_lenient	0	3	sub-056;sub-070;sub-124	PCG64	20260814	replicate_major_Q0_to_Q1_then_Q1_to_Q2
938	Q0_to_Q1	Q0_all	0	2	sub-096;sub-102	PCG64	20260814	replicate_major_Q0_to_Q1_then_Q1_to_Q2
938	Q1_to_Q2	Q1_lenient	0	3	sub-018;sub-040;sub-054	PCG64	20260814	replicate_major_Q0_to_Q1_then_Q1_to_Q2
939	Q0_to_Q1	Q0_all	0	2	sub-038;sub-072	PCG64	20260814	replicate_major_Q0_to_Q1_then_Q1_to_Q2
939	Q1_to_Q2	Q1_lenient	0	3	sub-050;sub-108;sub-124	PCG64	20260814	replicate_major_Q0_to_Q1_then_Q1_to_Q2
940	Q0_to_Q1	Q0_all	0	2	sub-016;sub-020	PCG64	20260814	replicate_major_Q0_to_Q1_then_Q1_to_Q2
940	Q1_to_Q2	Q1_lenient	0	3	sub-064;sub-074;sub-088	PCG64	20260814	replicate_major_Q0_to_Q1_then_Q1_to_Q2
941	Q0_to_Q1	Q0_all	0	2	sub-050;sub-092	PCG64	20260814	replicate_major_Q0_to_Q1_then_Q1_to_Q2
941	Q1_to_Q2	Q1_lenient	0	3	sub-040;sub-112;sub-124	PCG64	20260814	replicate_major_Q0_to_Q1_then_Q1_to_Q2
942	Q0_to_Q1	Q0_all	0	2	sub-088;sub-094	PCG64	20260814	replicate_major_Q0_to_Q1_then_Q1_to_Q2
942	Q1_to_Q2	Q1_lenient	0	3	sub-062;sub-098;sub-104	PCG64	20260814	replicate_major_Q0_to_Q1_then_Q1_to_Q2
943	Q0_to_Q1	Q0_all	0	2	sub-024;sub-066	PCG64	20260814	replicate_major_Q0_to_Q1_then_Q1_to_Q2
943	Q1_to_Q2	Q1_lenient	0	3	sub-080;sub-082;sub-106	PCG64	20260814	replicate_major_Q0_to_Q1_then_Q1_to_Q2
944	Q0_to_Q1	Q0_all	0	2	sub-044;sub-068	PCG64	20260814	replicate_major_Q0_to_Q1_then_Q1_to_Q2
944	Q1_to_Q2	Q1_lenient	0	3	sub-040;sub-074;sub-076	PCG64	20260814	replicate_major_Q0_to_Q1_then_Q1_to_Q2
945	Q0_to_Q1	Q0_all	0	2	sub-066;sub-094	PCG64	20260814	replicate_major_Q0_to_Q1_then_Q1_to_Q2
945	Q1_to_Q2	Q1_lenient	0	3	sub-064;sub-098;sub-110	PCG64	20260814	replicate_major_Q0_to_Q1_then_Q1_to_Q2
946	Q0_to_Q1	Q0_all	0	2	sub-076;sub-124	PCG64	20260814	replicate_major_Q0_to_Q1_then_Q1_to_Q2
946	Q1_to_Q2	Q1_lenient	0	3	sub-024;sub-070;sub-116	PCG64	20260814	replicate_major_Q0_to_Q1_then_Q1_to_Q2
947	Q0_to_Q1	Q0_all	0	2	sub-046;sub-052	PCG64	20260814	replicate_major_Q0_to_Q1_then_Q1_to_Q2
947	Q1_to_Q2	Q1_lenient	0	3	sub-010;sub-036;sub-124	PCG64	20260814	replicate_major_Q0_to_Q1_then_Q1_to_Q2
948	Q0_to_Q1	Q0_all	0	2	sub-072;sub-082	PCG64	20260814	replicate_major_Q0_to_Q1_then_Q1_to_Q2
948	Q1_to_Q2	Q1_lenient	0	3	sub-022;sub-060;sub-064	PCG64	20260814	replicate_major_Q0_to_Q1_then_Q1_to_Q2
949	Q0_to_Q1	Q0_all	0	2	sub-064;sub-108	PCG64	20260814	replicate_major_Q0_to_Q1_then_Q1_to_Q2
949	Q1_to_Q2	Q1_lenient	0	3	sub-014;sub-084;sub-096	PCG64	20260814	replicate_major_Q0_to_Q1_then_Q1_to_Q2
950	Q0_to_Q1	Q0_all	0	2	sub-056;sub-104	PCG64	20260814	replicate_major_Q0_to_Q1_then_Q1_to_Q2
950	Q1_to_Q2	Q1_lenient	0	3	sub-040;sub-046;sub-094	PCG64	20260814	replicate_major_Q0_to_Q1_then_Q1_to_Q2
951	Q0_to_Q1	Q0_all	0	2	sub-010;sub-082	PCG64	20260814	replicate_major_Q0_to_Q1_then_Q1_to_Q2
951	Q1_to_Q2	Q1_lenient	0	3	sub-092;sub-094;sub-104	PCG64	20260814	replicate_major_Q0_to_Q1_then_Q1_to_Q2
952	Q0_to_Q1	Q0_all	0	2	sub-018;sub-038	PCG64	20260814	replicate_major_Q0_to_Q1_then_Q1_to_Q2
952	Q1_to_Q2	Q1_lenient	0	3	sub-054;sub-098;sub-102	PCG64	20260814	replicate_major_Q0_to_Q1_then_Q1_to_Q2
953	Q0_to_Q1	Q0_all	0	2	sub-036;sub-102	PCG64	20260814	replicate_major_Q0_to_Q1_then_Q1_to_Q2
953	Q1_to_Q2	Q1_lenient	0	3	sub-014;sub-018;sub-120	PCG64	20260814	replicate_major_Q0_to_Q1_then_Q1_to_Q2
954	Q0_to_Q1	Q0_all	0	2	sub-006;sub-088	PCG64	20260814	replicate_major_Q0_to_Q1_then_Q1_to_Q2
954	Q1_to_Q2	Q1_lenient	0	3	sub-104;sub-112;sub-124	PCG64	20260814	replicate_major_Q0_to_Q1_then_Q1_to_Q2
955	Q0_to_Q1	Q0_all	0	2	sub-050;sub-114	PCG64	20260814	replicate_major_Q0_to_Q1_then_Q1_to_Q2
955	Q1_to_Q2	Q1_lenient	0	3	sub-004;sub-050;sub-098	PCG64	20260814	replicate_major_Q0_to_Q1_then_Q1_to_Q2
956	Q0_to_Q1	Q0_all	0	2	sub-010;sub-120	PCG64	20260814	replicate_major_Q0_to_Q1_then_Q1_to_Q2
956	Q1_to_Q2	Q1_lenient	0	3	sub-040;sub-046;sub-118	PCG64	20260814	replicate_major_Q0_to_Q1_then_Q1_to_Q2
957	Q0_to_Q1	Q0_all	0	2	sub-014;sub-104	PCG64	20260814	replicate_major_Q0_to_Q1_then_Q1_to_Q2
957	Q1_to_Q2	Q1_lenient	0	3	sub-008;sub-062;sub-104	PCG64	20260814	replicate_major_Q0_to_Q1_then_Q1_to_Q2
958	Q0_to_Q1	Q0_all	0	2	sub-044;sub-102	PCG64	20260814	replicate_major_Q0_to_Q1_then_Q1_to_Q2
958	Q1_to_Q2	Q1_lenient	0	3	sub-020;sub-062;sub-064	PCG64	20260814	replicate_major_Q0_to_Q1_then_Q1_to_Q2
959	Q0_to_Q1	Q0_all	0	2	sub-010;sub-094	PCG64	20260814	replicate_major_Q0_to_Q1_then_Q1_to_Q2
959	Q1_to_Q2	Q1_lenient	0	3	sub-006;sub-058;sub-068	PCG64	20260814	replicate_major_Q0_to_Q1_then_Q1_to_Q2
960	Q0_to_Q1	Q0_all	0	2	sub-090;sub-124	PCG64	20260814	replicate_major_Q0_to_Q1_then_Q1_to_Q2
960	Q1_to_Q2	Q1_lenient	0	3	sub-074;sub-092;sub-104	PCG64	20260814	replicate_major_Q0_to_Q1_then_Q1_to_Q2
961	Q0_to_Q1	Q0_all	0	2	sub-074;sub-080	PCG64	20260814	replicate_major_Q0_to_Q1_then_Q1_to_Q2
961	Q1_to_Q2	Q1_lenient	0	3	sub-004;sub-070;sub-114	PCG64	20260814	replicate_major_Q0_to_Q1_then_Q1_to_Q2
962	Q0_to_Q1	Q0_all	0	2	sub-008;sub-076	PCG64	20260814	replicate_major_Q0_to_Q1_then_Q1_to_Q2
962	Q1_to_Q2	Q1_lenient	0	3	sub-062;sub-098;sub-110	PCG64	20260814	replicate_major_Q0_to_Q1_then_Q1_to_Q2
963	Q0_to_Q1	Q0_all	0	2	sub-024;sub-064	PCG64	20260814	replicate_major_Q0_to_Q1_then_Q1_to_Q2
963	Q1_to_Q2	Q1_lenient	0	3	sub-016;sub-072;sub-082	PCG64	20260814	replicate_major_Q0_to_Q1_then_Q1_to_Q2
964	Q0_to_Q1	Q0_all	0	2	sub-058;sub-066	PCG64	20260814	replicate_major_Q0_to_Q1_then_Q1_to_Q2
964	Q1_to_Q2	Q1_lenient	0	3	sub-036;sub-068;sub-104	PCG64	20260814	replicate_major_Q0_to_Q1_then_Q1_to_Q2
965	Q0_to_Q1	Q0_all	0	2	sub-060;sub-102	PCG64	20260814	replicate_major_Q0_to_Q1_then_Q1_to_Q2
965	Q1_to_Q2	Q1_lenient	0	3	sub-024;sub-052;sub-080	PCG64	20260814	replicate_major_Q0_to_Q1_then_Q1_to_Q2
966	Q0_to_Q1	Q0_all	0	2	sub-022;sub-044	PCG64	20260814	replicate_major_Q0_to_Q1_then_Q1_to_Q2
966	Q1_to_Q2	Q1_lenient	0	3	sub-102;sub-114;sub-118	PCG64	20260814	replicate_major_Q0_to_Q1_then_Q1_to_Q2
967	Q0_to_Q1	Q0_all	0	2	sub-062;sub-108	PCG64	20260814	replicate_major_Q0_to_Q1_then_Q1_to_Q2
967	Q1_to_Q2	Q1_lenient	0	3	sub-004;sub-026;sub-084	PCG64	20260814	replicate_major_Q0_to_Q1_then_Q1_to_Q2
968	Q0_to_Q1	Q0_all	0	2	sub-052;sub-114	PCG64	20260814	replicate_major_Q0_to_Q1_then_Q1_to_Q2
968	Q1_to_Q2	Q1_lenient	0	3	sub-056;sub-102;sub-106	PCG64	20260814	replicate_major_Q0_to_Q1_then_Q1_to_Q2
969	Q0_to_Q1	Q0_all	0	2	sub-010;sub-070	PCG64	20260814	replicate_major_Q0_to_Q1_then_Q1_to_Q2
969	Q1_to_Q2	Q1_lenient	0	3	sub-064;sub-068;sub-116	PCG64	20260814	replicate_major_Q0_to_Q1_then_Q1_to_Q2
970	Q0_to_Q1	Q0_all	0	2	sub-040;sub-108	PCG64	20260814	replicate_major_Q0_to_Q1_then_Q1_to_Q2
970	Q1_to_Q2	Q1_lenient	0	3	sub-018;sub-074;sub-104	PCG64	20260814	replicate_major_Q0_to_Q1_then_Q1_to_Q2
971	Q0_to_Q1	Q0_all	0	2	sub-074;sub-096	PCG64	20260814	replicate_major_Q0_to_Q1_then_Q1_to_Q2
971	Q1_to_Q2	Q1_lenient	0	3	sub-024;sub-050;sub-054	PCG64	20260814	replicate_major_Q0_to_Q1_then_Q1_to_Q2
972	Q0_to_Q1	Q0_all	0	2	sub-014;sub-090	PCG64	20260814	replicate_major_Q0_to_Q1_then_Q1_to_Q2
972	Q1_to_Q2	Q1_lenient	0	3	sub-008;sub-040;sub-058	PCG64	20260814	replicate_major_Q0_to_Q1_then_Q1_to_Q2
973	Q0_to_Q1	Q0_all	0	2	sub-020;sub-026	PCG64	20260814	replicate_major_Q0_to_Q1_then_Q1_to_Q2
973	Q1_to_Q2	Q1_lenient	0	3	sub-046;sub-070;sub-088	PCG64	20260814	replicate_major_Q0_to_Q1_then_Q1_to_Q2
974	Q0_to_Q1	Q0_all	0	2	sub-032;sub-110	PCG64	20260814	replicate_major_Q0_to_Q1_then_Q1_to_Q2
974	Q1_to_Q2	Q1_lenient	0	3	sub-074;sub-094;sub-108	PCG64	20260814	replicate_major_Q0_to_Q1_then_Q1_to_Q2
975	Q0_to_Q1	Q0_all	0	2	sub-056;sub-120	PCG64	20260814	replicate_major_Q0_to_Q1_then_Q1_to_Q2
975	Q1_to_Q2	Q1_lenient	0	3	sub-002;sub-024;sub-050	PCG64	20260814	replicate_major_Q0_to_Q1_then_Q1_to_Q2
976	Q0_to_Q1	Q0_all	0	2	sub-030;sub-106	PCG64	20260814	replicate_major_Q0_to_Q1_then_Q1_to_Q2
976	Q1_to_Q2	Q1_lenient	0	3	sub-004;sub-070;sub-090	PCG64	20260814	replicate_major_Q0_to_Q1_then_Q1_to_Q2
977	Q0_to_Q1	Q0_all	0	2	sub-066;sub-112	PCG64	20260814	replicate_major_Q0_to_Q1_then_Q1_to_Q2
977	Q1_to_Q2	Q1_lenient	0	3	sub-016;sub-074;sub-104	PCG64	20260814	replicate_major_Q0_to_Q1_then_Q1_to_Q2
978	Q0_to_Q1	Q0_all	0	2	sub-014;sub-098	PCG64	20260814	replicate_major_Q0_to_Q1_then_Q1_to_Q2
978	Q1_to_Q2	Q1_lenient	0	3	sub-006;sub-056;sub-082	PCG64	20260814	replicate_major_Q0_to_Q1_then_Q1_to_Q2
979	Q0_to_Q1	Q0_all	0	2	sub-018;sub-116	PCG64	20260814	replicate_major_Q0_to_Q1_then_Q1_to_Q2
979	Q1_to_Q2	Q1_lenient	0	3	sub-088;sub-092;sub-098	PCG64	20260814	replicate_major_Q0_to_Q1_then_Q1_to_Q2
980	Q0_to_Q1	Q0_all	0	2	sub-112;sub-116	PCG64	20260814	replicate_major_Q0_to_Q1_then_Q1_to_Q2
980	Q1_to_Q2	Q1_lenient	0	3	sub-002;sub-092;sub-116	PCG64	20260814	replicate_major_Q0_to_Q1_then_Q1_to_Q2
981	Q0_to_Q1	Q0_all	0	2	sub-008;sub-062	PCG64	20260814	replicate_major_Q0_to_Q1_then_Q1_to_Q2
981	Q1_to_Q2	Q1_lenient	0	3	sub-016;sub-068;sub-104	PCG64	20260814	replicate_major_Q0_to_Q1_then_Q1_to_Q2
982	Q0_to_Q1	Q0_all	0	2	sub-084;sub-090	PCG64	20260814	replicate_major_Q0_to_Q1_then_Q1_to_Q2
982	Q1_to_Q2	Q1_lenient	0	3	sub-006;sub-036;sub-118	PCG64	20260814	replicate_major_Q0_to_Q1_then_Q1_to_Q2
983	Q0_to_Q1	Q0_all	0	2	sub-036;sub-058	PCG64	20260814	replicate_major_Q0_to_Q1_then_Q1_to_Q2
983	Q1_to_Q2	Q1_lenient	0	3	sub-064;sub-114;sub-124	PCG64	20260814	replicate_major_Q0_to_Q1_then_Q1_to_Q2
984	Q0_to_Q1	Q0_all	0	2	sub-036;sub-068	PCG64	20260814	replicate_major_Q0_to_Q1_then_Q1_to_Q2
984	Q1_to_Q2	Q1_lenient	0	3	sub-002;sub-088;sub-114	PCG64	20260814	replicate_major_Q0_to_Q1_then_Q1_to_Q2
985	Q0_to_Q1	Q0_all	0	2	sub-060;sub-062	PCG64	20260814	replicate_major_Q0_to_Q1_then_Q1_to_Q2
985	Q1_to_Q2	Q1_lenient	0	3	sub-022;sub-082;sub-088	PCG64	20260814	replicate_major_Q0_to_Q1_then_Q1_to_Q2
986	Q0_to_Q1	Q0_all	0	2	sub-002;sub-088	PCG64	20260814	replicate_major_Q0_to_Q1_then_Q1_to_Q2
986	Q1_to_Q2	Q1_lenient	0	3	sub-070;sub-074;sub-096	PCG64	20260814	replicate_major_Q0_to_Q1_then_Q1_to_Q2
987	Q0_to_Q1	Q0_all	0	2	sub-024;sub-112	PCG64	20260814	replicate_major_Q0_to_Q1_then_Q1_to_Q2
987	Q1_to_Q2	Q1_lenient	0	3	sub-018;sub-084;sub-096	PCG64	20260814	replicate_major_Q0_to_Q1_then_Q1_to_Q2
988	Q0_to_Q1	Q0_all	0	2	sub-108;sub-112	PCG64	20260814	replicate_major_Q0_to_Q1_then_Q1_to_Q2
988	Q1_to_Q2	Q1_lenient	0	3	sub-014;sub-016;sub-096	PCG64	20260814	replicate_major_Q0_to_Q1_then_Q1_to_Q2
989	Q0_to_Q1	Q0_all	0	2	sub-072;sub-106	PCG64	20260814	replicate_major_Q0_to_Q1_then_Q1_to_Q2
989	Q1_to_Q2	Q1_lenient	0	3	sub-016;sub-040;sub-060	PCG64	20260814	replicate_major_Q0_to_Q1_then_Q1_to_Q2
990	Q0_to_Q1	Q0_all	0	2	sub-040;sub-116	PCG64	20260814	replicate_major_Q0_to_Q1_then_Q1_to_Q2
990	Q1_to_Q2	Q1_lenient	0	3	sub-038;sub-056;sub-088	PCG64	20260814	replicate_major_Q0_to_Q1_then_Q1_to_Q2
991	Q0_to_Q1	Q0_all	0	2	sub-056;sub-074	PCG64	20260814	replicate_major_Q0_to_Q1_then_Q1_to_Q2
991	Q1_to_Q2	Q1_lenient	0	3	sub-022;sub-068;sub-096	PCG64	20260814	replicate_major_Q0_to_Q1_then_Q1_to_Q2
992	Q0_to_Q1	Q0_all	0	2	sub-002;sub-036	PCG64	20260814	replicate_major_Q0_to_Q1_then_Q1_to_Q2
992	Q1_to_Q2	Q1_lenient	0	3	sub-016;sub-068;sub-072	PCG64	20260814	replicate_major_Q0_to_Q1_then_Q1_to_Q2
993	Q0_to_Q1	Q0_all	0	2	sub-046;sub-096	PCG64	20260814	replicate_major_Q0_to_Q1_then_Q1_to_Q2
993	Q1_to_Q2	Q1_lenient	0	3	sub-006;sub-044;sub-098	PCG64	20260814	replicate_major_Q0_to_Q1_then_Q1_to_Q2
994	Q0_to_Q1	Q0_all	0	2	sub-030;sub-038	PCG64	20260814	replicate_major_Q0_to_Q1_then_Q1_to_Q2
994	Q1_to_Q2	Q1_lenient	0	3	sub-032;sub-058;sub-096	PCG64	20260814	replicate_major_Q0_to_Q1_then_Q1_to_Q2
995	Q0_to_Q1	Q0_all	0	2	sub-004;sub-070	PCG64	20260814	replicate_major_Q0_to_Q1_then_Q1_to_Q2
995	Q1_to_Q2	Q1_lenient	0	3	sub-038;sub-084;sub-106	PCG64	20260814	replicate_major_Q0_to_Q1_then_Q1_to_Q2
996	Q0_to_Q1	Q0_all	0	2	sub-094;sub-102	PCG64	20260814	replicate_major_Q0_to_Q1_then_Q1_to_Q2
996	Q1_to_Q2	Q1_lenient	0	3	sub-070;sub-104;sub-110	PCG64	20260814	replicate_major_Q0_to_Q1_then_Q1_to_Q2
997	Q0_to_Q1	Q0_all	0	2	sub-074;sub-106	PCG64	20260814	replicate_major_Q0_to_Q1_then_Q1_to_Q2
997	Q1_to_Q2	Q1_lenient	0	3	sub-014;sub-020;sub-058	PCG64	20260814	replicate_major_Q0_to_Q1_then_Q1_to_Q2
998	Q0_to_Q1	Q0_all	0	2	sub-044;sub-076	PCG64	20260814	replicate_major_Q0_to_Q1_then_Q1_to_Q2
998	Q1_to_Q2	Q1_lenient	0	3	sub-032;sub-046;sub-120	PCG64	20260814	replicate_major_Q0_to_Q1_then_Q1_to_Q2
999	Q0_to_Q1	Q0_all	0	2	sub-008;sub-118	PCG64	20260814	replicate_major_Q0_to_Q1_then_Q1_to_Q2
999	Q1_to_Q2	Q1_lenient	0	3	sub-002;sub-026;sub-036	PCG64	20260814	replicate_major_Q0_to_Q1_then_Q1_to_Q2
1000	Q0_to_Q1	Q0_all	0	2	sub-010;sub-104	PCG64	20260814	replicate_major_Q0_to_Q1_then_Q1_to_Q2
1000	Q1_to_Q2	Q1_lenient	0	3	sub-044;sub-072;sub-082	PCG64	20260814	replicate_major_Q0_to_Q1_then_Q1_to_Q2
