record_type	contrast	confound	qc	smoothing	n_subjects	df	fdr_rejected_voxels	fdr_rejected_proportion	fdr_positive_voxels	fdr_negative_voxels	fdr_any_rejection	cell_a	cell_b	differing_axes	n_differing_axes	pearson_r	pearson_r_ci_lower	pearson_r_ci_upper	cosine_similarity	cosine_similarity_ci_lower	cosine_similarity_ci_upper	normalized_rms_difference	normalized_rms_difference_ci_lower	normalized_rms_difference_ci_upper	sign_agreement	fdr_jaccard	bootstrap_replicates	bootstrap_seed	notes
cell_bh_fdr_summary	gain_demean	C0	Q0_all	S0	108.0	106.0	18.0	8.140523526112991e-05	6.0	12.0	True																		BH-FDR q<=0.05 is secondary; threshold is not a factor
cell_bh_fdr_summary	gain_demean	C0	Q1_lenient	S0	106.0	104.0	22.0	9.9495287541381e-05	8.0	14.0	True																		BH-FDR q<=0.05 is secondary; threshold is not a factor
cell_bh_fdr_summary	gain_demean	C0	Q2_strict	S0	103.0	101.0	24.0	0.00010854031368150654	10.0	14.0	True																		BH-FDR q<=0.05 is secondary; threshold is not a factor
cell_bh_fdr_summary	gain_demean	C0	Q0_all	S1	108.0	106.0	9128.0	0.04128149930353299	3262.0	5866.0	True																		BH-FDR q<=0.05 is secondary; threshold is not a factor
cell_bh_fdr_summary	gain_demean	C0	Q1_lenient	S1	106.0	104.0	9844.0	0.04451961866169793	4043.0	5801.0	True																		BH-FDR q<=0.05 is secondary; threshold is not a factor
cell_bh_fdr_summary	gain_demean	C0	Q2_strict	S1	103.0	101.0	12358.0	0.05588921651983574	3769.0	8589.0	True																		BH-FDR q<=0.05 is secondary; threshold is not a factor
cell_bh_fdr_summary	gain_demean	C0	Q0_all	S2	108.0	106.0	20005.0	0.09047287396660576	5458.0	14547.0	True																		BH-FDR q<=0.05 is secondary; threshold is not a factor
cell_bh_fdr_summary	gain_demean	C0	Q1_lenient	S2	106.0	104.0	20719.0	0.09370194829863059	6834.0	13885.0	True																		BH-FDR q<=0.05 is secondary; threshold is not a factor
cell_bh_fdr_summary	gain_demean	C0	Q2_strict	S2	103.0	101.0	25995.0	0.11756272725628177	6090.0	19905.0	True																		BH-FDR q<=0.05 is secondary; threshold is not a factor
cell_bh_fdr_summary	gain_demean	C1	Q0_all	S0	108.0	106.0	20.0	9.045026140125545e-05	6.0	14.0	True																		BH-FDR q<=0.05 is secondary; threshold is not a factor
cell_bh_fdr_summary	gain_demean	C1	Q1_lenient	S0	106.0	104.0	14.0	6.331518298087882e-05	8.0	6.0	True																		BH-FDR q<=0.05 is secondary; threshold is not a factor
cell_bh_fdr_summary	gain_demean	C1	Q2_strict	S0	103.0	101.0	19.0	8.592774833119267e-05	7.0	12.0	True																		BH-FDR q<=0.05 is secondary; threshold is not a factor
cell_bh_fdr_summary	gain_demean	C1	Q0_all	S1	108.0	106.0	8934.0	0.04040413176794081	3431.0	5503.0	True																		BH-FDR q<=0.05 is secondary; threshold is not a factor
cell_bh_fdr_summary	gain_demean	C1	Q1_lenient	S1	106.0	104.0	9811.0	0.04437037573038586	4747.0	5064.0	True																		BH-FDR q<=0.05 is secondary; threshold is not a factor
cell_bh_fdr_summary	gain_demean	C1	Q2_strict	S1	103.0	101.0	10998.0	0.049738598744550375	4457.0	6541.0	True																		BH-FDR q<=0.05 is secondary; threshold is not a factor
cell_bh_fdr_summary	gain_demean	C1	Q0_all	S2	108.0	106.0	19238.0	0.08700410644186762	6029.0	13209.0	True																		BH-FDR q<=0.05 is secondary; threshold is not a factor
cell_bh_fdr_summary	gain_demean	C1	Q1_lenient	S2	106.0	104.0	20396.0	0.0922411765770003	8626.0	11770.0	True																		BH-FDR q<=0.05 is secondary; threshold is not a factor
cell_bh_fdr_summary	gain_demean	C1	Q2_strict	S2	103.0	101.0	22441.0	0.10148971580527867	7708.0	14733.0	True																		BH-FDR q<=0.05 is secondary; threshold is not a factor
cell_bh_fdr_summary	gain_demean	C2	Q0_all	S0	108.0	106.0	32.0	0.00014472041824200872	8.0	24.0	True																		BH-FDR q<=0.05 is secondary; threshold is not a factor
cell_bh_fdr_summary	gain_demean	C2	Q1_lenient	S0	106.0	104.0	43.0	0.00019446806201269922	15.0	28.0	True																		BH-FDR q<=0.05 is secondary; threshold is not a factor
cell_bh_fdr_summary	gain_demean	C2	Q2_strict	S0	103.0	101.0	56.0	0.0002532607319235153	22.0	34.0	True																		BH-FDR q<=0.05 is secondary; threshold is not a factor
cell_bh_fdr_summary	gain_demean	C2	Q0_all	S1	108.0	106.0	11839.0	0.053542032236473164	4584.0	7255.0	True																		BH-FDR q<=0.05 is secondary; threshold is not a factor
cell_bh_fdr_summary	gain_demean	C2	Q1_lenient	S1	106.0	104.0	13105.0	0.059267533783172635	6455.0	6650.0	True																		BH-FDR q<=0.05 is secondary; threshold is not a factor
cell_bh_fdr_summary	gain_demean	C2	Q2_strict	S1	103.0	101.0	14139.0	0.06394381229761754	6023.0	8116.0	True																		BH-FDR q<=0.05 is secondary; threshold is not a factor
cell_bh_fdr_summary	gain_demean	C2	Q0_all	S2	108.0	106.0	24799.0	0.1121538016244867	8261.0	16538.0	True																		BH-FDR q<=0.05 is secondary; threshold is not a factor
cell_bh_fdr_summary	gain_demean	C2	Q1_lenient	S2	106.0	104.0	27130.0	0.12269577959080302	12161.0	14969.0	True																		BH-FDR q<=0.05 is secondary; threshold is not a factor
cell_bh_fdr_summary	gain_demean	C2	Q2_strict	S2	103.0	101.0	29721.0	0.13441361095533566	10961.0	18760.0	True																		BH-FDR q<=0.05 is secondary; threshold is not a factor
cell_bh_fdr_summary	loss_demean	C0	Q0_all	S0	108.0	106.0	33.0	0.0001492429313120715	0.0	33.0	True																		BH-FDR q<=0.05 is secondary; threshold is not a factor
cell_bh_fdr_summary	loss_demean	C0	Q1_lenient	S0	106.0	104.0	29.0	0.0001311528790318204	0.0	29.0	True																		BH-FDR q<=0.05 is secondary; threshold is not a factor
cell_bh_fdr_summary	loss_demean	C0	Q2_strict	S0	103.0	101.0	27.0	0.00012210785289169487	0.0	27.0	True																		BH-FDR q<=0.05 is secondary; threshold is not a factor
cell_bh_fdr_summary	loss_demean	C0	Q0_all	S1	108.0	106.0	7157.0	0.032367626042439264	165.0	6992.0	True																		BH-FDR q<=0.05 is secondary; threshold is not a factor
cell_bh_fdr_summary	loss_demean	C0	Q1_lenient	S1	106.0	104.0	5038.0	0.02278442084697625	207.0	4831.0	True																		BH-FDR q<=0.05 is secondary; threshold is not a factor
cell_bh_fdr_summary	loss_demean	C0	Q2_strict	S1	103.0	101.0	3709.0	0.016774000976862824	153.0	3556.0	True																		BH-FDR q<=0.05 is secondary; threshold is not a factor
cell_bh_fdr_summary	loss_demean	C0	Q0_all	S2	108.0	106.0	19454.0	0.08798096926500118	397.0	19057.0	True																		BH-FDR q<=0.05 is secondary; threshold is not a factor
cell_bh_fdr_summary	loss_demean	C0	Q1_lenient	S2	106.0	104.0	15069.0	0.06814974945277592	917.0	14152.0	True																		BH-FDR q<=0.05 is secondary; threshold is not a factor
cell_bh_fdr_summary	loss_demean	C0	Q2_strict	S2	103.0	101.0	12032.0	0.05441487725899528	794.0	11238.0	True																		BH-FDR q<=0.05 is secondary; threshold is not a factor
cell_bh_fdr_summary	loss_demean	C1	Q0_all	S0	108.0	106.0	21.0	9.497277447131822e-05	0.0	21.0	True																		BH-FDR q<=0.05 is secondary; threshold is not a factor
cell_bh_fdr_summary	loss_demean	C1	Q1_lenient	S0	106.0	104.0	21.0	9.497277447131822e-05	0.0	21.0	True																		BH-FDR q<=0.05 is secondary; threshold is not a factor
cell_bh_fdr_summary	loss_demean	C1	Q2_strict	S0	103.0	101.0	25.0	0.00011306282675156931	0.0	25.0	True																		BH-FDR q<=0.05 is secondary; threshold is not a factor
cell_bh_fdr_summary	loss_demean	C1	Q0_all	S1	108.0	106.0	6611.0	0.029898333906184987	172.0	6439.0	True																		BH-FDR q<=0.05 is secondary; threshold is not a factor
cell_bh_fdr_summary	loss_demean	C1	Q1_lenient	S1	106.0	104.0	6052.0	0.027370249100019898	171.0	5881.0	True																		BH-FDR q<=0.05 is secondary; threshold is not a factor
cell_bh_fdr_summary	loss_demean	C1	Q2_strict	S1	103.0	101.0	4912.0	0.022214584200148338	153.0	4759.0	True																		BH-FDR q<=0.05 is secondary; threshold is not a factor
cell_bh_fdr_summary	loss_demean	C1	Q0_all	S2	108.0	106.0	20029.0	0.09058141428028726	460.0	19569.0	True																		BH-FDR q<=0.05 is secondary; threshold is not a factor
cell_bh_fdr_summary	loss_demean	C1	Q1_lenient	S2	106.0	104.0	18634.0	0.0842725085475497	595.0	18039.0	True																		BH-FDR q<=0.05 is secondary; threshold is not a factor
cell_bh_fdr_summary	loss_demean	C1	Q2_strict	S2	103.0	101.0	16091.0	0.07277175781038007	605.0	15486.0	True																		BH-FDR q<=0.05 is secondary; threshold is not a factor
cell_bh_fdr_summary	loss_demean	C2	Q0_all	S0	108.0	106.0	12.0	5.427015684075327e-05	0.0	12.0	True																		BH-FDR q<=0.05 is secondary; threshold is not a factor
cell_bh_fdr_summary	loss_demean	C2	Q1_lenient	S0	106.0	104.0	15.0	6.783769605094158e-05	0.0	15.0	True																		BH-FDR q<=0.05 is secondary; threshold is not a factor
cell_bh_fdr_summary	loss_demean	C2	Q2_strict	S0	103.0	101.0	17.0	7.688272219106713e-05	0.0	17.0	True																		BH-FDR q<=0.05 is secondary; threshold is not a factor
cell_bh_fdr_summary	loss_demean	C2	Q0_all	S1	108.0	106.0	4131.0	0.018682501492429313	223.0	3908.0	True																		BH-FDR q<=0.05 is secondary; threshold is not a factor
cell_bh_fdr_summary	loss_demean	C2	Q1_lenient	S1	106.0	104.0	3687.0	0.016674505689321443	317.0	3370.0	True																		BH-FDR q<=0.05 is secondary; threshold is not a factor
cell_bh_fdr_summary	loss_demean	C2	Q2_strict	S1	103.0	101.0	3198.0	0.014462996798060746	290.0	2908.0	True																		BH-FDR q<=0.05 is secondary; threshold is not a factor
cell_bh_fdr_summary	loss_demean	C2	Q0_all	S2	108.0	106.0	15472.0	0.06997232222001122	610.0	14862.0	True																		BH-FDR q<=0.05 is secondary; threshold is not a factor
cell_bh_fdr_summary	loss_demean	C2	Q1_lenient	S2	106.0	104.0	14111.0	0.06381718193165578	1243.0	12868.0	True																		BH-FDR q<=0.05 is secondary; threshold is not a factor
cell_bh_fdr_summary	loss_demean	C2	Q2_strict	S2	103.0	101.0	12535.0	0.05668970133323685	1177.0	11358.0	True																		BH-FDR q<=0.05 is secondary; threshold is not a factor
pairwise_cell_stability	gain_demean											C0/Q0/S0	C0/Q1/S0	Q	1.0	0.9686391464216833	0.8474439909282068	0.999650862827412	0.9686807751295315	0.8468102464979429	0.9996512658398904	0.25001911382521314	0.02676814418972489	0.5344292572673356	0.9248720128801172	0.8181818181818182	2000.0	20260815.0	sign agreement and FDR Jaccard are descriptive
pairwise_cell_stability	gain_demean											C0/Q0/S0	C0/Q2/S0	Q	1.0	0.9425230942212276	0.7937282677206886	0.9948469690430302	0.9427968009445045	0.7947893745591801	0.9948870733581195	0.3407726930980494	0.10514200576731295	0.6287390425571667	0.8954756779247092	0.4482758620689655	2000.0	20260815.0	sign agreement and FDR Jaccard are descriptive
pairwise_cell_stability	gain_demean											C0/Q0/S0	C0/Q0/S1	S	1.0	0.6005182005016545	0.5586102261632342	0.5958422304244351	0.6020163978240697	0.5585577597735414	0.6012347463493659	0.8226668712182745	0.825512856753393	0.8609307685833312	0.7189167676694586	0.001971954425942156	2000.0	20260815.0	sign agreement and FDR Jaccard are descriptive
pairwise_cell_stability	gain_demean											C0/Q0/S0	C0/Q1/S1	Q:S	2.0	0.5871092614939799	0.4887715443028453	0.5926072921011077	0.5900053803123633	0.49210785755149117	0.5991307406357886	0.8281740420985031	0.8263069681962614	0.8893417037004594	0.7133088514625807	0.0018285249898415277	2000.0	20260815.0	sign agreement and FDR Jaccard are descriptive
pairwise_cell_stability	gain_demean											C0/Q0/S0	C0/Q2/S1	Q:S	2.0	0.5777367909863821	0.46526575933705583	0.5891192450630099	0.578761029912179	0.46684584880956986	0.5931032445246017	0.8313243686552819	0.8267971526664943	0.8950722921832267	0.7075833499158812	0.0014565463667260074	2000.0	20260815.0	sign agreement and FDR Jaccard are descriptive
pairwise_cell_stability	gain_demean											C0/Q0/S0	C0/Q0/S2	S	1.0	0.4388779725318118	0.3582994784255276	0.42623670252975243	0.44276161337085396	0.36075426054016163	0.43773684203368857	0.9041437648164016	0.9070477080604616	0.9399131881735459	0.6540458401924781	0.0008497450764770568	2000.0	20260815.0	sign agreement and FDR Jaccard are descriptive
pairwise_cell_stability	gain_demean											C0/Q0/S0	C0/Q1/S2	Q:S	2.0	0.4328115292608109	0.3299279385762292	0.4238303101032032	0.4379239908784855	0.3345505103275344	0.4357528816908789	0.9059274251102208	0.9082711331785998	0.9474969692532283	0.6521418621899817	0.0008687677976736329	2000.0	20260815.0	sign agreement and FDR Jaccard are descriptive
pairwise_cell_stability	gain_demean											C0/Q0/S0	C0/Q2/S2	Q:S	2.0	0.42746069316266233	0.31496435459592	0.4193021127429525	0.4312132842500269	0.31799966604129226	0.4315271385612563	0.9071061657976692	0.9083704778633944	0.9510587339217631	0.6505544601023897	0.0006924408540103866	2000.0	20260815.0	sign agreement and FDR Jaccard are descriptive
pairwise_cell_stability	gain_demean											C0/Q0/S0	C1/Q0/S0	C	1.0	0.9508573212688587	0.9331443933618403	0.9579623077755526	0.9509944570515858	0.9328527197197101	0.9579789864881221	0.31364686103516154	0.2915563220595024	0.36479212742091593	0.9060357459433058	0.46153846153846156	2000.0	20260815.0	sign agreement and FDR Jaccard are descriptive
pairwise_cell_stability	gain_demean											C0/Q0/S0	C1/Q1/S0	C:Q	2.0	0.923466453137515	0.8042175416939261	0.9550773410930765	0.9225987638393914	0.8027498592970007	0.9549439649865905	0.3935403530748721	0.3033040338306065	0.6082917230818758	0.8800177282512347	0.391304347826087	2000.0	20260815.0	sign agreement and FDR Jaccard are descriptive
pairwise_cell_stability	gain_demean											C0/Q0/S0	C1/Q2/S0	C:Q	2.0	0.9008312079770836	0.752089483970843	0.9496684266615407	0.9005964281511745	0.7506596925395226	0.9494959021297905	0.4503470727684373	0.32597877009431525	0.68192005651474	0.862461332513251	0.37037037037037035	2000.0	20260815.0	sign agreement and FDR Jaccard are descriptive
pairwise_cell_stability	gain_demean											C0/Q0/S0	C1/Q0/S1	C:S	2.0	0.5855625196427361	0.5353982548451454	0.5815802003752636	0.5884544885931822	0.5344288121241425	0.5890105724841215	0.8291575689278683	0.832714663810762	0.8698409091374442	0.7139465258054596	0.0020147750167897917	2000.0	20260815.0	sign agreement and FDR Jaccard are descriptive
pairwise_cell_stability	gain_demean											C0/Q0/S0	C1/Q1/S1	C:Q:S	3.0	0.5738609332926455	0.4745221878872717	0.578888304341998	0.5759119786734155	0.4749131505661752	0.5869003474182519	0.8351300678634385	0.8345595998299536	0.8942582792454014	0.7086551855134862	0.0018346753643869126	2000.0	20260815.0	sign agreement and FDR Jaccard are descriptive
pairwise_cell_stability	gain_demean											C0/Q0/S0	C1/Q2/S1	C:Q:S	3.0	0.5672663045022057	0.45313607566731834	0.5758102599122956	0.5702574973174793	0.4545511010341457	0.5838361562677772	0.8366548311807661	0.8342468851153366	0.9007701000148912	0.7052406881455887	0.0016366612111292963	2000.0	20260815.0	sign agreement and FDR Jaccard are descriptive
pairwise_cell_stability	gain_demean											C0/Q0/S0	C1/Q0/S2	C:S	2.0	0.43291644693761044	0.3495965245232023	0.42039560990856817	0.43793719232447725	0.3491249695578641	0.4325235455190352	0.905851622994029	0.9096765382664268	0.9431838263484311	0.6529197344380325	0.0009356481962781994	2000.0	20260815.0	sign agreement and FDR Jaccard are descriptive
pairwise_cell_stability	gain_demean											C0/Q0/S0	C1/Q1/S2	C:Q:S	3.0	0.427880948952098	0.3239365964352971	0.41792748780311073	0.4312976907520476	0.32505422071526285	0.42942329496826	0.9083650471307627	0.911379271986334	0.9497487780530923	0.6505499375893197	0.0008825259854873505	2000.0	20260815.0	sign agreement and FDR Jaccard are descriptive
pairwise_cell_stability	gain_demean											C0/Q0/S0	C1/Q2/S2	C:Q:S	3.0	0.4240337081157751	0.3105329553004697	0.41427074944948794	0.42879412122627997	0.31427747801355627	0.4279881591776789	0.9086071566813817	0.9110311620149343	0.9521621548121945	0.6494781019917147	0.0008021032930796311	2000.0	20260815.0	sign agreement and FDR Jaccard are descriptive
pairwise_cell_stability	gain_demean											C0/Q0/S0	C2/Q0/S0	C	1.0	0.8977213468786263	0.8637232253575797	0.9121208076760785	0.8980450400691845	0.8627704907635073	0.9117878748519282	0.44641885324692065	0.41746946687856146	0.5130357129966086	0.875142459161707	0.35135135135135137	2000.0	20260815.0	sign agreement and FDR Jaccard are descriptive
pairwise_cell_stability	gain_demean											C0/Q0/S0	C2/Q1/S0	C:Q	2.0	0.8729264071654609	0.7541866118786641	0.9072520667717082	0.871789229382969	0.7539225190113149	0.9064531844072259	0.4991506689388635	0.430282290831295	0.6676501033887156	0.8553655095063225	0.2978723404255319	2000.0	20260815.0	sign agreement and FDR Jaccard are descriptive
pairwise_cell_stability	gain_demean											C0/Q0/S0	C2/Q2/S0	C:Q	2.0	0.8513107650009875	0.7079326968255898	0.9011669750072154	0.850875081985397	0.7086664975061017	0.9007475110076194	0.5425525823465116	0.448050186688108	0.7325853686298323	0.8408844226559815	0.23333333333333334	2000.0	20260815.0	sign agreement and FDR Jaccard are descriptive
pairwise_cell_stability	gain_demean											C0/Q0/S0	C2/Q0/S1	C:S	2.0	0.5625926572346697	0.5047969056042213	0.5592284221665541	0.5659102317733433	0.500382552074172	0.5685314145269114	0.8405838304660783	0.8444648418665632	0.8833820974250961	0.7092431122125943	0.001520398682321142	2000.0	20260815.0	sign agreement and FDR Jaccard are descriptive
pairwise_cell_stability	gain_demean											C0/Q0/S0	C2/Q1/S1	C:Q:S	3.0	0.5532476684107518	0.45380983599989094	0.5570818068287328	0.5545310787413567	0.4550247597478637	0.5633941783845046	0.8459895407027406	0.847299376736954	0.9021930856096483	0.7046663289856908	0.0013735215566577643	2000.0	20260815.0	sign agreement and FDR Jaccard are descriptive
pairwise_cell_stability	gain_demean											C0/Q0/S0	C2/Q2/S1	C:Q:S	3.0	0.5464433683673795	0.43342041307653495	0.554469861693819	0.5491947861310391	0.4341106124233451	0.562267514624803	0.8476983316831032	0.8464925680695995	0.9090574784251891	0.7017538305685703	0.001273074474856779	2000.0	20260815.0	sign agreement and FDR Jaccard are descriptive
pairwise_cell_stability	gain_demean											C0/Q0/S0	C2/Q0/S2	C:S	2.0	0.4238001537588679	0.33611394427430535	0.4102885219449299	0.4290858117678621	0.33365138503543224	0.42463567948734215	0.9091148701083912	0.9138218174937428	0.9473095476304564	0.6508031983212431	0.000725835719182225	2000.0	20260815.0	sign agreement and FDR Jaccard are descriptive
pairwise_cell_stability	gain_demean											C0/Q0/S0	C2/Q1/S2	C:Q:S	3.0	0.41988911496174425	0.3157203684005415	0.4085570697792499	0.4221700759745992	0.31407830879625104	0.4195220567927727	0.9115998333613021	0.915432112145408	0.9529658001309449	0.6480399428354348	0.0006634721710283819	2000.0	20260815.0	sign agreement and FDR Jaccard are descriptive
pairwise_cell_stability	gain_demean											C0/Q0/S0	C2/Q2/S2	C:Q:S	3.0	0.41643851626257244	0.30274380021187375	0.40668082118420834	0.4209347227585243	0.3047097914576975	0.41924723628414184	0.9116356820998182	0.9148627546995408	0.9550769019907643	0.6466967564536261	0.0006056323811446452	2000.0	20260815.0	sign agreement and FDR Jaccard are descriptive
pairwise_cell_stability	gain_demean											C0/Q1/S0	C0/Q2/S0	Q	1.0	0.970908819908366	0.8678460657273558	0.9989839462905202	0.9706504588631695	0.8662698530815781	0.9989983403529995	0.2441404958765997	0.04539436646328535	0.508581391123718	0.9258398306771106	0.5333333333333333	2000.0	20260815.0	sign agreement and FDR Jaccard are descriptive
pairwise_cell_stability	gain_demean											C0/Q1/S0	C0/Q0/S1	Q:S	2.0	0.5950559059241785	0.5071352064060718	0.5946764166406288	0.5945231707049649	0.5055348005162047	0.5989157797966983	0.8243804109541822	0.7816000374355869	0.874167023498559	0.7172615278858155	0.0024101665205959683	2000.0	20260815.0	sign agreement and FDR Jaccard are descriptive
pairwise_cell_stability	gain_demean											C0/Q1/S0	C0/Q1/S1	S	1.0	0.605423007667522	0.5631366859996026	0.5993609992944658	0.6065244946513794	0.5631976052010097	0.6029899069350888	0.818084353304445	0.76087585551188	0.8695772824824455	0.7219558964525408	0.0022348638764729785	2000.0	20260815.0	sign agreement and FDR Jaccard are descriptive
pairwise_cell_stability	gain_demean											C0/Q1/S0	C0/Q2/S1	Q:S	2.0	0.5936110999918165	0.5107526032741312	0.5950816973990537	0.5917767760040741	0.5045964975142359	0.5981522882293101	0.822820262648513	0.7622849979477947	0.8875314991843193	0.7152535320827077	0.0017802233371095647	2000.0	20260815.0	sign agreement and FDR Jaccard are descriptive
pairwise_cell_stability	gain_demean											C0/Q1/S0	C0/Q0/S2	Q:S	2.0	0.439906838599813	0.3424803166667142	0.4275754753158945	0.44080160360555154	0.33899021155060355	0.4362476545429094	0.9028362389746041	0.843635223321614	0.9524133503147599	0.6555563595578792	0.0010496850944716584	2000.0	20260815.0	sign agreement and FDR Jaccard are descriptive
pairwise_cell_stability	gain_demean											C0/Q1/S0	C0/Q1/S2	S	1.0	0.4461719387349294	0.36513596192592884	0.4294336575628394	0.4489303799985837	0.3663943639165848	0.4397839194786833	0.899939998879318	0.8349812012388312	0.95054195435753	0.6586542810108721	0.0010618273082677735	2000.0	20260815.0	sign agreement and FDR Jaccard are descriptive
pairwise_cell_stability	gain_demean											C0/Q1/S0	C0/Q2/S2	Q:S	2.0	0.4392494843315483	0.34420778624394455	0.425715444425387	0.43942468338564994	0.33969147964960134	0.4362861012524561	0.9020395116914601	0.835360487670945	0.955574787286658	0.6564699071980318	0.0008463165993460281	2000.0	20260815.0	sign agreement and FDR Jaccard are descriptive
pairwise_cell_stability	gain_demean											C0/Q1/S0	C1/Q0/S0	C:Q	2.0	0.9228676538040472	0.8041996985140661	0.9549431021102366	0.9231486442143028	0.802804851737759	0.9548229958922736	0.3923726772958018	0.30294823443062774	0.6069559124741652	0.8815960853126865	0.4	2000.0	20260815.0	sign agreement and FDR Jaccard are descriptive
pairwise_cell_stability	gain_demean											C0/Q1/S0	C1/Q1/S0	C	1.0	0.9524907101964103	0.9339801409417025	0.9591593607604725	0.9520545843842732	0.9330644282019518	0.9590186783194493	0.30941455750732844	0.27781570882352313	0.3671093320505949	0.9073789323251145	0.38461538461538464	2000.0	20260815.0	sign agreement and FDR Jaccard are descriptive
pairwise_cell_stability	gain_demean											C0/Q1/S0	C1/Q2/S0	C:Q	2.0	0.9278670107468858	0.8284265750419936	0.9555643652559754	0.9278533521314678	0.8270873692621867	0.9554745961161091	0.383488740036886	0.29830816498790613	0.5831161384693596	0.8835181533674632	0.41379310344827586	2000.0	20260815.0	sign agreement and FDR Jaccard are descriptive
pairwise_cell_stability	gain_demean											C0/Q1/S0	C1/Q0/S1	C:Q:S	3.0	0.5823483200551204	0.49662447916283714	0.5808898241325654	0.5836979127397584	0.4944490782648674	0.5875632755215102	0.8295193468379755	0.784748160573865	0.8819188617554649	0.7133585991063515	0.0024625027982986343	2000.0	20260815.0	sign agreement and FDR Jaccard are descriptive
pairwise_cell_stability	gain_demean											C0/Q1/S0	C1/Q1/S1	C:S	2.0	0.5916777354870649	0.5433586679063761	0.5849895196784005	0.5932741214827946	0.5431713781002271	0.5918991153444507	0.824704731549871	0.768191969743188	0.8771558452526813	0.7175193111308091	0.0022423810009173377	2000.0	20260815.0	sign agreement and FDR Jaccard are descriptive
pairwise_cell_stability	gain_demean											C0/Q1/S0	C1/Q2/S1	C:Q:S	3.0	0.583500200141515	0.5004198927681283	0.5823634859721423	0.5855240345758369	0.49900955977874895	0.5893891839968303	0.8271613962370492	0.767969875787544	0.8910394894032236	0.713688742560466	0.002000363702491362	2000.0	20260815.0	sign agreement and FDR Jaccard are descriptive
pairwise_cell_stability	gain_demean											C0/Q1/S0	C1/Q0/S2	C:Q:S	3.0	0.43574694857617374	0.3406427942150864	0.42136827651354086	0.4384080891862466	0.3327812407091555	0.4322038583808151	0.9036669534333507	0.8442980467649943	0.9542419967569724	0.6547739647967583	0.0011435700176733548	2000.0	20260815.0	sign agreement and FDR Jaccard are descriptive
pairwise_cell_stability	gain_demean											C0/Q1/S0	C1/Q1/S2	C:S	2.0	0.4411074527593108	0.35780746966621285	0.4242501572821646	0.4437183661072519	0.359556603329279	0.4342025744426018	0.9018844037315773	0.8373106257559393	0.9526215239122414	0.6574332024819551	0.0010786428711512062	2000.0	20260815.0	sign agreement and FDR Jaccard are descriptive
pairwise_cell_stability	gain_demean											C0/Q1/S0	C1/Q2/S2	C:Q:S	3.0	0.43634224341830175	0.3413229839561566	0.4217319644251266	0.43963007542039406	0.3407525468673842	0.4328300374941841	0.9026318668330761	0.8373686459970753	0.9558871920958467	0.6559543407080446	0.000980348469319549	2000.0	20260815.0	sign agreement and FDR Jaccard are descriptive
pairwise_cell_stability	gain_demean											C0/Q1/S0	C2/Q0/S0	C:Q	2.0	0.8669274164854824	0.7444281425730919	0.9069972611010979	0.8673890842155789	0.7403789134060336	0.9062008411303952	0.5082848152879175	0.4318048438109244	0.6851496680475831	0.8555690225944753	0.35	2000.0	20260815.0	sign agreement and FDR Jaccard are descriptive
pairwise_cell_stability	gain_demean											C0/Q1/S0	C2/Q1/S0	C	1.0	0.8988452829367888	0.8626213865570522	0.9133064317957417	0.898215442467344	0.8607992470979667	0.912662852876484	0.4443662159929135	0.40060563286678763	0.5170384005337207	0.8750565314133758	0.32653061224489793	2000.0	20260815.0	sign agreement and FDR Jaccard are descriptive
pairwise_cell_stability	gain_demean											C0/Q1/S0	C2/Q2/S0	C:Q	2.0	0.876342450226163	0.7747774850978503	0.9080775585426045	0.876215588956901	0.7753519352093492	0.9073206099478152	0.49376169309132234	0.42041033808144945	0.6557101101805551	0.857852891694857	0.25806451612903225	2000.0	20260815.0	sign agreement and FDR Jaccard are descriptive
pairwise_cell_stability	gain_demean											C0/Q1/S0	C2/Q0/S1	C:Q:S	3.0	0.5578317608312531	0.46574447047018214	0.5581741035022914	0.5597885248921356	0.4568168057717359	0.5656751689663948	0.8415505613545996	0.7959330748579238	0.895606277229421	0.7087004106441868	0.0018582650561702846	2000.0	20260815.0	sign agreement and FDR Jaccard are descriptive
pairwise_cell_stability	gain_demean											C0/Q1/S0	C2/Q1/S1	C:S	2.0	0.5685449854359534	0.5125752987913389	0.5627772390739558	0.5696652992777229	0.5111744384258968	0.5694704228013392	0.8368061384863634	0.7802422199542678	0.8913905833563167	0.7126349970151413	0.0016787485692483786	2000.0	20260815.0	sign agreement and FDR Jaccard are descriptive
pairwise_cell_stability	gain_demean											C0/Q1/S0	C2/Q2/S1	C:Q:S	3.0	0.5611275994103848	0.4775582255866719	0.56062677748667	0.5631536697161298	0.47573792686863087	0.5670063129625394	0.839017013938461	0.780055551779735	0.9019172104346783	0.7094149677092567	0.0015559799137138412	2000.0	20260815.0	sign agreement and FDR Jaccard are descriptive
pairwise_cell_stability	gain_demean											C0/Q1/S0	C2/Q0/S2	C:Q:S	3.0	0.4260047174032636	0.3276984869385012	0.41225480179776897	0.4292328222924369	0.31673535015135973	0.42355818752983193	0.9070471441024921	0.8468588511261137	0.9590341066444538	0.6524222580003256	0.000887132545667164	2000.0	20260815.0	sign agreement and FDR Jaccard are descriptive
pairwise_cell_stability	gain_demean											C0/Q1/S0	C2/Q1/S2	C:S	2.0	0.4316625709853307	0.3440088602944523	0.4147702945306361	0.43352635968202574	0.34315903261069625	0.4245070445323344	0.905513963844852	0.8413967124396916	0.957147508459323	0.6542448307675609	0.0008109104312569111	2000.0	20260815.0	sign agreement and FDR Jaccard are descriptive
pairwise_cell_stability	gain_demean											C0/Q1/S0	C2/Q2/S2	C:Q:S	3.0	0.42782596976892195	0.3301653894452643	0.41235173278866966	0.4310635248818645	0.32944184615559097	0.42371597706100345	0.9059495046200039	0.8412843508391045	0.9598260604652465	0.6529920946471536	0.0007402173547323441	2000.0	20260815.0	sign agreement and FDR Jaccard are descriptive
pairwise_cell_stability	gain_demean											C0/Q2/S0	C0/Q0/S1	Q:S	2.0	0.5892960350903326	0.4950197903292683	0.589984845180101	0.593169960285785	0.497885017418553	0.5991502553540069	0.8393824383648157	0.7861385159837366	0.8992241773250431	0.7170173121800322	0.0026292725679228747	2000.0	20260815.0	sign agreement and FDR Jaccard are descriptive
pairwise_cell_stability	gain_demean											C0/Q2/S0	C0/Q1/S1	Q:S	2.0	0.5967826527515188	0.5292866221111688	0.5942638491267925	0.60104694582575	0.5294347349574626	0.6025580875844775	0.8351258763698738	0.7685645571661253	0.8952179524399841	0.720318746721178	0.002336211274758761	2000.0	20260815.0	sign agreement and FDR Jaccard are descriptive
pairwise_cell_stability	gain_demean											C0/Q2/S0	C0/Q2/S1	S	1.0	0.606932025644077	0.5642410790551584	0.6007547858597581	0.6096562869185997	0.5646590545809316	0.6072073898687506	0.8279798645962406	0.758757240921162	0.8874493432131724	0.7235297310009225	0.0019420618223013433	2000.0	20260815.0	sign agreement and FDR Jaccard are descriptive
pairwise_cell_stability	gain_demean											C0/Q2/S0	C0/Q0/S2	Q:S	2.0	0.4393071035525531	0.34016736256350744	0.4254045255094049	0.4461994779588097	0.3417788549325735	0.4425799300832443	0.9156376520087871	0.8441560127797155	0.975258666472755	0.6580527867725537	0.001099615134702854	2000.0	20260815.0	sign agreement and FDR Jaccard are descriptive
pairwise_cell_stability	gain_demean											C0/Q2/S0	C0/Q1/S2	Q:S	2.0	0.44322295334138023	0.3565446687529575	0.42682833454033703	0.4502656284070704	0.3581668555102476	0.444664974888266	0.9142112512771856	0.8368746190797746	0.9736865103439479	0.6598844045659292	0.001061724820230684	2000.0	20260815.0	sign agreement and FDR Jaccard are descriptive
pairwise_cell_stability	gain_demean											C0/Q2/S0	C0/Q2/S2	S	1.0	0.44737105601186994	0.3665701698323461	0.4322702834585944	0.45366130042410435	0.36835750921152177	0.4476848950301617	0.9114012603718273	0.8313068698554946	0.9711276032921433	0.662322039110693	0.0008462514905566027	2000.0	20260815.0	sign agreement and FDR Jaccard are descriptive
pairwise_cell_stability	gain_demean											C0/Q2/S0	C1/Q0/S0	C:Q	2.0	0.9039763365833907	0.7642591532502937	0.9502608699906819	0.9041342361382874	0.7640805000323369	0.9499193780357839	0.44170419485182166	0.32201920451915045	0.6581050426140083	0.8650979576330976	0.29411764705882354	2000.0	20260815.0	sign agreement and FDR Jaccard are descriptive
pairwise_cell_stability	gain_demean											C0/Q2/S0	C1/Q1/S0	C:Q	2.0	0.9308064501121541	0.8431800867942065	0.9560356936669532	0.929183559339511	0.8420030093774057	0.9556037709862406	0.3791736456203079	0.2960085889269658	0.5533801058885951	0.8834096130537817	0.35714285714285715	2000.0	20260815.0	sign agreement and FDR Jaccard are descriptive
pairwise_cell_stability	gain_demean											C0/Q2/S0	C1/Q2/S0	C	1.0	0.954811759629618	0.9366050537409507	0.9607645375803566	0.9538152885157931	0.9347267859844446	0.9606675043178164	0.3088082980540188	0.2751813608342308	0.37002218917687646	0.9081658495993054	0.5357142857142857	2000.0	20260815.0	sign agreement and FDR Jaccard are descriptive
pairwise_cell_stability	gain_demean											C0/Q2/S0	C1/Q0/S1	C:Q:S	3.0	0.5769525406772421	0.48594444793158204	0.5773665256823503	0.581519434645519	0.4856792562472856	0.5860098779221332	0.8449055511327015	0.7908793299224591	0.9060724473428163	0.7120561153421734	0.002686366689053056	2000.0	20260815.0	sign agreement and FDR Jaccard are descriptive
pairwise_cell_stability	gain_demean											C0/Q2/S0	C1/Q1/S1	C:Q:S	3.0	0.5837954189114799	0.5156229066449309	0.5811183397773839	0.5860650245268901	0.5141542284281087	0.5905956597648612	0.842557965382244	0.7735967095888063	0.9028246373359702	0.7145706326091282	0.0024462338191825503	2000.0	20260815.0	sign agreement and FDR Jaccard are descriptive
pairwise_cell_stability	gain_demean											C0/Q2/S0	C1/Q2/S1	C:S	2.0	0.5949936548975195	0.5485404404925353	0.5883985060410767	0.5985217461485286	0.5467386874575204	0.597866602575067	0.8349734830907503	0.7673186179183874	0.8945637724549627	0.7198664954141717	0.002182214948172395	2000.0	20260815.0	sign agreement and FDR Jaccard are descriptive
pairwise_cell_stability	gain_demean											C0/Q2/S0	C1/Q0/S2	C:Q:S	3.0	0.43436762372601734	0.3372580253691695	0.4191788888072487	0.4416886739862604	0.3378337104875864	0.43612806644421837	0.9172312594791765	0.8442122860297525	0.9768500808844737	0.6566010600770636	0.0011954883309943343	2000.0	20260815.0	sign agreement and FDR Jaccard are descriptive
pairwise_cell_stability	gain_demean											C0/Q2/S0	C1/Q1/S2	C:Q:S	3.0	0.4378931896731712	0.3502508790187702	0.4213139025737074	0.4419225065082259	0.34875614984747955	0.4365201673427905	0.9172860493835447	0.8383364270426765	0.9760404225591089	0.6572703920114329	0.001127616806393097	2000.0	20260815.0	sign agreement and FDR Jaccard are descriptive
pairwise_cell_stability	gain_demean											C0/Q2/S0	C1/Q2/S2	C:S	2.0	0.44295943025809636	0.36048228728560056	0.426442903764678	0.4488354687578109	0.3622547975046138	0.44321860582328	0.9139738678343349	0.8340836620054204	0.9733308824998161	0.6605582590133685	0.0010248640941092593	2000.0	20260815.0	sign agreement and FDR Jaccard are descriptive
pairwise_cell_stability	gain_demean											C0/Q2/S0	C2/Q0/S0	C:Q	2.0	0.8544001376029925	0.7124036016423804	0.9023417838372266	0.8547399583266995	0.7103009145175827	0.9017395794162494	0.5369697496287733	0.44749809536605395	0.7141946766292618	0.8446245409649233	0.3023255813953488	2000.0	20260815.0	sign agreement and FDR Jaccard are descriptive
pairwise_cell_stability	gain_demean											C0/Q2/S0	C2/Q1/S0	C:Q	2.0	0.8834013222304246	0.7966194372043242	0.9093432938612369	0.8814405553778598	0.7934653093829863	0.9084115078289622	0.4843708275229598	0.41883082617667233	0.6231446571784314	0.8601684183867291	0.34	2000.0	20260815.0	sign agreement and FDR Jaccard are descriptive
pairwise_cell_stability	gain_demean											C0/Q2/S0	C2/Q2/S0	C	1.0	0.903647775750985	0.8677755998107491	0.9170401099045085	0.9024061436802598	0.8666460678403264	0.9161290185860049	0.4425452056384276	0.39524919475397646	0.51847061742989	0.877453463340509	0.3793103448275862	2000.0	20260815.0	sign agreement and FDR Jaccard are descriptive
pairwise_cell_stability	gain_demean											C0/Q2/S0	C2/Q0/S1	C:Q:S	3.0	0.5552044099088762	0.46003270391581014	0.5560462489744572	0.5599888665885447	0.45783387200337994	0.5652317900564338	0.8557841530013549	0.8018043078548551	0.9189497440393096	0.708501420069104	0.002027198243094856	2000.0	20260815.0	sign agreement and FDR Jaccard are descriptive
pairwise_cell_stability	gain_demean											C0/Q2/S0	C2/Q1/S1	C:Q:S	3.0	0.5632078138508329	0.4926200115842467	0.5599685322726448	0.564446272409	0.48887334181193826	0.5692122700378698	0.8536368969578396	0.7815972521516236	0.91573774197024	0.7104008755585304	0.0018313620755436857	2000.0	20260815.0	sign agreement and FDR Jaccard are descriptive
pairwise_cell_stability	gain_demean											C0/Q2/S0	C2/Q2/S1	C:S	2.0	0.5728113661771337	0.5171950246119942	0.5657621057206873	0.5759331791690725	0.5148405996418388	0.5758443673598528	0.8471124447971825	0.7773924587618094	0.909182047622101	0.7157736210857649	0.001697432633142372	2000.0	20260815.0	sign agreement and FDR Jaccard are descriptive
pairwise_cell_stability	gain_demean											C0/Q2/S0	C2/Q0/S2	C:Q:S	3.0	0.42586983796004124	0.324470891794376	0.41063257530368497	0.43315506167271417	0.323080992250397	0.4266714988502193	0.9203893107369442	0.8470986610524992	0.9810661377832266	0.654538794117115	0.0009274193548387097	2000.0	20260815.0	sign agreement and FDR Jaccard are descriptive
pairwise_cell_stability	gain_demean											C0/Q2/S0	C2/Q1/S2	C:Q:S	3.0	0.4295073209207621	0.3374352599239007	0.4126745296729066	0.43204226575437726	0.33510435085614704	0.42589147703350166	0.9207975610562896	0.8408878699368548	0.9801834222998121	0.6543805061596628	0.0008477387490324721	2000.0	20260815.0	sign agreement and FDR Jaccard are descriptive
pairwise_cell_stability	gain_demean											C0/Q2/S0	C2/Q2/S2	C:S	2.0	0.43442548368860845	0.34716737133066766	0.4186674032068711	0.4398816699173077	0.34681189792557415	0.4337106101418196	0.9174689564959367	0.8376351164415038	0.977641007510191	0.6575417427956367	0.0007738375614023283	2000.0	20260815.0	sign agreement and FDR Jaccard are descriptive
pairwise_cell_stability	gain_demean											C0/Q0/S1	C0/Q1/S1	Q	1.0	0.9846734641130297	0.8887889633287428	0.9998184355462485	0.9842262841576317	0.8884680040504788	0.9998108067885771	0.07192567450488403	0.007114113167203862	0.15685484357133564	0.9408003039128783	0.7898113207547169	2000.0	20260815.0	sign agreement and FDR Jaccard are descriptive
pairwise_cell_stability	gain_demean											C0/Q0/S1	C0/Q2/S1	Q	1.0	0.9750382936901466	0.8665132836900178	0.9970937900677374	0.9758126201003593	0.8658185787983831	0.9970923519754853	0.09128520285896152	0.029120873508818132	0.17254561310033148	0.9248086976971364	0.6637757472510454	2000.0	20260815.0	sign agreement and FDR Jaccard are descriptive
pairwise_cell_stability	gain_demean											C0/Q0/S1	C0/Q0/S2	S	1.0	0.938339894600489	0.9070614408073604	0.9332117061972142	0.940058271134854	0.9079806697330233	0.9380570594540787	0.14771988051174498	0.14255939115129476	0.15002912291602327	0.882351344995387	0.425293542074364	2000.0	20260815.0	sign agreement and FDR Jaccard are descriptive
pairwise_cell_stability	gain_demean											C0/Q0/S1	C0/Q1/S2	Q:S	2.0	0.9262380267837965	0.8212912296449214	0.9306310045793085	0.9286634268462762	0.8259661793147532	0.9349634861340214	0.15766386761256784	0.14454256191894935	0.19704519407221077	0.8704707031603321	0.408143045857709	2000.0	20260815.0	sign agreement and FDR Jaccard are descriptive
pairwise_cell_stability	gain_demean											C0/Q0/S1	C0/Q2/S2	Q:S	2.0	0.9177778844971962	0.7991506660478885	0.9255903385470153	0.9199146863431678	0.8030010951894193	0.9308469984086328	0.16206760129794434	0.14654298789416328	0.20108455114246895	0.8649487147017855	0.328755722014149	2000.0	20260815.0	sign agreement and FDR Jaccard are descriptive
pairwise_cell_stability	gain_demean											C0/Q0/S1	C1/Q0/S0	C:S	2.0	0.5846590323077253	0.5334355347117289	0.5773069534845675	0.5844717627805299	0.5338908081793222	0.5791445946206725	0.8345257380299153	0.8335957302780898	0.8777787572366256	0.7109345321007978	0.0021910604732690623	2000.0	20260815.0	sign agreement and FDR Jaccard are descriptive
pairwise_cell_stability	gain_demean											C0/Q0/S1	C1/Q1/S0	C:Q:S	3.0	0.5806583330991142	0.4903792907967525	0.5766465568826016	0.5749770995185801	0.48255331744249014	0.5765903441127932	0.8362637108654539	0.7952367987939901	0.8886420719390633	0.7066064870927476	0.0015337423312883436	2000.0	20260815.0	sign agreement and FDR Jaccard are descriptive
pairwise_cell_stability	gain_demean											C0/Q0/S1	C1/Q2/S0	C:Q:S	3.0	0.5723458598592798	0.47662705432268104	0.571090144055235	0.5690160683941453	0.472425709359176	0.5705716559497874	0.855676949498449	0.8020714458872453	0.9182974435240792	0.704896977152264	0.002081507449605609	2000.0	20260815.0	sign agreement and FDR Jaccard are descriptive
pairwise_cell_stability	gain_demean											C0/Q0/S1	C1/Q0/S1	C	1.0	0.9774897018405334	0.9501925498170068	0.9792436513695952	0.9773336500549382	0.9467057777538026	0.9793253644977424	0.08609165366908647	0.07562531417427813	0.11533698746350841	0.9244333291123211	0.7219944703975594	2000.0	20260815.0	sign agreement and FDR Jaccard are descriptive
pairwise_cell_stability	gain_demean											C0/Q0/S1	C1/Q1/S1	C:Q	2.0	0.9650537141405288	0.8623244843098286	0.9778180817443075	0.9578207945284877	0.8488849914851944	0.9770833665269422	0.11753388156132599	0.07891910610781518	0.1851931488926607	0.9006449103637909	0.6373303363015475	2000.0	20260815.0	sign agreement and FDR Jaccard are descriptive
pairwise_cell_stability	gain_demean											C0/Q0/S1	C1/Q2/S1	C:Q	2.0	0.9575274323386076	0.8425908242050144	0.9738198417300551	0.9541795932163981	0.8352250390891746	0.9731934115461522	0.12367146209851305	0.08626906850147892	0.18932909447559518	0.8945983103891171	0.6164163521002329	2000.0	20260815.0	sign agreement and FDR Jaccard are descriptive
pairwise_cell_stability	gain_demean											C0/Q0/S1	C1/Q0/S2	C:S	2.0	0.9234926760994542	0.8712068684340845	0.9188180312765356	0.9262778093922643	0.8700778013141601	0.924622917572067	0.15947274635436345	0.15384031625356254	0.1726007521375625	0.8674677544818105	0.4230672753724979	2000.0	20260815.0	sign agreement and FDR Jaccard are descriptive
pairwise_cell_stability	gain_demean											C0/Q0/S1	C1/Q1/S2	C:Q:S	3.0	0.914124639445035	0.804500400131161	0.9169370075119342	0.9098286319746136	0.7934071579653325	0.9202444533198019	0.17280542026232215	0.1544798434627325	0.21295405880306148	0.8524711011414823	0.39448327980351405	2000.0	20260815.0	sign agreement and FDR Jaccard are descriptive
pairwise_cell_stability	gain_demean											C0/Q0/S1	C1/Q2/S2	C:Q:S	3.0	0.9078231757179018	0.7862102610735987	0.9132663165773925	0.9079289457445335	0.7840241271058557	0.9177962252574411	0.17293977789783976	0.155878439867586	0.21145668015301536	0.8512364550733552	0.3638484468829654	2000.0	20260815.0	sign agreement and FDR Jaccard are descriptive
pairwise_cell_stability	gain_demean											C0/Q0/S1	C2/Q0/S0	C:S	2.0	0.5788219932196943	0.5134352553807127	0.564911495993213	0.5783170941674636	0.5088424022868879	0.5652460114739215	0.8104382567799346	0.8031994402156898	0.8614318290297971	0.7060728305504803	0.0035056967572304996	2000.0	20260815.0	sign agreement and FDR Jaccard are descriptive
pairwise_cell_stability	gain_demean											C0/Q0/S1	C2/Q1/S0	C:Q:S	3.0	0.5767797049321491	0.4787164510893187	0.5640212605879362	0.5697654351942655	0.4662402379197844	0.5619086065598508	0.8086504800483721	0.7693685562623488	0.8660632828616257	0.7016362452287487	0.004600722970752547	2000.0	20260815.0	sign agreement and FDR Jaccard are descriptive
pairwise_cell_stability	gain_demean											C0/Q0/S1	C2/Q2/S0	C:Q:S	3.0	0.5653753650433605	0.4607797416843046	0.5566646123460212	0.560711934159807	0.45206502999117054	0.5539996528825082	0.8301909483172087	0.7767386146427145	0.8949800587084074	0.699782014870023	0.006024756271223573	2000.0	20260815.0	sign agreement and FDR Jaccard are descriptive
pairwise_cell_stability	gain_demean											C0/Q0/S1	C2/Q0/S1	C	1.0	0.9549494831769862	0.9050365054670076	0.9544721259156365	0.9547282838606197	0.8933297634342736	0.9532085742952795	0.12129581471848262	0.11292706633142588	0.15998596095954076	0.9014318276379819	0.6283783783783784	2000.0	20260815.0	sign agreement and FDR Jaccard are descriptive
pairwise_cell_stability	gain_demean											C0/Q0/S1	C2/Q1/S1	C:Q	2.0	0.9462961746966446	0.8398356424710179	0.9518169092091067	0.9366679362097589	0.815736278069533	0.949257054531735	0.14347764867468388	0.1172078527568458	0.2034324885068064	0.8801307910779862	0.5555166864898902	2000.0	20260815.0	sign agreement and FDR Jaccard are descriptive
pairwise_cell_stability	gain_demean											C0/Q0/S1	C2/Q2/S1	C:Q	2.0	0.9366395685710016	0.8118600502301102	0.9473023899419638	0.9320434357611211	0.8025473603487803	0.9448984138642725	0.14953339038196303	0.12334790228465098	0.2084885720070286	0.8752374319361783	0.5307236842105263	2000.0	20260815.0	sign agreement and FDR Jaccard are descriptive
pairwise_cell_stability	gain_demean											C0/Q0/S1	C2/Q0/S2	C:S	2.0	0.9070797988791601	0.8389497263824909	0.9007619831779363	0.9099152585570434	0.8290848654987104	0.9057287418716038	0.17264796902172622	0.1667053121650037	0.19669896179945645	0.8580247471915193	0.3410941576409202	2000.0	20260815.0	sign agreement and FDR Jaccard are descriptive
pairwise_cell_stability	gain_demean											C0/Q0/S1	C2/Q1/S2	C:Q:S	3.0	0.8999263870694663	0.7826134343515565	0.8992332880398695	0.8925517923602607	0.7666436902542675	0.8997500056859304	0.18543909982162143	0.16791533090563898	0.22473633954933536	0.8399753975288988	0.3090475846631526	2000.0	20260815.0	sign agreement and FDR Jaccard are descriptive
pairwise_cell_stability	gain_demean											C0/Q0/S1	C2/Q2/S2	C:Q:S	3.0	0.8938742506565029	0.7629426539436686	0.8951919085264505	0.8931519098425182	0.7594704800809625	0.8982329807375897	0.18430434996703257	0.16912178878207454	0.22251221378002653	0.8410291430742235	0.28600748121420766	2000.0	20260815.0	sign agreement and FDR Jaccard are descriptive
pairwise_cell_stability	gain_demean											C0/Q1/S1	C0/Q2/S1	Q	1.0	0.9863060797331376	0.920681966149833	0.9994267607897076	0.9847009169504968	0.9120563368589677	0.9993875253619634	0.0729084414730179	0.013313215000572792	0.14653166819365887	0.945096691329438	0.6980497131931166	2000.0	20260815.0	sign agreement and FDR Jaccard are descriptive
pairwise_cell_stability	gain_demean											C0/Q1/S1	C0/Q0/S2	Q:S	2.0	0.9283365472542513	0.8292691547383924	0.931095793376683	0.9271023554054342	0.8220927376844122	0.934565648171391	0.15993097343338472	0.14703979187355612	0.18092609955309166	0.8725736717379113	0.42831849937793093	2000.0	20260815.0	sign agreement and FDR Jaccard are descriptive
pairwise_cell_stability	gain_demean											C0/Q1/S1	C0/Q1/S2	S	1.0	0.9396913239164829	0.9076149437453063	0.934205744493657	0.9408819593529859	0.9086601300196284	0.9383337906984958	0.14819564402701665	0.13262549988975886	0.15218595839723623	0.8855035366052207	0.4401564414287061	2000.0	20260815.0	sign agreement and FDR Jaccard are descriptive
pairwise_cell_stability	gain_demean											C0/Q1/S1	C0/Q2/S2	Q:S	2.0	0.9281403173943517	0.8513223081186371	0.9299511887501213	0.9257075981012666	0.8404277818156193	0.933562650496292	0.15809066718392603	0.13724184585475727	0.18919722585464868	0.8753233596845095	0.34880132475254977	2000.0	20260815.0	sign agreement and FDR Jaccard are descriptive
pairwise_cell_stability	gain_demean											C0/Q1/S1	C1/Q0/S0	C:Q:S	3.0	0.5740371069957912	0.47690675411821887	0.5747728249629306	0.5756446228164747	0.4791892332984896	0.5766683655588758	0.838461858708285	0.8350793059969879	0.8965654243880086	0.7064572441614356	0.0020316944331572532	2000.0	20260815.0	sign agreement and FDR Jaccard are descriptive
pairwise_cell_stability	gain_demean											C0/Q1/S1	C1/Q1/S0	C:S	2.0	0.5910849947959855	0.5441439546084387	0.5809629352175897	0.5883231086863708	0.538483179152332	0.581018732053516	0.8294208367715377	0.7738743508804794	0.8846247785415818	0.7114093959731543	0.0014221861032100772	2000.0	20260815.0	sign agreement and FDR Jaccard are descriptive
pairwise_cell_stability	gain_demean											C0/Q1/S1	C1/Q2/S0	C:Q:S	3.0	0.5809665181376152	0.5108004157447353	0.5749381886392015	0.5799783698989941	0.510066624375638	0.5758158544887234	0.8500269698788899	0.7837400926053516	0.9149820122183312	0.7087501582879574	0.0019301097114993904	2000.0	20260815.0	sign agreement and FDR Jaccard are descriptive
pairwise_cell_stability	gain_demean											C0/Q1/S1	C1/Q0/S1	C:Q	2.0	0.9675604574043098	0.8715208827180395	0.977597467559812	0.9682867907071315	0.8648814624687344	0.9774172150099671	0.10204428604048996	0.07903382782081314	0.17492717066494162	0.9138416035022341	0.6917117117117118	2000.0	20260815.0	sign agreement and FDR Jaccard are descriptive
pairwise_cell_stability	gain_demean											C0/Q1/S1	C1/Q1/S1	C	1.0	0.9810069765811582	0.962860027742105	0.9805812639172418	0.9777478572211393	0.9487224190465976	0.9803178409379326	0.08553986024136516	0.0717642460146485	0.11552771350486195	0.9263327846017475	0.7206513175172897	2000.0	20260815.0	sign agreement and FDR Jaccard are descriptive
pairwise_cell_stability	gain_demean											C0/Q1/S1	C1/Q2/S1	C:Q	2.0	0.9709427220845182	0.9014349011672241	0.9782112024587792	0.9701188169964776	0.8993097307889124	0.9778462562616842	0.10006248026060204	0.07784312365988358	0.15741714347290053	0.9156279961649089	0.6640319361277445	2000.0	20260815.0	sign agreement and FDR Jaccard are descriptive
pairwise_cell_stability	gain_demean											C0/Q1/S1	C1/Q0/S2	C:Q:S	3.0	0.9183359771212988	0.8205955253389029	0.917656964804131	0.9198214764213037	0.8047248307497048	0.9223179960710072	0.16577686431955596	0.15646304351612397	0.19050454660964344	0.8651522277899383	0.4378522693562741	2000.0	20260815.0	sign agreement and FDR Jaccard are descriptive
pairwise_cell_stability	gain_demean											C0/Q1/S1	C1/Q1/S2	C:S	2.0	0.9280437204040017	0.8857410816066276	0.9215237124542281	0.9267268584975109	0.8797954139435648	0.925025637857934	0.160485202563553	0.14393332575121112	0.17586325097456243	0.8698194612782431	0.4320215939764171	2000.0	20260815.0	sign agreement and FDR Jaccard are descriptive
pairwise_cell_stability	gain_demean											C0/Q1/S1	C1/Q2/S2	C:Q:S	3.0	0.9199270814833052	0.8402577590334424	0.9184796459371364	0.9211116652786524	0.8359068825516401	0.9223882944664659	0.16341476989620413	0.14611223593468528	0.1905371057008541	0.8665135042240272	0.3939380855748888	2000.0	20260815.0	sign agreement and FDR Jaccard are descriptive
pairwise_cell_stability	gain_demean											C0/Q1/S1	C2/Q0/S0	C:Q:S	3.0	0.5652478837940232	0.45200337936379154	0.5613488822891857	0.5666484948189455	0.45224679730183465	0.561253662205328	0.815785721974104	0.8047687653039619	0.8863242844377963	0.7012337415655131	0.003250711093051605	2000.0	20260815.0	sign agreement and FDR Jaccard are descriptive
pairwise_cell_stability	gain_demean											C0/Q1/S1	C2/Q1/S0	C:S	2.0	0.5842166082439441	0.5199103600952392	0.5677002468225217	0.5804607145438495	0.5100815131526599	0.5646424721742686	0.8031402938982231	0.7476451857188691	0.8619887577832521	0.7058874075146078	0.004368143031288094	2000.0	20260815.0	sign agreement and FDR Jaccard are descriptive
pairwise_cell_stability	gain_demean											C0/Q1/S1	C2/Q2/S0	C:Q:S	3.0	0.5724280008736947	0.49201463200686246	0.5613056614270016	0.5704364742646265	0.4857507806763812	0.5588911322145683	0.8251930017423403	0.7606424476398347	0.8914614320477545	0.7035718808227356	0.00558659217877095	2000.0	20260815.0	sign agreement and FDR Jaccard are descriptive
pairwise_cell_stability	gain_demean											C0/Q1/S1	C2/Q0/S1	C:Q	2.0	0.9422750616564598	0.8322304152285573	0.9513393367820993	0.9433887692806701	0.8145411180056349	0.9495967769757082	0.13594670456334548	0.11722105891147595	0.2032474667576102	0.8898270591002008	0.6265096391868576	2000.0	20260815.0	sign agreement and FDR Jaccard are descriptive
pairwise_cell_stability	gain_demean											C0/Q1/S1	C2/Q1/S1	C	1.0	0.9581761711374045	0.9138022291405848	0.9561027958122649	0.953296522340964	0.8974858226808563	0.9537465912485689	0.12350163545015107	0.10949737436800679	0.16340846651211027	0.8971987554044031	0.6155579021471312	2000.0	20260815.0	sign agreement and FDR Jaccard are descriptive
pairwise_cell_stability	gain_demean											C0/Q1/S1	C2/Q2/S1	C:Q	2.0	0.9478470242679444	0.8666416435701324	0.9519922256814085	0.9463611167804502	0.8605479152974619	0.9497406867088318	0.13310223593150391	0.11462883322389898	0.18478455609663152	0.8911928580473597	0.5738942118388239	2000.0	20260815.0	sign agreement and FDR Jaccard are descriptive
pairwise_cell_stability	gain_demean											C0/Q1/S1	C2/Q0/S2	C:Q:S	3.0	0.9008956746754428	0.7928039397742656	0.8994313110664421	0.9031954863162183	0.7678736589679173	0.9023126044942401	0.17872791835705185	0.17021440474188312	0.2110224408819825	0.8540992058467048	0.3607368710475667	2000.0	20260815.0	sign agreement and FDR Jaccard are descriptive
pairwise_cell_stability	gain_demean											C0/Q1/S1	C2/Q1/S2	C:S	2.0	0.911226939312653	0.8488583133359272	0.9037884901357214	0.9078798699699646	0.8371733159956827	0.90528589973087	0.17524365078899495	0.15772238257230575	0.2007410861437335	0.8541579985166157	0.3352834958468761	2000.0	20260815.0	sign agreement and FDR Jaccard are descriptive
pairwise_cell_stability	gain_demean											C0/Q1/S1	C2/Q2/S2	C:Q:S	3.0	0.9045014200379553	0.8145796352411794	0.9008495246436491	0.9053825948808308	0.8086450665160391	0.9044038558483269	0.1762332116646312	0.1595901431220994	0.20672377097345326	0.8547142676242334	0.30957897524162586	2000.0	20260815.0	sign agreement and FDR Jaccard are descriptive
pairwise_cell_stability	gain_demean											C0/Q2/S1	C0/Q0/S2	Q:S	2.0	0.9236353779329654	0.8163667252299394	0.9265733555677763	0.9271714390711631	0.8189664387499839	0.9325957045956322	0.16760755925652077	0.15289733732057062	0.189990302320339	0.8712983230521536	0.49607063609467456	2000.0	20260815.0	sign agreement and FDR Jaccard are descriptive
pairwise_cell_stability	gain_demean											C0/Q2/S1	C0/Q1/S2	Q:S	2.0	0.9312086623465324	0.8638140002384186	0.9300945940519274	0.9332404851246884	0.8564488383681599	0.936435028620065	0.1627195600114925	0.14137105925695964	0.1882003184953446	0.8792986486730947	0.49385782675458406	2000.0	20260815.0	sign agreement and FDR Jaccard are descriptive
pairwise_cell_stability	gain_demean											C0/Q2/S1	C0/Q2/S2	S	1.0	0.9399155452010252	0.9076954487072206	0.9344199169795517	0.9423409180485144	0.909476151167964	0.9406306754978191	0.150382929238506	0.13257109688438823	0.15602306982376457	0.8899582119792326	0.4373571187647566	2000.0	20260815.0	sign agreement and FDR Jaccard are descriptive
pairwise_cell_stability	gain_demean											C0/Q2/S1	C1/Q0/S0	C:Q:S	3.0	0.5653807198779944	0.456550765634151	0.5694098443542727	0.5643949343631931	0.45896873716084263	0.5695658458965106	0.8417664526431188	0.838093747732073	0.8966432487200464	0.7006774724578954	0.0016183848519177862	2000.0	20260815.0	sign agreement and FDR Jaccard are descriptive
pairwise_cell_stability	gain_demean											C0/Q2/S1	C1/Q1/S0	C:Q:S	3.0	0.5802331245060547	0.5046727718648016	0.5757181896883091	0.5725790472592077	0.4955687360905301	0.5741386664593295	0.8348421436474655	0.778567610483678	0.8905584938995286	0.7044628158975379	0.0011328693963424503	2000.0	20260815.0	sign agreement and FDR Jaccard are descriptive
pairwise_cell_stability	gain_demean											C0/Q2/S1	C1/Q2/S0	C:S	2.0	0.589119106940229	0.542094097733872	0.5799806406035221	0.5837246327433363	0.5332565296122045	0.5795562178078809	0.845688483196653	0.7766364719390438	0.9087371837944958	0.7102244975487979	0.0015374656093218968	2000.0	20260815.0	sign agreement and FDR Jaccard are descriptive
pairwise_cell_stability	gain_demean											C0/Q2/S1	C1/Q0/S1	C:Q	2.0	0.9568970119803479	0.8508796897726774	0.9731150981981194	0.9564073675854745	0.8475268389251815	0.9724132992114884	0.12199681026657658	0.08685167959787012	0.18539163825008526	0.8977595470250909	0.5984984984984985	2000.0	20260815.0	sign agreement and FDR Jaccard are descriptive
pairwise_cell_stability	gain_demean											C0/Q2/S1	C1/Q1/S1	C:Q	2.0	0.9672336626518002	0.9000738647357722	0.9774678406506988	0.9570989722258274	0.8867998171022832	0.9765483278730691	0.12106399757802108	0.07935591310399781	0.17012185700889693	0.9014589627164022	0.5910004306014066	2000.0	20260815.0	sign agreement and FDR Jaccard are descriptive
pairwise_cell_stability	gain_demean											C0/Q2/S1	C1/Q2/S1	C	1.0	0.98110850142938	0.9625583238885239	0.9812410383472212	0.9750177979319054	0.9429620741496583	0.9807301629489866	0.09281455753791092	0.0718724854418036	0.12545758326337456	0.9224750809529839	0.6991124690819147	2000.0	20260815.0	sign agreement and FDR Jaccard are descriptive
pairwise_cell_stability	gain_demean											C0/Q2/S1	C1/Q0/S2	C:Q:S	3.0	0.9117252528501004	0.8073176990056785	0.9127723669043086	0.9150887656634243	0.8021207672153913	0.9189210558473936	0.1770752106554954	0.16332797200186738	0.20204189034188932	0.8594086361909586	0.4939007092198582	2000.0	20260815.0	sign agreement and FDR Jaccard are descriptive
pairwise_cell_stability	gain_demean											C0/Q2/S1	C1/Q1/S2	C:Q:S	3.0	0.9187684215972953	0.8477014807608593	0.9169123882103121	0.9120602736579676	0.8296258372283968	0.9210510229270624	0.17971028615431345	0.15312831192481102	0.20514368894602267	0.8585945838383473	0.47043771043771043	2000.0	20260815.0	sign agreement and FDR Jaccard are descriptive
pairwise_cell_stability	gain_demean											C0/Q2/S1	C1/Q2/S2	C:S	2.0	0.9284814321127103	0.8863803869600039	0.9220140801411714	0.9266430441943367	0.8781328223621534	0.9282861683920052	0.16625606358666434	0.14503956640868507	0.18484009348272212	0.8727636172868539	0.47067027301157977	2000.0	20260815.0	sign agreement and FDR Jaccard are descriptive
pairwise_cell_stability	gain_demean											C0/Q2/S1	C2/Q0/S0	C:Q:S	3.0	0.560716404910891	0.4423635249235849	0.5572634182281933	0.5593468826025523	0.44065826964122884	0.5549039495389749	0.8174177929600213	0.8085885070501003	0.8856578741315531	0.696539372998788	0.0025894157630684577	2000.0	20260815.0	sign agreement and FDR Jaccard are descriptive
pairwise_cell_stability	gain_demean											C0/Q2/S1	C2/Q1/S0	C:Q:S	3.0	0.5771555684243419	0.49465314469916993	0.5631430423528241	0.5679963551228603	0.47924860556108023	0.5600441647005606	0.8072198564173548	0.7525491758412373	0.8660793819507436	0.6994925740335389	0.0033983331984788413	2000.0	20260815.0	sign agreement and FDR Jaccard are descriptive
pairwise_cell_stability	gain_demean											C0/Q2/S1	C2/Q2/S0	C:S	2.0	0.5821571266624687	0.5194529475507705	0.5671769313394988	0.5752791801456558	0.5045093846178794	0.5642145672505302	0.8206320626391467	0.7527382283382457	0.8870472997358174	0.704684419037971	0.004450198236103244	2000.0	20260815.0	sign agreement and FDR Jaccard are descriptive
pairwise_cell_stability	gain_demean											C0/Q2/S1	C2/Q0/S1	C:Q	2.0	0.9362704776062497	0.8171215714062507	0.9472725067732773	0.93541539502853	0.8075573851585398	0.94460241776738	0.14800790609981465	0.12458423015650016	0.20995530471552973	0.8793800539083558	0.6094851669549022	2000.0	20260815.0	sign agreement and FDR Jaccard are descriptive
pairwise_cell_stability	gain_demean											C0/Q2/S1	C2/Q1/S1	C:Q	2.0	0.9485681267659852	0.8782219233981721	0.9517789685922771	0.9356861272640502	0.8440540979939303	0.9487853067142396	0.1477094328641651	0.11649469349287785	0.20074726187411657	0.8789278026013495	0.571499105103993	2000.0	20260815.0	sign agreement and FDR Jaccard are descriptive
pairwise_cell_stability	gain_demean											C0/Q2/S1	C2/Q2/S1	C	1.0	0.9590278440483816	0.9158810824249874	0.9577610025269231	0.9514919807984588	0.891127160141883	0.9553033545170956	0.1287835148249442	0.10840409791201114	0.17242703331037207	0.8975786465022884	0.6274798845279774	2000.0	20260815.0	sign agreement and FDR Jaccard are descriptive
pairwise_cell_stability	gain_demean											C0/Q2/S1	C2/Q0/S2	C:Q:S	3.0	0.896874465082175	0.7840207565708215	0.8954708787865496	0.8998063652730454	0.7715608331950964	0.8991613780266959	0.1886521015936539	0.17672463552403073	0.22316223995460188	0.8499565838745274	0.4207004664678443	2000.0	20260815.0	sign agreement and FDR Jaccard are descriptive
pairwise_cell_stability	gain_demean											C0/Q2/S1	C2/Q1/S2	C:Q:S	3.0	0.9041461257612411	0.8234491274447786	0.8995774371200744	0.8938757183364185	0.7893223095516542	0.9009728029542193	0.19290046717470422	0.16780480872175801	0.22803562057846163	0.8445340907035221	0.3833596076370643	2000.0	20260815.0	sign agreement and FDR Jaccard are descriptive
pairwise_cell_stability	gain_demean											C0/Q2/S1	C2/Q2/S2	C:S	2.0	0.9131889353290411	0.8517339469127341	0.9059631532978781	0.9103548696130487	0.8378931006188317	0.9090685453609273	0.17975812491587675	0.15888423539021257	0.20947826570836262	0.8611091011053021	0.3751307189542484	2000.0	20260815.0	sign agreement and FDR Jaccard are descriptive
pairwise_cell_stability	gain_demean											C0/Q0/S2	C0/Q1/S2	Q	1.0	0.9887020062821587	0.90462595884449	0.9998600202772503	0.9873607979361335	0.9038751975970993	0.9998600682281394	0.051889045874272545	0.0048671178678727925	0.11453918048912949	0.9461233017963422	0.7982072680708262	2000.0	20260815.0	sign agreement and FDR Jaccard are descriptive
pairwise_cell_stability	gain_demean											C0/Q0/S2	C0/Q2/S2	Q	1.0	0.9824514867865721	0.89351392218143	0.997836270426541	0.9833889544797452	0.8894220741440951	0.9978494125966653	0.06148962970003617	0.01935848967519801	0.12110016655243554	0.9363953761826371	0.6992353440951572	2000.0	20260815.0	sign agreement and FDR Jaccard are descriptive
pairwise_cell_stability	gain_demean											C0/Q0/S2	C1/Q0/S0	C:S	2.0	0.4305170603911538	0.3429715914102885	0.4157014362699158	0.431881962714549	0.3457043310465581	0.4218193609457448	0.9114476159449543	0.9084331629562642	0.9534384317127775	0.648777112465855	0.000999750062484379	2000.0	20260815.0	sign agreement and FDR Jaccard are descriptive
pairwise_cell_stability	gain_demean											C0/Q0/S2	C1/Q1/S0	C:Q:S	3.0	0.43255931066447617	0.3333585368958501	0.4168794700146309	0.42649378640335356	0.32410676198480126	0.41930662236019783	0.9104354113384865	0.8536042914997342	0.964080043928495	0.6475334213715878	0.0006998250437390653	2000.0	20260815.0	sign agreement and FDR Jaccard are descriptive
pairwise_cell_stability	gain_demean											C0/Q0/S2	C1/Q2/S0	C:Q:S	3.0	0.4289328602339863	0.32669605391831513	0.41443426106667874	0.4258271119351921	0.32134689575448966	0.4169206493027088	0.9276970059742266	0.8556129234135801	0.9915961078932447	0.6477595470250909	0.0008997300809757073	2000.0	20260815.0	sign agreement and FDR Jaccard are descriptive
pairwise_cell_stability	gain_demean											C0/Q0/S2	C1/Q0/S1	C:S	2.0	0.9198069723365938	0.8622999053242306	0.9141631753595758	0.9190907314535375	0.8590435207845645	0.9168510086977153	0.1657927074935875	0.15793489009830844	0.17891252234681637	0.8574096854139909	0.391364969469686	2000.0	20260815.0	sign agreement and FDR Jaccard are descriptive
pairwise_cell_stability	gain_demean											C0/Q0/S2	C1/Q1/S1	C:Q:S	3.0	0.9128615091819426	0.8036154028292919	0.9132973200783102	0.9004439927868295	0.7738729451385478	0.9128699590314696	0.18042053264692973	0.16080355991438214	0.20601128337158642	0.845027044628159	0.3869197134617174	2000.0	20260815.0	sign agreement and FDR Jaccard are descriptive
pairwise_cell_stability	gain_demean											C0/Q0/S2	C1/Q2/S1	C:Q:S	3.0	0.9090860896401589	0.7924815775937231	0.909698127320533	0.9022077061584169	0.7805893962088519	0.9100035507145839	0.18307263968991838	0.1679914768400149	0.20919296914023022	0.8442898749977388	0.4253597535745483	2000.0	20260815.0	sign agreement and FDR Jaccard are descriptive
pairwise_cell_stability	gain_demean											C0/Q0/S2	C1/Q0/S2	C	1.0	0.9827727295699982	0.950352888383339	0.9856433827791182	0.9824488737051527	0.9448681051568495	0.9857331234219637	0.06119962297342322	0.048755295242237	0.09065478550780653	0.9277076285750466	0.7374922518374214	2000.0	20260815.0	sign agreement and FDR Jaccard are descriptive
pairwise_cell_stability	gain_demean											C0/Q0/S2	C1/Q1/S2	C:Q	2.0	0.9750705270394862	0.8808452503503943	0.9848412249710574	0.9632948523278033	0.8552676085194076	0.9838710976303859	0.08836369001229034	0.05127653637343936	0.14155572301955996	0.903819714538975	0.6345430270663915	2000.0	20260815.0	sign agreement and FDR Jaccard are descriptive
pairwise_cell_stability	gain_demean											C0/Q0/S2	C1/Q2/S2	C:Q	2.0	0.9706614874361824	0.8710082675187557	0.9816640334238066	0.9650745675111252	0.854160251421907	0.9809662320342176	0.08712838889416652	0.05695605956098296	0.13931617797822818	0.9045749742216755	0.650696118845765	2000.0	20260815.0	sign agreement and FDR Jaccard are descriptive
pairwise_cell_stability	gain_demean											C0/Q0/S2	C2/Q0/S0	C:S	2.0	0.43926535118648885	0.3408723066993347	0.4165043730408416	0.43977644615454986	0.33793399291482273	0.42026728546626746	0.8806977952607843	0.8703326970742893	0.9304768708036883	0.6475062862931674	0.0015996000999750062	2000.0	20260815.0	sign agreement and FDR Jaccard are descriptive
pairwise_cell_stability	gain_demean											C0/Q0/S2	C2/Q1/S0	C:Q:S	3.0	0.44302686889487186	0.3337667248809058	0.42040555558551274	0.4348585824012626	0.317598849496636	0.4182188270560171	0.8763476310576264	0.8214204900519713	0.9336094770678798	0.6456203983429513	0.002049282751037137	2000.0	20260815.0	sign agreement and FDR Jaccard are descriptive
pairwise_cell_stability	gain_demean											C0/Q0/S2	C2/Q2/S0	C:Q:S	3.0	0.4356914159254895	0.323813568109644	0.41469143797088365	0.4304794253521189	0.31068136433999644	0.41394115783654045	0.8956613049268451	0.8251602133399156	0.9614228375463245	0.6458736590748747	0.002648940423830468	2000.0	20260815.0	sign agreement and FDR Jaccard are descriptive
pairwise_cell_stability	gain_demean											C0/Q0/S2	C2/Q0/S1	C:S	2.0	0.9121733164876552	0.8385518511384061	0.9034499916768687	0.9102991666465273	0.82274809125641	0.9026476053026754	0.17107331474150836	0.16251960957769676	0.19409540183714788	0.8436974257855605	0.4634863734546624	2000.0	20260815.0	sign agreement and FDR Jaccard are descriptive
pairwise_cell_stability	gain_demean											C0/Q0/S2	C2/Q1/S1	C:Q:S	3.0	0.9086791265930741	0.7947783831802754	0.9033506922428655	0.8926258588746632	0.751063278482425	0.9000447195182337	0.1842045119544731	0.16549128561503662	0.21492409669085064	0.8302293818629136	0.4433304272013949	2000.0	20260815.0	sign agreement and FDR Jaccard are descriptive
pairwise_cell_stability	gain_demean											C0/Q0/S2	C2/Q2/S1	C:Q:S	3.0	0.9014076941305863	0.7766729287653902	0.8974439888220948	0.8922352177558975	0.7515970780564384	0.894123150170636	0.187429504771023	0.17138634719455292	0.21674548102383545	0.8302293818629136	0.4617689870708109	2000.0	20260815.0	sign agreement and FDR Jaccard are descriptive
pairwise_cell_stability	gain_demean											C0/Q0/S2	C2/Q0/S2	C	1.0	0.9698796915638839	0.9189302244573004	0.9697744219772481	0.9688520792469791	0.9015434402983801	0.9681860583735248	0.08144520946850972	0.07216281734628802	0.12192962876131963	0.9079352014327321	0.6623627189076877	2000.0	20260815.0	sign agreement and FDR Jaccard are descriptive
pairwise_cell_stability	gain_demean											C0/Q0/S2	C2/Q1/S2	C:Q	2.0	0.9643616595443776	0.8693727812042897	0.968739548210189	0.9484258448397668	0.8230707530650162	0.9652770084040072	0.10478960093105215	0.07491406329920572	0.1577278757949563	0.8808860507606867	0.5737896494156928	2000.0	20260815.0	sign agreement and FDR Jaccard are descriptive
pairwise_cell_stability	gain_demean											C0/Q0/S2	C2/Q2/S2	C:Q	2.0	0.9592084264971008	0.8538257945172324	0.96519767303022	0.9522956057835316	0.8296133635204899	0.9624043248908204	0.10145496436244188	0.07857135075425348	0.15235564868887044	0.8850422402720743	0.5632682574114244	2000.0	20260815.0	sign agreement and FDR Jaccard are descriptive
pairwise_cell_stability	gain_demean											C0/Q1/S2	C0/Q2/S2	Q	1.0	0.9905302987529969	0.9400741562382978	0.9995838502296176	0.9881168294994139	0.9271127042235425	0.9995178662813321	0.05237811262411286	0.008987679516890185	0.10305222547338752	0.9519121185260225	0.7160384982734553	2000.0	20260815.0	sign agreement and FDR Jaccard are descriptive
pairwise_cell_stability	gain_demean											C0/Q1/S2	C1/Q0/S0	C:Q:S	3.0	0.4269438495455933	0.322913262611723	0.41434507663939757	0.43017678340355053	0.32649582426030527	0.420221718258087	0.912096409135316	0.9086986428880817	0.9571340867342194	0.6485374192731417	0.000916988416988417	2000.0	20260815.0	sign agreement and FDR Jaccard are descriptive
pairwise_cell_stability	gain_demean											C0/Q1/S2	C1/Q1/S0	C:S	2.0	0.4394158018800954	0.35494657766092924	0.42086792326645633	0.4370746406059521	0.3504233197002341	0.4217883512173578	0.906669148194901	0.8427958245882632	0.962374859326044	0.6520785470070009	0.0006274131274131274	2000.0	20260815.0	sign agreement and FDR Jaccard are descriptive
pairwise_cell_stability	gain_demean											C0/Q1/S2	C1/Q2/S0	C:Q:S	3.0	0.4344129106985653	0.3452693049248004	0.41652350283833023	0.4342452196321409	0.34203353527978997	0.4191715160421199	0.9247136302743934	0.8464643199534178	0.990651983250267	0.6513820799942112	0.0008204237247237102	2000.0	20260815.0	sign agreement and FDR Jaccard are descriptive
pairwise_cell_stability	gain_demean											C0/Q1/S2	C1/Q0/S1	C:Q:S	3.0	0.9131936912802865	0.8035322384995496	0.9125140103903466	0.9151726541746488	0.798403838815523	0.9146225885081727	0.16896733946180664	0.1586052847201469	0.20782971916234558	0.8547459252157239	0.3828110427159112	2000.0	20260815.0	sign agreement and FDR Jaccard are descriptive
pairwise_cell_stability	gain_demean											C0/Q1/S2	C1/Q1/S1	C:S	2.0	0.9253246594097867	0.8782586426099882	0.916842479081433	0.9202658763614352	0.8604548142014352	0.9172894489159078	0.16533184690994704	0.1482982435558576	0.18201225042234964	0.8602272110566399	0.4071718289085546	2000.0	20260815.0	sign agreement and FDR Jaccard are descriptive
pairwise_cell_stability	gain_demean											C0/Q1/S2	C1/Q2/S1	C:Q:S	3.0	0.9192493758268897	0.8448789992648461	0.913527107289178	0.9177103731896346	0.8387446887342975	0.9143079870362019	0.17140907011605996	0.1541658769327823	0.19390375240430488	0.8576267660413539	0.4358080579447714	2000.0	20260815.0	sign agreement and FDR Jaccard are descriptive
pairwise_cell_stability	gain_demean											C0/Q1/S2	C1/Q0/S2	C:Q	2.0	0.9767767439992483	0.8932114695735012	0.9845599935698144	0.9774803771797884	0.8740514508731725	0.9844140066045347	0.06929161047630572	0.051011067225257355	0.12998694545339257	0.9220770998028184	0.7142305547213522	2000.0	20260815.0	sign agreement and FDR Jaccard are descriptive
pairwise_cell_stability	gain_demean											C0/Q1/S2	C1/Q1/S2	C	1.0	0.9869152802546759	0.969563675852271	0.9868470690210046	0.9823636306300345	0.9460178868163157	0.986418504824793	0.06122145833776825	0.04608680514532136	0.0918653353200292	0.9295935165252628	0.716486452636413	2000.0	20260815.0	sign agreement and FDR Jaccard are descriptive
pairwise_cell_stability	gain_demean											C0/Q1/S2	C1/Q2/S2	C:Q	2.0	0.9806503369592816	0.9250843954133605	0.984961543969253	0.9796111144762663	0.9165961362856415	0.9844410901022013	0.06664772039494567	0.05070020365097848	0.10856491833942432	0.9267579008303334	0.6990119277250718	2000.0	20260815.0	sign agreement and FDR Jaccard are descriptive
pairwise_cell_stability	gain_demean											C0/Q1/S2	C2/Q0/S0	C:Q:S	3.0	0.43319042395149326	0.3169612205826787	0.4139240149878511	0.4358886747986935	0.3158008799842913	0.4172649458018396	0.8821352796685078	0.8706180999057864	0.9370502188137683	0.6462445051466199	0.0014478065730418417	2000.0	20260815.0	sign agreement and FDR Jaccard are descriptive
pairwise_cell_stability	gain_demean											C0/Q1/S2	C2/Q1/S0	C:S	2.0	0.4474101549013703	0.3496800274904695	0.42193126133780484	0.4436100542248724	0.33957823221285427	0.4207023365116192	0.8732237908546326	0.8102118407124238	0.9327556846962415	0.6492157962336511	0.0019303156066016794	2000.0	20260815.0	sign agreement and FDR Jaccard are descriptive
pairwise_cell_stability	gain_demean											C0/Q1/S2	C2/Q2/S0	C:Q:S	3.0	0.43994002494985046	0.3380920491590237	0.4169676170029896	0.43828418523480683	0.3312053739475807	0.41658080305617745	0.8928874662128875	0.8159654799591949	0.9599444163240979	0.6485555093254219	0.0025092891955797907	2000.0	20260815.0	sign agreement and FDR Jaccard are descriptive
pairwise_cell_stability	gain_demean											C0/Q1/S2	C2/Q0/S1	C:Q:S	3.0	0.9029273614100476	0.7815707710865024	0.9014086716572562	0.9045291528721477	0.7671375944956955	0.8996061473239685	0.1755118551822542	0.16394033141368095	0.21867742841577636	0.8398759022413574	0.45387157274269896	2000.0	20260815.0	sign agreement and FDR Jaccard are descriptive
pairwise_cell_stability	gain_demean											C0/Q1/S2	C2/Q1/S1	C:S	2.0	0.9175081136576806	0.8504655292193618	0.9064464561950869	0.9100360051496077	0.8190406562050989	0.9031025045857196	0.1714153199794554	0.15483340015552685	0.1974204573049816	0.8429331210767199	0.4695225268279967	2000.0	20260815.0	sign agreement and FDR Jaccard are descriptive
pairwise_cell_stability	gain_demean											C0/Q1/S2	C2/Q2/S1	C:Q:S	3.0	0.9097490882725887	0.8224365618067754	0.9018219867794253	0.9068451955299242	0.8048035904762341	0.8988635823477613	0.17684169067383637	0.16004247560901094	0.203880258560891	0.842580365057255	0.47747213156444707	2000.0	20260815.0	sign agreement and FDR Jaccard are descriptive
pairwise_cell_stability	gain_demean											C0/Q1/S2	C2/Q0/S2	C:Q	2.0	0.962904880807031	0.8680971104025864	0.9682789813042295	0.9640048120215933	0.8400118475986404	0.9664638460030307	0.0875106659205688	0.0741162571592073	0.14636706487543416	0.9023408527650645	0.6564046579330423	2000.0	20260815.0	sign agreement and FDR Jaccard are descriptive
pairwise_cell_stability	gain_demean											C0/Q1/S2	C2/Q1/S2	C	1.0	0.9736895149300553	0.9343945263112562	0.9718226731379098	0.9664669162230023	0.9009767894131344	0.9691091358246274	0.08445552775424592	0.06890835916379424	0.12654342227975585	0.9017303135006061	0.614938067433933	2000.0	20260815.0	sign agreement and FDR Jaccard are descriptive
pairwise_cell_stability	gain_demean											C0/Q1/S2	C2/Q2/S2	C:Q	2.0	0.9678458067120967	0.903054742557177	0.968979579279098	0.9662119584930132	0.8876688839410217	0.966718326996817	0.08537752620294413	0.0731284939715735	0.12901484358762333	0.9045840192478156	0.5920209576113373	2000.0	20260815.0	sign agreement and FDR Jaccard are descriptive
pairwise_cell_stability	gain_demean											C0/Q2/S2	C1/Q0/S0	C:Q:S	3.0	0.42147541926036775	0.31264042418649785	0.40889412642421685	0.4224535439205625	0.3167542594820709	0.414519050479579	0.9137280928004529	0.9113057578368501	0.9571519769521102	0.6470314224208108	0.0007693787266782073	2000.0	20260815.0	sign agreement and FDR Jaccard are descriptive
pairwise_cell_stability	gain_demean											C0/Q2/S2	C1/Q1/S0	C:Q:S	3.0	0.43266676733091425	0.338540955095818	0.4155695886023809	0.4254015757809566	0.32896855683209014	0.41636990701378573	0.9096997563428635	0.8456852590527707	0.9641574382930689	0.649206751207511	0.0005385651086747452	2000.0	20260815.0	sign agreement and FDR Jaccard are descriptive
pairwise_cell_stability	gain_demean											C0/Q2/S2	C1/Q2/S0	C:S	2.0	0.4371699736973148	0.3523192811139997	0.4195798574480504	0.43279681956830196	0.34567067015758174	0.4217232513329204	0.9239053067140919	0.8442696439939961	0.9886943211348248	0.6525624559054976	0.0006924142175719341	2000.0	20260815.0	sign agreement and FDR Jaccard are descriptive
pairwise_cell_stability	gain_demean											C0/Q2/S2	C1/Q0/S1	C:Q:S	3.0	0.9031128223821775	0.7852633027083626	0.9071091558744966	0.9019704305179721	0.7844307918859252	0.9077781162517056	0.176883491396354	0.16155960085387264	0.21236930906820814	0.8468360498561841	0.30996849684968497	2000.0	20260815.0	sign agreement and FDR Jaccard are descriptive
pairwise_cell_stability	gain_demean											C0/Q2/S2	C1/Q1/S1	C:Q:S	3.0	0.913200884523903	0.8339628788889458	0.9124298085956313	0.8983743157536311	0.8070102229784151	0.9102010997673287	0.17998762394045656	0.1541126697606744	0.20786379111013048	0.8475053817905533	0.3222792569888105	2000.0	20260815.0	sign agreement and FDR Jaccard are descriptive
pairwise_cell_stability	gain_demean											C0/Q2/S2	C1/Q2/S1	C:S	2.0	0.924721909429288	0.8769324167834788	0.9168041807244103	0.9153725185513978	0.849802363854993	0.916973377548406	0.17028341673732592	0.1498260928785049	0.1899664716036266	0.8589609073970224	0.36985743380855396	2000.0	20260815.0	sign agreement and FDR Jaccard are descriptive
pairwise_cell_stability	gain_demean											C0/Q2/S2	C1/Q0/S2	C:Q	2.0	0.9682481147867383	0.8759357465482899	0.9807803620123523	0.967886589267084	0.8685248038352028	0.9799037457109927	0.08483752819389516	0.05826490671949499	0.13657715045942218	0.9081975071907957	0.6243401443602542	2000.0	20260815.0	sign agreement and FDR Jaccard are descriptive
pairwise_cell_stability	gain_demean											C0/Q2/S2	C1/Q1/S2	C:Q	2.0	0.9764315362938095	0.9234496575087235	0.9842848145373702	0.9622074442765295	0.890661772916667	0.9828304723775249	0.091906405879765	0.052557537022691725	0.13111473467222093	0.9041453354800195	0.5905303939383549	2000.0	20260815.0	sign agreement and FDR Jaccard are descriptive
pairwise_cell_stability	gain_demean											C0/Q2/S2	C1/Q2/S2	C	1.0	0.9866895863419225	0.9681385090069711	0.9873762089868666	0.9787279077999718	0.9374782884598288	0.9866380492603786	0.06925141536324683	0.046451775239046	0.10225160862927203	0.9253333092132636	0.7017778090085026	2000.0	20260815.0	sign agreement and FDR Jaccard are descriptive
pairwise_cell_stability	gain_demean											C0/Q2/S2	C2/Q0/S0	C:Q:S	3.0	0.43045688739062776	0.3103223239796519	0.41076160009547463	0.43049889123465307	0.3113920020072173	0.41352877953252054	0.8829580103288698	0.872986765678044	0.9358400549811856	0.6455163805423397	0.0012310059626851318	2000.0	20260815.0	sign agreement and FDR Jaccard are descriptive
pairwise_cell_stability	gain_demean											C0/Q2/S2	C2/Q1/S0	C:Q:S	3.0	0.4430665719935075	0.3387442693932569	0.4178098857779029	0.4335463601120336	0.3221888416017703	0.4161138248107577	0.8757259942715352	0.8124201299238526	0.9338807492178129	0.6469319271332694	0.0015771050505827596	2000.0	20260815.0	sign agreement and FDR Jaccard are descriptive
pairwise_cell_stability	gain_demean											C0/Q2/S2	C2/Q2/S0	C:S	2.0	0.44390303125300323	0.3461710903712816	0.42114229229254196	0.43727615976248585	0.3323509181338215	0.4195084522332649	0.8919941923650248	0.8142801266399095	0.9590730814267219	0.6501067313084535	0.0020386183552580967	2000.0	20260815.0	sign agreement and FDR Jaccard are descriptive
pairwise_cell_stability	gain_demean											C0/Q2/S2	C2/Q0/S1	C:Q:S	3.0	0.8965736027872155	0.7683527454545692	0.8957821087158614	0.8940207505415412	0.7572271372754072	0.8933836056290033	0.18148748659906877	0.16623174999951884	0.2215578490428966	0.8330876101231932	0.37969513529283055	2000.0	20260815.0	sign agreement and FDR Jaccard are descriptive
pairwise_cell_stability	gain_demean											C0/Q2/S2	C2/Q1/S1	C:Q:S	3.0	0.9085799134953109	0.8211025293678259	0.901950750025361	0.8898520668312627	0.770440820656822	0.8966320160769851	0.18463938629337548	0.159910462132421	0.21971015041579667	0.830618317986939	0.38021109110805185	2000.0	20260815.0	sign agreement and FDR Jaccard are descriptive
pairwise_cell_stability	gain_demean											C0/Q2/S2	C2/Q2/S1	C:S	2.0	0.9160678958339059	0.8501229449461168	0.9060395713693651	0.904268548738179	0.8098311633269365	0.9030185787167316	0.17646547206307744	0.1540656012086621	0.20603732167780425	0.843661245681	0.4189146190560368	2000.0	20260815.0	sign agreement and FDR Jaccard are descriptive
pairwise_cell_stability	gain_demean											C0/Q2/S2	C2/Q0/S2	C:Q	2.0	0.9566615473694922	0.8566233807980735	0.9640729748101816	0.9552194590323906	0.8323629162193411	0.9616041570238028	0.09992898807918349	0.08080002657900458	0.15590016531293857	0.8907315617142133	0.6380933952528379	2000.0	20260815.0	sign agreement and FDR Jaccard are descriptive
pairwise_cell_stability	gain_demean											C0/Q2/S2	C2/Q1/S2	C:Q	2.0	0.9650503808222204	0.9030846029404395	0.9680415893921329	0.9463456870855664	0.8420089905155168	0.9645187339197021	0.10926125528578658	0.07530120353765961	0.15885183935416522	0.8798096926500117	0.5718850785572684	2000.0	20260815.0	sign agreement and FDR Jaccard are descriptive
pairwise_cell_stability	gain_demean											C0/Q2/S2	C2/Q2/S2	C	1.0	0.9737883899222729	0.9358509641644976	0.9724912134250636	0.9644179376105162	0.8943292442866645	0.9700443689178321	0.08933891964420869	0.06884833176598883	0.13358745556756807	0.9027885815590007	0.6427160421027803	2000.0	20260815.0	sign agreement and FDR Jaccard are descriptive
pairwise_cell_stability	gain_demean											C1/Q0/S0	C1/Q1/S0	Q	1.0	0.9695785380851547	0.851050987187419	0.9996604920059686	0.9690778143808323	0.8486889962179486	0.9996606522400334	0.24920638626481648	0.026711835231627828	0.5325350583772271	0.9247318149749453	0.5454545454545454	2000.0	20260815.0	sign agreement and FDR Jaccard are descriptive
pairwise_cell_stability	gain_demean											C1/Q0/S0	C1/Q2/S0	Q	1.0	0.9468303290201509	0.8061092710175908	0.9951928739317406	0.9467523014140374	0.8050175022566042	0.9952127120247635	0.3302537691389982	0.10101855254507085	0.6058009602356946	0.8976419616852692	0.5	2000.0	20260815.0	sign agreement and FDR Jaccard are descriptive
pairwise_cell_stability	gain_demean											C1/Q0/S0	C1/Q0/S1	S	1.0	0.6037049772311162	0.5646908560297371	0.5979650204599941	0.6048730036006668	0.5655497158025751	0.6005650048082487	0.8243958943689536	0.8227867772676014	0.8665536610545675	0.7209880786555473	0.0022386389075442132	2000.0	20260815.0	sign agreement and FDR Jaccard are descriptive
pairwise_cell_stability	gain_demean											C1/Q0/S0	C1/Q1/S1	Q:S	2.0	0.5907037869531679	0.4952918796763843	0.5946764371713829	0.5923302126512597	0.49596602381310895	0.597557600318668	0.830410864421995	0.8249008913013048	0.8891572824949364	0.7147289205665804	0.002038528182652125	2000.0	20260815.0	sign agreement and FDR Jaccard are descriptive
pairwise_cell_stability	gain_demean											C1/Q0/S0	C1/Q2/S1	Q:S	2.0	0.583015994308535	0.47554921725232446	0.5899366781854919	0.5850985860218916	0.47648489179861386	0.593069189460958	0.8325969981690368	0.827335833993264	0.8905210435235991	0.7107084064472946	0.0018185124568103291	2000.0	20260815.0	sign agreement and FDR Jaccard are descriptive
pairwise_cell_stability	gain_demean											C1/Q0/S0	C1/Q0/S2	S	1.0	0.44096742810033573	0.36334501746085435	0.4264540266631169	0.44366750614862904	0.36557499638097196	0.4336604788298963	0.9071658195087456	0.9036760853107526	0.9493002407788731	0.6552126485645543	0.0009875773169083632	2000.0	20260815.0	sign agreement and FDR Jaccard are descriptive
pairwise_cell_stability	gain_demean											C1/Q0/S0	C1/Q1/S2	Q:S	2.0	0.43543656278265064	0.33533126747972924	0.42446935805984265	0.43812390120214295	0.33678400548855375	0.4311145115717055	0.9092986689784854	0.9048911509233563	0.9551777637248344	0.652372510356555	0.0009315095357160367	2000.0	20260815.0	sign agreement and FDR Jaccard are descriptive
pairwise_cell_stability	gain_demean											C1/Q0/S0	C1/Q2/S2	Q:S	2.0	0.4308185493729257	0.3232213935566824	0.41999084505963447	0.43424463165031557	0.32641620652429226	0.42714310009168494	0.9099922441222387	0.9067650111787419	0.9549254029177087	0.6507398831382623	0.0008466268603511273	2000.0	20260815.0	sign agreement and FDR Jaccard are descriptive
pairwise_cell_stability	gain_demean											C1/Q0/S0	C2/Q0/S0	C	1.0	0.9456681928306702	0.9218957652834658	0.9563551943504309	0.9458564313308478	0.921744962235727	0.9564170387724281	0.32668849041372683	0.29530903589030694	0.39152666218742355	0.9195128348920928	0.4857142857142857	2000.0	20260815.0	sign agreement and FDR Jaccard are descriptive
pairwise_cell_stability	gain_demean											C1/Q0/S0	C2/Q1/S0	C:Q	2.0	0.9179513102231895	0.7989608555143243	0.9513980013833025	0.9172517945526119	0.7987710652930508	0.9512045396453107	0.4024865236829091	0.3108909913667019	0.6075977403546214	0.8882125219341884	0.4	2000.0	20260815.0	sign agreement and FDR Jaccard are descriptive
pairwise_cell_stability	gain_demean											C1/Q0/S0	C2/Q2/S0	C:Q	2.0	0.8959197602244136	0.7568262670432979	0.9443540936886429	0.8957280850549549	0.7551416521679887	0.9443564088923647	0.45467391807770274	0.33364280569433	0.6662928922956133	0.8700139293402558	0.26666666666666666	2000.0	20260815.0	sign agreement and FDR Jaccard are descriptive
pairwise_cell_stability	gain_demean											C1/Q0/S0	C2/Q0/S1	C:S	2.0	0.5791929493134561	0.5331318556395374	0.5743737175447174	0.5809993170689082	0.5317503589850794	0.579216786238963	0.8366244934330611	0.8357837990505145	0.8807674547683636	0.7156243781544529	0.0016893318692457132	2000.0	20260815.0	sign agreement and FDR Jaccard are descriptive
pairwise_cell_stability	gain_demean											C1/Q0/S0	C2/Q1/S1	C:Q:S	3.0	0.5684477532521671	0.473475901916248	0.5712317899413929	0.5695781676277533	0.4744713520277011	0.5760344342866818	0.8420929226475704	0.8372717877236716	0.9005443438667108	0.710450623202301	0.0015261350629530714	2000.0	20260815.0	sign agreement and FDR Jaccard are descriptive
pairwise_cell_stability	gain_demean											C1/Q0/S0	C2/Q2/S1	C:Q:S	3.0	0.561083554944049	0.4554278299055832	0.5680311390949006	0.5631523508787077	0.4563084504340144	0.5715195643173953	0.8442482274726288	0.8397423729852571	0.9019571497775749	0.7068959279292317	0.0014145271942853101	2000.0	20260815.0	sign agreement and FDR Jaccard are descriptive
pairwise_cell_stability	gain_demean											C1/Q0/S0	C2/Q0/S2	C:S	2.0	0.4308292320428719	0.3496194132221294	0.4158296456812161	0.43410490787364775	0.35120202073575707	0.4243968642288948	0.9106967116831438	0.9082857785213501	0.9535481633118286	0.652879031820402	0.0008064841324246946	2000.0	20260815.0	sign agreement and FDR Jaccard are descriptive
pairwise_cell_stability	gain_demean											C1/Q0/S0	C2/Q1/S2	C:Q:S	3.0	0.4262178157190392	0.32481123541306883	0.4137012783579084	0.4281250642673481	0.3245523836895805	0.42230790237724775	0.9128513201181392	0.9088534282997925	0.958650123790859	0.6499167857595108	0.0007371913011426465	2000.0	20260815.0	sign agreement and FDR Jaccard are descriptive
pairwise_cell_stability	gain_demean											C1/Q0/S0	C2/Q2/S2	C:Q:S	3.0	0.42254206707661357	0.31437105845843516	0.41092770557774794	0.4258955657443797	0.3175251394150653	0.418988825107381	0.9132166720571291	0.9107035353798696	0.9586250155761096	0.6486821396913837	0.0006729248679384947	2000.0	20260815.0	sign agreement and FDR Jaccard are descriptive
pairwise_cell_stability	gain_demean											C1/Q1/S0	C1/Q2/S0	Q	1.0	0.9751809871365796	0.885211814205133	0.9991306193721536	0.975128113541738	0.8850906117404399	0.9991305995440855	0.22584815862322255	0.04197850777919082	0.47578152586562866	0.9294487961070208	0.5714285714285714	2000.0	20260815.0	sign agreement and FDR Jaccard are descriptive
pairwise_cell_stability	gain_demean											C1/Q1/S0	C1/Q0/S1	Q:S	2.0	0.5981966966611572	0.5143894201929261	0.5967839578995755	0.5952396439947408	0.504329200269416	0.5981260015519326	0.8262630819103017	0.7854968021213334	0.8781115722457531	0.7163977278894336	0.0015670472352809493	2000.0	20260815.0	sign agreement and FDR Jaccard are descriptive
pairwise_cell_stability	gain_demean											C1/Q1/S0	C1/Q1/S1	S	1.0	0.607991885060642	0.5683953957040107	0.6002201291871284	0.6082400252104948	0.5686298687939241	0.6015123224381367	0.8197153531401963	0.7644774603918666	0.8742833744772945	0.7220418242008719	0.0014269697278564877	2000.0	20260815.0	sign agreement and FDR Jaccard are descriptive
pairwise_cell_stability	gain_demean											C1/Q1/S0	C1/Q2/S1	Q:S	2.0	0.5988330140126059	0.5241187078785681	0.5960216281147341	0.5983743571670309	0.5232314609200085	0.5979537937837557	0.8231297194586946	0.7667944382382798	0.8803911267209437	0.7169901771016118	0.0012729587197672304	2000.0	20260815.0	sign agreement and FDR Jaccard are descriptive
pairwise_cell_stability	gain_demean											C1/Q1/S0	C1/Q0/S2	Q:S	2.0	0.4418105786336489	0.3482374908004237	0.42766042890267436	0.4387048903187395	0.3371625698329022	0.4309108932916003	0.9060105023312194	0.8495525966040302	0.9595499295128568	0.653390075797319	0.0006757107957794064	2000.0	20260815.0	sign agreement and FDR Jaccard are descriptive
pairwise_cell_stability	gain_demean											C1/Q1/S0	C1/Q1/S2	S	1.0	0.4477311319673146	0.3685393756550142	0.4305579721284953	0.4482969011389483	0.36921905933517385	0.43426938852574337	0.9026848489763961	0.8383597854934403	0.957614946233706	0.6572251668807323	0.0006373486297004461	2000.0	20260815.0	sign agreement and FDR Jaccard are descriptive
pairwise_cell_stability	gain_demean											C1/Q1/S0	C1/Q2/S2	Q:S	2.0	0.44235357194113406	0.35259844677213387	0.4266177806473957	0.4421474077369929	0.3511590349969808	0.4296187569890846	0.9041545927566367	0.8394811679407088	0.9588755396220051	0.6548508475189493	0.0005792710097139292	2000.0	20260815.0	sign agreement and FDR Jaccard are descriptive
pairwise_cell_stability	gain_demean											C1/Q1/S0	C2/Q0/S0	C:Q	2.0	0.9124971991190443	0.7817418325313584	0.9513112448367452	0.9121986267187622	0.7803718388723813	0.9512918803297523	0.4145123893535134	0.31269271347288	0.6293073897732258	0.8883481973262902	0.2777777777777778	2000.0	20260815.0	sign agreement and FDR Jaccard are descriptive
pairwise_cell_stability	gain_demean											C1/Q1/S0	C2/Q1/S0	C	1.0	0.9453480445632413	0.9203136316326889	0.9564229733533597	0.9453469308485212	0.9200800957763954	0.9564075270836861	0.32694109994043985	0.28674336600131295	0.39633256799126193	0.9191238987680674	0.29545454545454547	2000.0	20260815.0	sign agreement and FDR Jaccard are descriptive
pairwise_cell_stability	gain_demean											C1/Q1/S0	C2/Q2/S0	C:Q	2.0	0.9222335130489077	0.8295872686371533	0.9513909937571693	0.9222915873069902	0.829525998176487	0.9510986505944696	0.39187282431667364	0.3078459891229836	0.569136964803192	0.8938611407586968	0.22807017543859648	2000.0	20260815.0	sign agreement and FDR Jaccard are descriptive
pairwise_cell_stability	gain_demean											C1/Q1/S0	C2/Q0/S1	C:Q:S	3.0	0.5724094076907895	0.48672732062617824	0.5724425970712356	0.5705120633413958	0.4723712331509958	0.5750839587386347	0.8388031651194886	0.7988047870044395	0.8925487351202476	0.7114410535646448	0.0011825323084719993	2000.0	20260815.0	sign agreement and FDR Jaccard are descriptive
pairwise_cell_stability	gain_demean											C1/Q1/S0	C2/Q1/S1	C:S	2.0	0.5835192598578307	0.5368350153711375	0.5764685659972688	0.5839355577831103	0.5359681901718292	0.5790893128176594	0.8323162187408997	0.77465578606734	0.8888141488476248	0.7176278514444907	0.0010682945440671499	2000.0	20260815.0	sign agreement and FDR Jaccard are descriptive
pairwise_cell_stability	gain_demean											C1/Q1/S0	C2/Q2/S1	C:Q:S	3.0	0.5754910459645376	0.5006798957649298	0.5721949320666639	0.5755603654538493	0.49945686140448475	0.5750628875738552	0.8353648784322858	0.7766469702413084	0.8931949224544116	0.7136570849689755	0.000990169035999717	2000.0	20260815.0	sign agreement and FDR Jaccard are descriptive
pairwise_cell_stability	gain_demean											C1/Q1/S0	C2/Q0/S2	C:Q:S	3.0	0.43123895229473025	0.3366478497093649	0.41729034678210963	0.429390889637103	0.3226051180813518	0.420844332508447	0.9094413358799199	0.8529292282658496	0.9640769389319572	0.6512825847066698	0.0005645388926972862	2000.0	20260815.0	sign agreement and FDR Jaccard are descriptive
pairwise_cell_stability	gain_demean											C1/Q1/S0	C2/Q1/S2	C:S	2.0	0.43728717368196623	0.35441605635709583	0.42002028297112104	0.43795732902754203	0.3542437809340809	0.4243140033337192	0.9063718715224638	0.8416380070838131	0.9628205298370118	0.6547784873098283	0.0005160339107998526	2000.0	20260815.0	sign agreement and FDR Jaccard are descriptive
pairwise_cell_stability	gain_demean											C1/Q1/S0	C2/Q2/S2	C:Q:S	3.0	0.4331734982118269	0.34165399455168904	0.41627099148418056	0.43336754079496453	0.3416148300858013	0.420620855626661	0.9075590332995054	0.8433089573602278	0.9636193886322951	0.6526122035492683	0.00047104740755694624	2000.0	20260815.0	sign agreement and FDR Jaccard are descriptive
pairwise_cell_stability	gain_demean											C1/Q2/S0	C1/Q0/S1	Q:S	2.0	0.5883942272449392	0.49961614812536476	0.5894104212764429	0.5872296706501328	0.4917164828751312	0.5916923339365519	0.8467262051464925	0.7932508112050762	0.9088851821212874	0.7131957886358291	0.0021267069621670027	2000.0	20260815.0	sign agreement and FDR Jaccard are descriptive
pairwise_cell_stability	gain_demean											C1/Q2/S0	C1/Q1/S1	Q:S	2.0	0.5966550705726825	0.5314304082721414	0.593537960932589	0.5975148581511969	0.5326880415597678	0.596352352969557	0.8415560962937695	0.7760536005070342	0.9046699050787276	0.7175193111308091	0.0019366017735195189	2000.0	20260815.0	sign agreement and FDR Jaccard are descriptive
pairwise_cell_stability	gain_demean											C1/Q2/S0	C1/Q2/S1	S	1.0	0.6070272560347898	0.5675456219109903	0.6001617934588448	0.6075264097516162	0.5678345041283597	0.601934767302136	0.8350501721071517	0.7668618566457643	0.8975247349566761	0.7218021310081586	0.0017275868339698126	2000.0	20260815.0	sign agreement and FDR Jaccard are descriptive
pairwise_cell_stability	gain_demean											C1/Q2/S0	C1/Q0/S2	Q:S	2.0	0.4367920860713963	0.3395558676824949	0.4234103201065647	0.43603822300567274	0.3339459206594475	0.42784473217708024	0.9239957544217915	0.8538328901203622	0.9878133452647804	0.6524493930787459	0.0009355995633868704	2000.0	20260815.0	sign agreement and FDR Jaccard are descriptive
pairwise_cell_stability	gain_demean											C1/Q2/S0	C1/Q1/S2	Q:S	2.0	0.44168000997168183	0.3568298713981464	0.42550258430653043	0.44311163774322493	0.35811807129227197	0.4302676659389941	0.9215870000159612	0.8440654413134636	0.9869052020270017	0.655551837044809	0.0008824827180467715	2000.0	20260815.0	sign agreement and FDR Jaccard are descriptive
pairwise_cell_stability	gain_demean											C1/Q2/S0	C1/Q2/S2	S	1.0	0.44593637512974355	0.36610785450093264	0.4296423399209757	0.44709559250693226	0.36716770998387077	0.4351032281673453	0.9193325984081556	0.8401366409320545	0.9847557066415947	0.6579713815372926	0.0008020675519115943	2000.0	20260815.0	sign agreement and FDR Jaccard are descriptive
pairwise_cell_stability	gain_demean											C1/Q2/S0	C2/Q0/S0	C:Q	2.0	0.8946724420695117	0.7474722537223195	0.945119210274969	0.8947694730515755	0.747458181976666	0.9451276275977366	0.459072630349597	0.335655979990603	0.6701710195396934	0.872329456032128	0.34210526315789475	2000.0	20260815.0	sign agreement and FDR Jaccard are descriptive
pairwise_cell_stability	gain_demean											C1/Q2/S0	C2/Q1/S0	C:Q	2.0	0.9254416903637618	0.8378557507235603	0.9520852682995521	0.9253004405249969	0.8368828094941578	0.9519578667921151	0.38704664783600967	0.30749451184473736	0.5562679850993677	0.8959776768754861	0.37777777777777777	2000.0	20260815.0	sign agreement and FDR Jaccard are descriptive
pairwise_cell_stability	gain_demean											C1/Q2/S0	C2/Q2/S0	C	1.0	0.9470011323056993	0.9204668766875221	0.9582103350082817	0.9470325374849502	0.9199437258086879	0.9581100326457006	0.3277875504924326	0.2857783728628533	0.4050946810787474	0.9221087573943089	0.3157894736842105	2000.0	20260815.0	sign agreement and FDR Jaccard are descriptive
pairwise_cell_stability	gain_demean											C1/Q2/S0	C2/Q0/S1	C:Q:S	3.0	0.5647933263673359	0.4715056932768792	0.566480631001284	0.5644850242209143	0.4642174046007535	0.5704934503325562	0.8582376065044498	0.803911083606731	0.9225638674192542	0.7093516525262759	0.0016048652757834276	2000.0	20260815.0	sign agreement and FDR Jaccard are descriptive
pairwise_cell_stability	gain_demean											C1/Q2/S0	C2/Q1/S1	C:Q:S	3.0	0.574236364144574	0.5074878219869968	0.5701738972606768	0.5750023403758568	0.5061815108749129	0.5751032027846767	0.8531806188553152	0.7848722591482907	0.9189156734202002	0.7142178765896633	0.0014498283098054179	2000.0	20260815.0	sign agreement and FDR Jaccard are descriptive
pairwise_cell_stability	gain_demean											C1/Q2/S0	C2/Q2/S1	C:S	2.0	0.5838087590972538	0.5367913283216811	0.5775370987996717	0.584650341454582	0.5359829040295736	0.5817264940454592	0.8474476252988876	0.7788756760648187	0.9133986976494262	0.718586624215344	0.0013438008345710447	2000.0	20260815.0	sign agreement and FDR Jaccard are descriptive
pairwise_cell_stability	gain_demean											C1/Q2/S0	C2/Q0/S2	C:Q:S	3.0	0.42707401776998344	0.3281026548366238	0.4132092561525839	0.4272896773975289	0.3214097385764151	0.41882701523631966	0.9272201527082781	0.8560390926656113	0.9923999072225652	0.6504956674324789	0.0007661599258034598	2000.0	20260815.0	sign agreement and FDR Jaccard are descriptive
pairwise_cell_stability	gain_demean											C1/Q2/S0	C2/Q1/S2	C:Q:S	3.0	0.4319749685904917	0.3431419174357431	0.41565097899610326	0.43317135122516787	0.34299615669821604	0.42184882619000813	0.9251199724360176	0.8457740890701694	0.9907370304155526	0.65345791349337	0.0007003317360855142	2000.0	20260815.0	sign agreement and FDR Jaccard are descriptive
pairwise_cell_stability	gain_demean											C1/Q2/S0	C2/Q2/S2	C:S	2.0	0.43665212509839824	0.3538812373050384	0.4211920450705942	0.43804717957302547	0.35322299747836294	0.42675395747684747	0.9228586592191748	0.8441034353067759	0.989060261430684	0.6553709365220065	0.0006392786245415699	2000.0	20260815.0	sign agreement and FDR Jaccard are descriptive
pairwise_cell_stability	gain_demean											C1/Q0/S1	C1/Q1/S1	Q	1.0	0.9858808721003259	0.8963525145324214	0.9998327858234155	0.9824080120736494	0.8772742273070718	0.9997969209411093	0.07596372442226762	0.007377559480412812	0.16434071980794432	0.9371370683261274	0.7609206200093941	2000.0	20260815.0	sign agreement and FDR Jaccard are descriptive
pairwise_cell_stability	gain_demean											C1/Q0/S1	C1/Q2/S1	Q	1.0	0.9756396013524463	0.8734026026308745	0.9971433260251291	0.9746540310850229	0.8653730877686882	0.9970639001847925	0.09214079996128946	0.02826904815043468	0.1729666849129513	0.9213761102769586	0.7035897435897436	2000.0	20260815.0	sign agreement and FDR Jaccard are descriptive
pairwise_cell_stability	gain_demean											C1/Q0/S1	C1/Q0/S2	S	1.0	0.9387794956907248	0.9072838662071953	0.9336699455249735	0.9397567132207577	0.908602893511213	0.936283274141444	0.14831598374231425	0.14206860226511203	0.15113224557856672	0.8814016172506739	0.43012335651555916	2000.0	20260815.0	sign agreement and FDR Jaccard are descriptive
pairwise_cell_stability	gain_demean											C1/Q0/S1	C1/Q1/S2	Q:S	2.0	0.9282699684729747	0.8284266337143333	0.9310047065101754	0.9268437856226116	0.8153120583889952	0.9335844687300007	0.15973468480325645	0.14437379425725239	0.2025069573307512	0.8661969283091228	0.4054338971680483	2000.0	20260815.0	sign agreement and FDR Jaccard are descriptive
pairwise_cell_stability	gain_demean											C1/Q0/S1	C1/Q2/S2	Q:S	2.0	0.9195358216826096	0.8069170646083924	0.9258513162222821	0.9207021540206977	0.798842465122475	0.9290724714952492	0.163132499693545	0.14669423042566862	0.20456253824226603	0.8601051032037482	0.3694893059799214	2000.0	20260815.0	sign agreement and FDR Jaccard are descriptive
pairwise_cell_stability	gain_demean											C1/Q0/S1	C2/Q0/S0	C:S	2.0	0.5957068301241407	0.5419214902248414	0.5827905743979881	0.5966598388433881	0.5398988302513379	0.5851608560246275	0.8013400867232399	0.7938884515019625	0.850490879908581	0.7154208650663001	0.003581822252070741	2000.0	20260815.0	sign agreement and FDR Jaccard are descriptive
pairwise_cell_stability	gain_demean											C1/Q0/S1	C2/Q1/S0	C:Q:S	3.0	0.5922697704683298	0.501776552056537	0.5817056970856247	0.5882967666323214	0.49004636985445466	0.5812255357992712	0.7995096278043538	0.7613873982941798	0.8553820616165171	0.710875739430887	0.004813073651220058	2000.0	20260815.0	sign agreement and FDR Jaccard are descriptive
pairwise_cell_stability	gain_demean											C1/Q0/S1	C2/Q2/S0	C:Q:S	3.0	0.5800217346532103	0.4822726136719286	0.5733388141623901	0.5778409994998114	0.4725689447388248	0.5743685198540976	0.8217980898887262	0.7707664193490941	0.8862902800684518	0.7079089708569257	0.006268188941123797	2000.0	20260815.0	sign agreement and FDR Jaccard are descriptive
pairwise_cell_stability	gain_demean											C1/Q0/S1	C2/Q0/S1	C	1.0	0.9738136528326735	0.9453864483991734	0.9748087016398411	0.9742648095857249	0.9408054167399246	0.9751723858926364	0.09154982676673269	0.08196036482726514	0.12017799678556815	0.9320808987137973	0.6938193085453359	2000.0	20260815.0	sign agreement and FDR Jaccard are descriptive
pairwise_cell_stability	gain_demean											C1/Q0/S1	C2/Q1/S1	C:Q	2.0	0.9635682463756267	0.8703207710409271	0.9726333694133571	0.9584439252215947	0.8479845722443015	0.9716833602406302	0.11633148428113091	0.08737563263677482	0.1851541329365583	0.9051448108685034	0.6106847913469269	2000.0	20260815.0	sign agreement and FDR Jaccard are descriptive
pairwise_cell_stability	gain_demean											C1/Q0/S1	C2/Q2/S1	C:Q	2.0	0.9525549125168999	0.8372042959663379	0.9679974872336158	0.9508909736848149	0.8315757585373472	0.9671043372914306	0.12721430158437602	0.09450030559900326	0.19058681140256217	0.8958284339441741	0.5696986189536704	2000.0	20260815.0	sign agreement and FDR Jaccard are descriptive
pairwise_cell_stability	gain_demean											C1/Q0/S1	C2/Q0/S2	C:S	2.0	0.9195710671282552	0.8692173335985497	0.9139396944240873	0.9214513842902302	0.8664264601680814	0.9181127295643906	0.1640156438288877	0.15756092709889516	0.1779769126540558	0.8675717722824219	0.34191264221497336	2000.0	20260815.0	sign agreement and FDR Jaccard are descriptive
pairwise_cell_stability	gain_demean											C1/Q0/S1	C2/Q1/S2	C:Q:S	3.0	0.9112489742595995	0.8084148968468584	0.9118436206033177	0.9077534280780214	0.7869336290657098	0.9138976361944777	0.1747063497320334	0.1593124258522709	0.21446175549647178	0.8504088351815337	0.3111321166290991	2000.0	20260815.0	sign agreement and FDR Jaccard are descriptive
pairwise_cell_stability	gain_demean											C1/Q0/S1	C2/Q2/S2	C:Q:S	3.0	0.9042038537959219	0.78388029177722	0.9074078263225777	0.9050439021977423	0.7819953879989587	0.9104439350545723	0.17587744905726058	0.16078294279130467	0.21535522700743492	0.8480616508981711	0.28742714404662784	2000.0	20260815.0	sign agreement and FDR Jaccard are descriptive
pairwise_cell_stability	gain_demean											C1/Q1/S1	C1/Q2/S1	Q	1.0	0.9878563892795829	0.9271213812076786	0.9994680355974461	0.9873947151141207	0.9249500102138267	0.9994638391093504	0.0651497892666219	0.01207236251116783	0.13593615756744604	0.9467745436784313	0.7551450742240216	2000.0	20260815.0	sign agreement and FDR Jaccard are descriptive
pairwise_cell_stability	gain_demean											C1/Q1/S1	C1/Q0/S2	Q:S	2.0	0.929759680671116	0.8370689898101933	0.9315308541601299	0.9232080440063845	0.8027873081879682	0.932731699276684	0.16279327299736376	0.14709625692058176	0.19009103326570723	0.865853217315798	0.43098522167487685	2000.0	20260815.0	sign agreement and FDR Jaccard are descriptive
pairwise_cell_stability	gain_demean											C1/Q1/S1	C1/Q1/S2	S	1.0	0.9402432402785159	0.9080661714705611	0.9349256353901528	0.9404507804855906	0.9089011488307536	0.9359958729847475	0.14849180411701543	0.13280847321343842	0.15307368844069252	0.8812749868847121	0.4439292543021032	2000.0	20260815.0	sign agreement and FDR Jaccard are descriptive
pairwise_cell_stability	gain_demean											C1/Q1/S1	C1/Q2/S2	Q:S	2.0	0.9303644656966142	0.8576801043063479	0.9306246102633884	0.9293338441639895	0.8538365376999735	0.932188420164703	0.15625146109339721	0.13693988001556776	0.18218358252058794	0.8713752057743447	0.39836975372875477	2000.0	20260815.0	sign agreement and FDR Jaccard are descriptive
pairwise_cell_stability	gain_demean											C1/Q1/S1	C2/Q0/S0	C:Q:S	3.0	0.5802049288638675	0.47006993665842883	0.5795120213954635	0.5817869910681239	0.4665193305914725	0.5802350225021029	0.8084990668781393	0.7946967866527365	0.8801899416693043	0.7096501383888999	0.0032616450922434	2000.0	20260815.0	sign agreement and FDR Jaccard are descriptive
pairwise_cell_stability	gain_demean											C1/Q1/S1	C2/Q1/S0	C:S	2.0	0.5994862543165609	0.5436296470900643	0.5851749803208947	0.5993463284824375	0.5401428292142862	0.5853477652246412	0.7939442804784941	0.7385380790457634	0.8514893661626597	0.7160947195137394	0.004382835592702069	2000.0	20260815.0	sign agreement and FDR Jaccard are descriptive
pairwise_cell_stability	gain_demean											C1/Q1/S1	C2/Q2/S0	C:Q:S	3.0	0.5868788830016525	0.5116792245621028	0.5781337684811748	0.5873836478335309	0.5091004863201293	0.5789650521863638	0.817018588674604	0.7517655320196968	0.8820372084296046	0.7126847446589121	0.005707878911425951	2000.0	20260815.0	sign agreement and FDR Jaccard are descriptive
pairwise_cell_stability	gain_demean											C1/Q1/S1	C2/Q0/S1	C:Q	2.0	0.9579022822223263	0.8508413529707467	0.9718807672046752	0.9557984584591681	0.8247010328427027	0.9718591305325389	0.12006748101889352	0.0874389486977461	0.1969994660447885	0.9081296694947448	0.6583684412102643	2000.0	20260815.0	sign agreement and FDR Jaccard are descriptive
pairwise_cell_stability	gain_demean											C1/Q1/S1	C2/Q1/S1	C	1.0	0.9744114035055642	0.9450568916171721	0.9754316511185696	0.9742923018435445	0.9394539701431446	0.9751230767436128	0.0915988134045323	0.08023966434276589	0.12128651373214981	0.9327050055174659	0.6928418408805496	2000.0	20260815.0	sign agreement and FDR Jaccard are descriptive
pairwise_cell_stability	gain_demean											C1/Q1/S1	C2/Q2/S1	C:Q	2.0	0.9628713281781591	0.8917588753556621	0.9715437629226582	0.9629354182910275	0.887522549046929	0.9713867620090487	0.11059736602040843	0.0863169465404826	0.1647149496329848	0.9165053637005011	0.6250508888587325	2000.0	20260815.0	sign agreement and FDR Jaccard are descriptive
pairwise_cell_stability	gain_demean											C1/Q1/S1	C2/Q0/S2	C:Q:S	3.0	0.9102617619220853	0.8067773723385956	0.9118743407350132	0.906171781292638	0.7675336060131076	0.9132353381992535	0.17626355715435563	0.16194961024344104	0.20772878696011413	0.8548544655294054	0.35762758404267836	2000.0	20260815.0	sign agreement and FDR Jaccard are descriptive
pairwise_cell_stability	gain_demean											C1/Q1/S1	C2/Q1/S2	C:S	2.0	0.9212269611236231	0.8703070783829021	0.9151561054388783	0.9214571677712408	0.8679393675244871	0.9172401117663043	0.1644242516537157	0.14854604251252077	0.17982563344609154	0.8659753251686897	0.3418940026880744	2000.0	20260815.0	sign agreement and FDR Jaccard are descriptive
pairwise_cell_stability	gain_demean											C1/Q1/S1	C2/Q2/S2	C:Q:S	3.0	0.9136174128154733	0.833138515261214	0.9119453130898022	0.9133233101264598	0.8267285273669825	0.9135860310853404	0.16985079466405592	0.15271617353436764	0.19867498964565408	0.859648329383672	0.31265772346925225	2000.0	20260815.0	sign agreement and FDR Jaccard are descriptive
pairwise_cell_stability	gain_demean											C1/Q2/S1	C1/Q0/S2	Q:S	2.0	0.9232642126860512	0.8198909107231546	0.9264760762546035	0.9206801223040415	0.8035291729920953	0.928571405312778	0.16888792462753893	0.1535172118428632	0.19376743669305477	0.859797572314984	0.471338199513382	2000.0	20260815.0	sign agreement and FDR Jaccard are descriptive
pairwise_cell_stability	gain_demean											C1/Q2/S1	C1/Q1/S2	Q:S	2.0	0.9321903633189749	0.8676500589191011	0.930264442355765	0.9325818512027466	0.8666529234515227	0.9324341423598318	0.15950768642603114	0.14065400238690354	0.18000288975177783	0.8718907722643319	0.47078941204029046	2000.0	20260815.0	sign agreement and FDR Jaccard are descriptive
pairwise_cell_stability	gain_demean											C1/Q2/S1	C1/Q2/S2	S	1.0	0.9400883674233466	0.9078632949584386	0.9347100821834619	0.9405138099504132	0.9085209130575821	0.9365211720367124	0.1504040877808009	0.13320317795445152	0.156465751577569	0.8819443188190814	0.4493953448051667	2000.0	20260815.0	sign agreement and FDR Jaccard are descriptive
pairwise_cell_stability	gain_demean											C1/Q2/S1	C2/Q0/S0	C:Q:S	3.0	0.5757620150575924	0.45749138509887977	0.5753127849289081	0.5777144209720653	0.45657153165039704	0.5770087250748505	0.8092877701083125	0.798218142724826	0.88155082982556	0.7068326127462509	0.0029096199308965265	2000.0	20260815.0	sign agreement and FDR Jaccard are descriptive
pairwise_cell_stability	gain_demean											C1/Q2/S1	C2/Q1/S0	C:Q:S	3.0	0.5933607322643277	0.5125352953749414	0.5806551921082415	0.592258785251971	0.5101576262974932	0.5809851674749452	0.7961386776598098	0.7420318222528709	0.8544314616880521	0.7122279708388357	0.003909801782142208	2000.0	20260815.0	sign agreement and FDR Jaccard are descriptive
pairwise_cell_stability	gain_demean											C1/Q2/S1	C2/Q2/S0	C:S	2.0	0.5983598687721402	0.5421391534357827	0.5847524779578824	0.5982442300248656	0.5385566294641049	0.5854479583790988	0.8102797616001131	0.7442214902580607	0.8756392189458659	0.7169585195101214	0.005091834879068922	2000.0	20260815.0	sign agreement and FDR Jaccard are descriptive
pairwise_cell_stability	gain_demean											C1/Q2/S1	C2/Q0/S1	C:Q	2.0	0.9514246375636184	0.8375632074627737	0.967173216872932	0.9513601865695908	0.819004838497715	0.9670671542632423	0.12723211303866264	0.09424476601974197	0.20099829885980178	0.9003011993704662	0.670592538405267	2000.0	20260815.0	sign agreement and FDR Jaccard are descriptive
pairwise_cell_stability	gain_demean											C1/Q2/S1	C2/Q1/S1	C:Q	2.0	0.9656858324771644	0.9000504708991829	0.9718957491142035	0.9644784168314436	0.891602669414997	0.9717280952665436	0.10884576698367833	0.08596641118132117	0.16375924658767121	0.9171068579388194	0.6665283827698264	2000.0	20260815.0	sign agreement and FDR Jaccard are descriptive
pairwise_cell_stability	gain_demean											C1/Q2/S1	C2/Q2/S1	C	1.0	0.9756904488466657	0.9449329127944506	0.9763011256507762	0.975759298723399	0.939583569494571	0.9761294313055011	0.09023371406167084	0.0796891055564715	0.12428103512426923	0.9388420557535412	0.7098836813822189	2000.0	20260815.0	sign agreement and FDR Jaccard are descriptive
pairwise_cell_stability	gain_demean											C1/Q2/S1	C2/Q0/S2	C:Q:S	3.0	0.9057166962668228	0.7942043417822985	0.9067181943865961	0.9049047883855683	0.768595039057965	0.9100796914829701	0.18118520498914106	0.1677797031788195	0.21203510646040952	0.8510600770636227	0.3927709905843903	2000.0	20260815.0	sign agreement and FDR Jaccard are descriptive
pairwise_cell_stability	gain_demean											C1/Q2/S1	C2/Q1/S2	C:Q:S	3.0	0.9148493996870504	0.8414697085313252	0.911118361759892	0.9144314746595048	0.8326988445264513	0.91369750817872	0.17400609331699723	0.15669832587607455	0.1994603153874468	0.8593769785994682	0.37013080350725885	2000.0	20260815.0	sign agreement and FDR Jaccard are descriptive
pairwise_cell_stability	gain_demean											C1/Q2/S1	C2/Q2/S2	C:S	2.0	0.9232223465306916	0.8726426097172572	0.9163410432983277	0.923992567539409	0.8690343309479389	0.919874138004052	0.16521491941357463	0.1484647987112737	0.18398627657191438	0.8706063785524341	0.3506816598666534	2000.0	20260815.0	sign agreement and FDR Jaccard are descriptive
pairwise_cell_stability	gain_demean											C1/Q0/S2	C1/Q1/S2	Q	1.0	0.99014395361775	0.9117833649449065	0.9998737897377065	0.9841709355600499	0.8809726181258474	0.9998243641677536	0.05805891345695055	0.005530307234902021	0.12715067726873483	0.9360426201631723	0.7634705228031146	2000.0	20260815.0	sign agreement and FDR Jaccard are descriptive
pairwise_cell_stability	gain_demean											C1/Q0/S2	C1/Q2/S2	Q	1.0	0.9828996992940565	0.897411239303285	0.9978782051530432	0.9810376733640577	0.8789210785668907	0.9978626195604196	0.06430007262151834	0.01922963874882437	0.12571889847900194	0.9285578610322184	0.7355402873204248	2000.0	20260815.0	sign agreement and FDR Jaccard are descriptive
pairwise_cell_stability	gain_demean											C1/Q0/S2	C2/Q0/S0	C:S	2.0	0.4480095062464751	0.35907542710422846	0.42698048537853944	0.4501096813519824	0.3588229360066117	0.43148274482103155	0.8769244126566379	0.8659502194179775	0.925039413497423	0.6525579333924275	0.001611310359166277	2000.0	20260815.0	sign agreement and FDR Jaccard are descriptive
pairwise_cell_stability	gain_demean											C1/Q0/S2	C2/Q1/S0	C:Q:S	3.0	0.450680431584759	0.34770071641134986	0.42907731314245146	0.4459771751015578	0.33128783247345883	0.4293075454079807	0.8722982946739106	0.8181186139547227	0.9288074948939088	0.6504911449194088	0.0021830656479026977	2000.0	20260815.0	sign agreement and FDR Jaccard are descriptive
pairwise_cell_stability	gain_demean											C1/Q0/S2	C2/Q2/S0	C:Q:S	3.0	0.4426439620179561	0.3356451747445089	0.4231246981197642	0.4402709532607168	0.3260565753373071	0.4240660552613073	0.8921014965623947	0.8230891111252189	0.9580207213734422	0.6499755784294217	0.002806652806652807	2000.0	20260815.0	sign agreement and FDR Jaccard are descriptive
pairwise_cell_stability	gain_demean											C1/Q0/S2	C2/Q0/S1	C:S	2.0	0.9274034909549784	0.8757629987529024	0.9197605330641564	0.9279285747385557	0.86940053439723	0.9216455574269816	0.156882893233346	0.1501317163978575	0.16815980333072458	0.8621809367029071	0.5101316876427426	2000.0	20260815.0	sign agreement and FDR Jaccard are descriptive
pairwise_cell_stability	gain_demean											C1/Q0/S2	C2/Q1/S1	C:Q:S	3.0	0.9220485871117299	0.82579222829269	0.9185629980644224	0.9128426104970814	0.7783377825120857	0.9178389573884517	0.16911473777246222	0.1537305737597966	0.19805445593562754	0.8464968613759294	0.4919046081461322	2000.0	20260815.0	sign agreement and FDR Jaccard are descriptive
pairwise_cell_stability	gain_demean											C1/Q0/S2	C2/Q2/S1	C:Q:S	3.0	0.9135847032157898	0.8040836669574518	0.9118504131279542	0.9094548695326288	0.7784497835219306	0.9119914440081784	0.17472692999791384	0.1595803326711017	0.2004652115647356	0.8438466687168726	0.5080878366166637	2000.0	20260815.0	sign agreement and FDR Jaccard are descriptive
pairwise_cell_stability	gain_demean											C1/Q0/S2	C2/Q0/S2	C	1.0	0.9837030295515877	0.95804919411606	0.9839122663021215	0.9840239580141102	0.9508174787665585	0.9841370614752313	0.05835605780545065	0.05122930274484616	0.08504367936802736	0.937969210731019	0.7173777396458935	2000.0	20260815.0	sign agreement and FDR Jaccard are descriptive
pairwise_cell_stability	gain_demean											C1/Q0/S2	C2/Q1/S2	C:Q	2.0	0.9762431532754764	0.8971243121593514	0.9825447176892205	0.9673088432131569	0.845949066009578	0.9816398494958984	0.08346549346638943	0.054916748980879525	0.14196111543617684	0.9009795763309756	0.6281470557252713	2000.0	20260815.0	sign agreement and FDR Jaccard are descriptive
pairwise_cell_stability	gain_demean											C1/Q0/S2	C2/Q2/S2	C:Q	2.0	0.9701523923653163	0.8745792988639289	0.979432784227357	0.9675475424444181	0.8543132231375771	0.9787610808850711	0.0837260884175529	0.05909010116410883	0.13989236612787026	0.9018433763273576	0.5970967215788615	2000.0	20260815.0	sign agreement and FDR Jaccard are descriptive
pairwise_cell_stability	gain_demean											C1/Q1/S2	C1/Q2/S2	Q	1.0	0.991706122881439	0.9443919491756136	0.9996099299756304	0.9908570070465224	0.9398924340168487	0.9995962278794757	0.044843871642300755	0.008356556046474839	0.09231525890005353	0.9526809457479332	0.7772476455213044	2000.0	20260815.0	sign agreement and FDR Jaccard are descriptive
pairwise_cell_stability	gain_demean											C1/Q1/S2	C2/Q0/S0	C:Q:S	3.0	0.440310321278431	0.32470922049606094	0.422118374639019	0.4428210263282784	0.3234878565600002	0.4282228538049439	0.879691398491486	0.8664886748696737	0.9351256832915907	0.6502604967528356	0.0014707324247475242	2000.0	20260815.0	sign agreement and FDR Jaccard are descriptive
pairwise_cell_stability	gain_demean											C1/Q1/S2	C2/Q1/S0	C:S	2.0	0.45441331791429446	0.36237624241844607	0.4305864886740113	0.4543982893200026	0.359795858469692	0.43211422980232755	0.8693776053839708	0.8049966775320305	0.9271695858982627	0.6543714611335226	0.002010000980488283	2000.0	20260815.0	sign agreement and FDR Jaccard are descriptive
pairwise_cell_stability	gain_demean											C1/Q1/S2	C2/Q2/S0	C:Q:S	3.0	0.4463216945372934	0.34863096603276444	0.42421293667344323	0.44717704398383873	0.3483346008673681	0.42735495557625586	0.889738336724581	0.8129950226432392	0.9566267164989541	0.6531413375784656	0.00259816657679298	2000.0	20260815.0	sign agreement and FDR Jaccard are descriptive
pairwise_cell_stability	gain_demean											C1/Q1/S2	C2/Q0/S1	C:Q:S	3.0	0.9150756311838786	0.8008969493207956	0.9168080969151046	0.9145422229478627	0.7796014468667212	0.9175561639067364	0.1679796915567904	0.15163755972814585	0.21669941351187683	0.8509017891061705	0.4850048371493067	2000.0	20260815.0	sign agreement and FDR Jaccard are descriptive
pairwise_cell_stability	gain_demean											C1/Q1/S2	C2/Q1/S1	C:S	2.0	0.9295366578237312	0.8777443553763236	0.9211493225380555	0.929218040409635	0.86870986850803	0.9217032577977887	0.15618894829728372	0.14075253353251868	0.16947405391068912	0.8628502686372763	0.524782668062446	2000.0	20260815.0	sign agreement and FDR Jaccard are descriptive
pairwise_cell_stability	gain_demean											C1/Q1/S2	C2/Q2/S1	C:Q:S	3.0	0.9207675361113044	0.8432350228933896	0.9157248960836174	0.921293637585366	0.8373762213286552	0.916491946928762	0.16577835947631858	0.14745791198139385	0.18772293187698627	0.8570795419598762	0.5212316095498194	2000.0	20260815.0	sign agreement and FDR Jaccard are descriptive
pairwise_cell_stability	gain_demean											C1/Q1/S2	C2/Q0/S2	C:Q	2.0	0.9735693751089396	0.885794877050691	0.9819670081315129	0.9699393878319741	0.8409687700757713	0.9818451119648223	0.07991485837079797	0.05478493392984146	0.1464414574139436	0.9155465909296477	0.6751297257227576	2000.0	20260815.0	sign agreement and FDR Jaccard are descriptive
pairwise_cell_stability	gain_demean											C1/Q1/S2	C2/Q1/S2	C	1.0	0.9841215135654348	0.9576867989955896	0.9846068617793553	0.9838597186797825	0.9484989227076137	0.9842359738719083	0.058551393024422214	0.0498959339886221	0.08683102680418342	0.9371235007869173	0.6974177649201757	2000.0	20260815.0	sign agreement and FDR Jaccard are descriptive
pairwise_cell_stability	gain_demean											C1/Q1/S2	C2/Q2/S2	C:Q	2.0	0.9774877764017925	0.9220913127724724	0.9818968498878995	0.9772595107998071	0.9126108390036605	0.9819149718681305	0.07005328699416292	0.053569314859175425	0.11081637936957958	0.9258398306771106	0.6369010680340987	2000.0	20260815.0	sign agreement and FDR Jaccard are descriptive
pairwise_cell_stability	gain_demean											C1/Q2/S2	C2/Q0/S0	C:Q:S	3.0	0.43792606712742077	0.31853892213793156	0.41955975080848096	0.4410121516472516	0.31879496689620646	0.42575139015758984	0.8796616204183493	0.8686943765808983	0.9344771879506341	0.6495414171746956	0.001336719689881032	2000.0	20260815.0	sign agreement and FDR Jaccard are descriptive
pairwise_cell_stability	gain_demean											C1/Q2/S2	C2/Q1/S0	C:Q:S	3.0	0.45103089424404297	0.35125440810621017	0.4266486401341991	0.4498556366363988	0.34496261309550186	0.42872416878220027	0.8702946536260283	0.8080441583626483	0.9276509904277115	0.6530825449085548	0.0018268502428374104	2000.0	20260815.0	sign agreement and FDR Jaccard are descriptive
pairwise_cell_stability	gain_demean											C1/Q2/S2	C2/Q2/S0	C:S	2.0	0.4515218358177534	0.36004850944832867	0.42956331559596356	0.4517067811940673	0.35659574208294187	0.43159868942278007	0.887318070649736	0.8107414466446204	0.954665692186974	0.655904593064274	0.0023614328996613794	2000.0	20260815.0	sign agreement and FDR Jaccard are descriptive
pairwise_cell_stability	gain_demean											C1/Q2/S2	C2/Q0/S1	C:Q:S	3.0	0.9093891328783381	0.7849945520206154	0.9118857609359574	0.910847841760252	0.7724494684742128	0.9127989008262373	0.16952331011007887	0.15327732947677972	0.21677690688764206	0.8474963367644133	0.4495327497991458	2000.0	20260815.0	sign agreement and FDR Jaccard are descriptive
pairwise_cell_stability	gain_demean											C1/Q2/S2	C2/Q1/S1	C:Q:S	3.0	0.9223104823375398	0.8438698940352045	0.9170526597330204	0.9198995734111737	0.8304925370021106	0.917036302366592	0.16231243471994192	0.14483973519741564	0.18990874576671204	0.8558087157871886	0.4710921657079005	2000.0	20260815.0	sign agreement and FDR Jaccard are descriptive
pairwise_cell_stability	gain_demean											C1/Q2/S2	C2/Q2/S1	C:S	2.0	0.9291845683345158	0.8773299364883373	0.9211256200352348	0.9290976885922013	0.8662385330365875	0.9219132668159642	0.15755721031129902	0.14058400516175004	0.1728331583082465	0.8670788183577851	0.5101349956652768	2000.0	20260815.0	sign agreement and FDR Jaccard are descriptive
pairwise_cell_stability	gain_demean											C1/Q2/S2	C2/Q0/S2	C:Q	2.0	0.9680516515372155	0.8719241617711124	0.9788321460078957	0.9676465570506523	0.8426126414719144	0.9782942506661738	0.08384469530898336	0.05986594701019863	0.14441934641191959	0.9106396642486296	0.6918558842489793	2000.0	20260815.0	sign agreement and FDR Jaccard are descriptive
pairwise_cell_stability	gain_demean											C1/Q2/S2	C2/Q1/S2	C:Q	2.0	0.97722110338633	0.9235497104174007	0.9818239967381159	0.9750274254759769	0.904905274410388	0.9814523581952032	0.07370802098602819	0.05421500003732957	0.11841673140354878	0.9217424338356338	0.6681585677749361	2000.0	20260815.0	sign agreement and FDR Jaccard are descriptive
pairwise_cell_stability	gain_demean											C1/Q2/S2	C2/Q2/S2	C	1.0	0.9853569592257769	0.9591047252434796	0.9855336844338404	0.9854640161979977	0.9494249874638702	0.9851749580708988	0.056435655833316944	0.0489418432580086	0.08946940932817056	0.9449384033719858	0.7098370865702953	2000.0	20260815.0	sign agreement and FDR Jaccard are descriptive
pairwise_cell_stability	gain_demean											C2/Q0/S0	C2/Q1/S0	Q	1.0	0.9670282244956484	0.8354565463664301	0.9996382864489547	0.9663351965854204	0.8348880354895104	0.9996378408625557	0.25198177943636835	0.026630812136324115	0.5396134473326143	0.924207203458818	0.6304347826086957	2000.0	20260815.0	sign agreement and FDR Jaccard are descriptive
pairwise_cell_stability	gain_demean											C2/Q0/S0	C2/Q2/S0	Q	1.0	0.9447220243281381	0.7995597162119376	0.9951721377146499	0.9444850861124727	0.7981341422387166	0.9951775742982852	0.32683582435654274	0.09800977787535974	0.5973368385476314	0.899206751207511	0.3968253968253968	2000.0	20260815.0	sign agreement and FDR Jaccard are descriptive
pairwise_cell_stability	gain_demean											C2/Q0/S0	C2/Q0/S1	S	1.0	0.6125022071416513	0.570400990992387	0.6023897522552424	0.61365176521542	0.5707753072897916	0.6054475302030873	0.7935664367925763	0.7845114431465212	0.8421834903517542	0.7234528482787316	0.002702930990793141	2000.0	20260815.0	sign agreement and FDR Jaccard are descriptive
pairwise_cell_stability	gain_demean											C2/Q0/S0	C2/Q1/S1	Q:S	2.0	0.5976820525323131	0.49490894493238397	0.5986344195073896	0.5987001508746909	0.49812172180697506	0.6011964120467934	0.8008865121468877	0.7856556263587903	0.8718718808277018	0.7180258325946562	0.002441816100724914	2000.0	20260815.0	sign agreement and FDR Jaccard are descriptive
pairwise_cell_stability	gain_demean											C2/Q0/S0	C2/Q2/S1	Q:S	2.0	0.5914216400363372	0.4771982842184551	0.5942252212464897	0.5932000375687335	0.477618187775461	0.5964998556064198	0.8025294957107107	0.7891753410165961	0.8732258928319805	0.7142178765896633	0.0022632435108564963	2000.0	20260815.0	sign agreement and FDR Jaccard are descriptive
pairwise_cell_stability	gain_demean											C2/Q0/S0	C2/Q0/S2	S	1.0	0.4559934868508169	0.37287410796925324	0.43606362827765105	0.4584546763599753	0.37529121395650017	0.44166409150820113	0.8739824554421578	0.8621814388772109	0.9221113466489299	0.6565467899202229	0.0012903746118795112	2000.0	20260815.0	sign agreement and FDR Jaccard are descriptive
pairwise_cell_stability	gain_demean											C2/Q0/S0	C2/Q1/S2	Q:S	2.0	0.44842689180151973	0.33759403373401786	0.4321714281970542	0.4501813491973552	0.33984755890429147	0.439424598114004	0.8769934083821811	0.8629353179247121	0.9319680309206444	0.6536116789377522	0.0011795060818282344	2000.0	20260815.0	sign agreement and FDR Jaccard are descriptive
pairwise_cell_stability	gain_demean											C2/Q0/S0	C2/Q2/S2	Q:S	2.0	0.44579001328189277	0.3296944799857475	0.42902116661070994	0.44872608710502926	0.33495610330653364	0.43648879795957557	0.8770250659508124	0.8643248308490858	0.9308277027170845	0.652304672660504	0.0010766797887015915	2000.0	20260815.0	sign agreement and FDR Jaccard are descriptive
pairwise_cell_stability	gain_demean											C2/Q1/S0	C2/Q2/S0	Q	1.0	0.9765265985852623	0.8900309696919099	0.9991700914816696	0.9764690187892665	0.8893059216105004	0.9991668449380054	0.21275820071795232	0.04000788802998062	0.4469845445752381	0.9331843919028926	0.5714285714285714	2000.0	20260815.0	sign agreement and FDR Jaccard are descriptive
pairwise_cell_stability	gain_demean											C2/Q1/S0	C2/Q0/S1	Q:S	2.0	0.6066515729855415	0.5197232856906289	0.6005624959228579	0.6034415973402795	0.5063244282195385	0.6012823181145327	0.792642427214243	0.7558688788454436	0.8480470433321026	0.7187449121727961	0.0036320635188782837	2000.0	20260815.0	sign agreement and FDR Jaccard are descriptive
pairwise_cell_stability	gain_demean											C2/Q1/S0	C2/Q1/S1	S	1.0	0.6158287880838155	0.5718416877824156	0.6040934866548661	0.6159516451187623	0.5721481838233461	0.6054322063201703	0.7864509409050867	0.7320509617653211	0.8434007283218424	0.7251759257584255	0.0032811903853491036	2000.0	20260815.0	sign agreement and FDR Jaccard are descriptive
pairwise_cell_stability	gain_demean											C2/Q1/S0	C2/Q2/S1	Q:S	2.0	0.6087208395033828	0.5338674108536697	0.5999411732019462	0.6081240324213694	0.5330203982569892	0.6010374615676589	0.7891893452387555	0.7356027260576389	0.8469191862677804	0.7206353226360824	0.003041233467713417	2000.0	20260815.0	sign agreement and FDR Jaccard are descriptive
pairwise_cell_stability	gain_demean											C2/Q1/S0	C2/Q0/S2	Q:S	2.0	0.45771077309305414	0.35922860334569523	0.43755439967619925	0.4541963005687408	0.3453768916942326	0.4386403819897505	0.8694013601583465	0.8160062105148043	0.9251896675712663	0.6544076412380831	0.0017339408847130934	2000.0	20260815.0	sign agreement and FDR Jaccard are descriptive
pairwise_cell_stability	gain_demean											C2/Q1/S0	C2/Q1/S2	S	1.0	0.4618961152544239	0.37570075849499385	0.4398963989975889	0.4621704489631647	0.3770218214080723	0.44190895918185374	0.8665126402504544	0.8027902152840826	0.9241567925841097	0.6584010202789486	0.00158496129745669	2000.0	20260815.0	sign agreement and FDR Jaccard are descriptive
pairwise_cell_stability	gain_demean											C2/Q1/S0	C2/Q2/S2	Q:S	2.0	0.45858081795886707	0.3655032870924258	0.43598490659756167	0.4578211485415633	0.36402276361136937	0.4383626254514622	0.8675670010156216	0.8058059237561701	0.9244064019757517	0.6561352412308472	0.0014467884660677634	2000.0	20260815.0	sign agreement and FDR Jaccard are descriptive
pairwise_cell_stability	gain_demean											C2/Q2/S0	C2/Q0/S1	Q:S	2.0	0.5943063561812486	0.5007045218983588	0.5925931520385124	0.5926975911493534	0.49067897797503507	0.5933212735237896	0.8151207983230045	0.7637325677307	0.8785856755534771	0.7155791530237522	0.004730129233887997	2000.0	20260815.0	sign agreement and FDR Jaccard are descriptive
pairwise_cell_stability	gain_demean											C2/Q2/S0	C2/Q1/S1	Q:S	2.0	0.6030027557595338	0.5350878098894629	0.5968452027129271	0.6035089739111754	0.5345377105077532	0.5983547966266194	0.8098168531723381	0.7443571335953829	0.8746015097324544	0.7212322943613307	0.004273178176268599	2000.0	20260815.0	sign agreement and FDR Jaccard are descriptive
pairwise_cell_stability	gain_demean											C2/Q2/S0	C2/Q2/S1	S	1.0	0.6141133162130271	0.5706638448082642	0.604529417897968	0.6143078019143365	0.5705965171879983	0.6053267060838737	0.8032983048959113	0.7364415051308251	0.8681523599116793	0.7255919969608712	0.003960676143998868	2000.0	20260815.0	sign agreement and FDR Jaccard are descriptive
pairwise_cell_stability	gain_demean											C2/Q2/S0	C2/Q0/S2	Q:S	2.0	0.44928249941099263	0.34747563300133955	0.4313962349686804	0.44782519494897705	0.33884695679803234	0.4337051951534682	0.8894549509259863	0.8208766446737445	0.9549058685535241	0.6532860579967076	0.002177331559211322	2000.0	20260815.0	sign agreement and FDR Jaccard are descriptive
pairwise_cell_stability	gain_demean											C2/Q2/S0	C2/Q1/S2	Q:S	2.0	0.4532707918832643	0.3623411187662044	0.43353892512449926	0.4540856823817045	0.36179081280363884	0.43722749026785107	0.8871979779287683	0.8103245781484641	0.9529601791176863	0.6566101051032037	0.0019902697921273774	2000.0	20260815.0	sign agreement and FDR Jaccard are descriptive
pairwise_cell_stability	gain_demean											C2/Q2/S0	C2/Q2/S2	S	1.0	0.4588484155120137	0.37354376939748624	0.43866079356479026	0.4592833430112209	0.37421193683637083	0.44155086073244715	0.884749437063805	0.8081444741165922	0.9508319186967814	0.6588487490728848	0.001850481125092524	2000.0	20260815.0	sign agreement and FDR Jaccard are descriptive
pairwise_cell_stability	gain_demean											C2/Q0/S1	C2/Q1/S1	Q	1.0	0.9858839930294082	0.8964439167612702	0.9998240873456861	0.9817984051077105	0.8772674410049592	0.9997797469305273	0.0767287987221328	0.0074495273928434375	0.16687840121384562	0.9343964254056695	0.7617063351931633	2000.0	20260815.0	sign agreement and FDR Jaccard are descriptive
pairwise_cell_stability	gain_demean											C2/Q0/S1	C2/Q2/S1	Q	1.0	0.9757064340417889	0.8705960694197407	0.9972643788931643	0.9744964187231191	0.8607361591095548	0.9972053370990238	0.09150296200050603	0.027367739271777575	0.1717975185566659	0.9205304003328569	0.7185763429478698	2000.0	20260815.0	sign agreement and FDR Jaccard are descriptive
pairwise_cell_stability	gain_demean											C2/Q0/S1	C2/Q0/S2	S	1.0	0.9433686669839072	0.9130972714493818	0.9374529491171528	0.944154773731379	0.9141486813777654	0.9392785718900477	0.1428969521749612	0.13608340353341825	0.1445870615236692	0.8800629533819353	0.44888677976826036	2000.0	20260815.0	sign agreement and FDR Jaccard are descriptive
pairwise_cell_stability	gain_demean											C2/Q0/S1	C2/Q1/S2	Q:S	2.0	0.9315746979598262	0.8315489377559392	0.9348807495340586	0.9289010656686171	0.8106738612016346	0.9364010105866881	0.1562904352188582	0.13776672543673976	0.20307450107123393	0.8619502885363338	0.40901037711971655	2000.0	20260815.0	sign agreement and FDR Jaccard are descriptive
pairwise_cell_stability	gain_demean											C2/Q0/S1	C2/Q2/S2	Q:S	2.0	0.9252539340376875	0.8140071869590976	0.9306068321910151	0.926043596474517	0.8033206322520047	0.9324510725231691	0.1575523547089865	0.13924959393669636	0.20111205787017553	0.8585900613252773	0.37857829966497497	2000.0	20260815.0	sign agreement and FDR Jaccard are descriptive
pairwise_cell_stability	gain_demean											C2/Q1/S1	C2/Q2/S1	Q	1.0	0.9889476013038432	0.9312198023402496	0.9995033236760562	0.9883167018580423	0.9278079074028682	0.9994920774506911	0.06203906619452262	0.011486506802595104	0.13053244754175086	0.9470685070279853	0.7814686457856536	2000.0	20260815.0	sign agreement and FDR Jaccard are descriptive
pairwise_cell_stability	gain_demean											C2/Q1/S1	C2/Q0/S2	Q:S	2.0	0.9362270176129512	0.8467525738809071	0.9359080107555566	0.9293146796072753	0.8097015645328778	0.9360673278166096	0.15599169942901905	0.13981758453206533	0.18435084278159836	0.8631216194214801	0.45521557185088496	2000.0	20260815.0	sign agreement and FDR Jaccard are descriptive
pairwise_cell_stability	gain_demean											C2/Q1/S1	C2/Q1/S2	S	1.0	0.9448334047040602	0.9138365583693328	0.9387892950097455	0.9449306107280703	0.9145020670742768	0.9394972222002379	0.14228404654325816	0.1268264798444401	0.14584122510443406	0.8789911177843304	0.4531566021381104	2000.0	20260815.0	sign agreement and FDR Jaccard are descriptive
pairwise_cell_stability	gain_demean											C2/Q1/S1	C2/Q2/S2	Q:S	2.0	0.9374954100852253	0.8693765637050954	0.9350793291152588	0.9358364911266703	0.865093958340594	0.9354137293245954	0.14914579555528276	0.13017123147733484	0.1742957483402599	0.870167694784638	0.41228070175438597	2000.0	20260815.0	sign agreement and FDR Jaccard are descriptive
pairwise_cell_stability	gain_demean											C2/Q2/S1	C2/Q0/S2	Q:S	2.0	0.9274124912726929	0.8297062772192472	0.9302086106906938	0.9247618033195202	0.8059714395659807	0.9311828331837629	0.16286359685379564	0.1458753094855726	0.1868807315352369	0.858363935671774	0.47604245640636844	2000.0	20260815.0	sign agreement and FDR Jaccard are descriptive
pairwise_cell_stability	gain_demean											C2/Q2/S1	C2/Q1/S2	Q:S	2.0	0.9353714467712488	0.8710632367620694	0.9335481768873256	0.935307527274231	0.8664643011754786	0.9349725337986491	0.1540544079216326	0.1349309039715151	0.17396258607961387	0.8696114256770202	0.4614186054746981	2000.0	20260815.0	sign agreement and FDR Jaccard are descriptive
pairwise_cell_stability	gain_demean											C2/Q2/S1	C2/Q2/S2	S	1.0	0.9442549637471913	0.9127423481865203	0.9383780014836166	0.944390909014879	0.9134027911380515	0.9395259025234731	0.14447379842609331	0.12684876499412717	0.14927206518089428	0.880542339767362	0.44604530018792654	2000.0	20260815.0	sign agreement and FDR Jaccard are descriptive
pairwise_cell_stability	gain_demean											C2/Q0/S2	C2/Q1/S2	Q	1.0	0.9906883980835165	0.9156093982949814	0.999880420119608	0.9840489816089727	0.8782023131800758	0.9998198390776154	0.058240170782612906	0.00549156590433947	0.1279838208256492	0.9317869353642432	0.7694221071282541	2000.0	20260815.0	sign agreement and FDR Jaccard are descriptive
pairwise_cell_stability	gain_demean											C2/Q0/S2	C2/Q2/S2	Q	1.0	0.9840014703433907	0.9033281933797443	0.998015593837736	0.9824726554813275	0.8783248438473538	0.9979234944523357	0.06154629269850364	0.018398652121662286	0.12630581738536398	0.9278478264802186	0.742855316156256	2000.0	20260815.0	sign agreement and FDR Jaccard are descriptive
pairwise_cell_stability	gain_demean											C2/Q1/S2	C2/Q2/S2	Q	1.0	0.9923344769876825	0.9477847812098679	0.9996314010856271	0.9908472419643028	0.9393996050996911	0.9996136089359807	0.04455899573182841	0.007927436241524081	0.09233455331609002	0.9519935237612837	0.792163167517811	2000.0	20260815.0	sign agreement and FDR Jaccard are descriptive
pairwise_cell_stability	loss_demean											C0/Q0/S0	C0/Q1/S0	Q	1.0	0.9788561711477993	0.8965223103277091	0.9997774661708749	0.978629403733991	0.8967305480172202	0.9997732366925434	0.2059020969053316	0.021359203435063093	0.44431285495263867	0.9360697552415926	0.8235294117647058	2000.0	20260815.0	sign agreement and FDR Jaccard are descriptive
pairwise_cell_stability	loss_demean											C0/Q0/S0	C0/Q2/S0	Q	1.0	0.9571324731333799	0.8511889440969546	0.9962982087486275	0.9565633549287653	0.848867165806901	0.9962615045436014	0.29341826008587757	0.08745144966746103	0.5328893279227548	0.9092467302230504	0.6666666666666666	2000.0	20260815.0	sign agreement and FDR Jaccard are descriptive
pairwise_cell_stability	loss_demean											C0/Q0/S0	C0/Q0/S1	S	1.0	0.5853832708062218	0.553946437181748	0.5910963305812121	0.5971880801638318	0.5570878785674139	0.6055505128242682	0.8251917421734261	0.8200925260459877	0.8627864856670465	0.7204544221132799	0.004189944134078212	2000.0	20260815.0	sign agreement and FDR Jaccard are descriptive
pairwise_cell_stability	loss_demean											C0/Q0/S0	C0/Q1/S1	Q:S	2.0	0.5736595585569216	0.5108217003099007	0.587315927367884	0.5904726387705541	0.5241198757628088	0.6039799225747446	0.8314121723550788	0.8242702731789618	0.876192194176002	0.7186861195028854	0.005751685838952796	2000.0	20260815.0	sign agreement and FDR Jaccard are descriptive
pairwise_cell_stability	loss_demean											C0/Q0/S0	C0/Q2/S1	Q:S	2.0	0.5636305415131736	0.4885843384968229	0.583276509479035	0.5811020291184233	0.4992743021382665	0.5984972025822374	0.8367963080446564	0.8273350142620013	0.8866066785329054	0.7152806671611281	0.007539041464728056	2000.0	20260815.0	sign agreement and FDR Jaccard are descriptive
pairwise_cell_stability	loss_demean											C0/Q0/S0	C0/Q0/S2	S	1.0	0.40400245679705693	0.3433929500824027	0.4065675372101024	0.43261384565246064	0.35351110469133046	0.44373589541724406	0.907006530157253	0.9024439771242069	0.9426959433720801	0.655547314531739	0.0014389228634564982	2000.0	20260815.0	sign agreement and FDR Jaccard are descriptive
pairwise_cell_stability	loss_demean											C0/Q0/S0	C0/Q1/S2	Q:S	2.0	0.3960132656341172	0.3249360370756162	0.4030659477513849	0.4255639013328354	0.3382159504049365	0.44093572229242817	0.9110473976280686	0.9054209679153763	0.9465437123151196	0.6530373197778542	0.001857502985272655	2000.0	20260815.0	sign agreement and FDR Jaccard are descriptive
pairwise_cell_stability	loss_demean											C0/Q0/S0	C0/Q2/S2	Q:S	2.0	0.3902286967461818	0.31058507704304794	0.40052926404441413	0.41855276158475635	0.32262960951325925	0.43582533123020434	0.9140267076175356	0.9076286094667113	0.9504889467975981	0.650721793085982	0.002326161003572319	2000.0	20260815.0	sign agreement and FDR Jaccard are descriptive
pairwise_cell_stability	loss_demean											C0/Q0/S0	C1/Q0/S0	C	1.0	0.9529660928242921	0.938207493862475	0.9597265608910097	0.9541479638716214	0.9381624835614305	0.9604784533875985	0.3026952780432137	0.2825648262606833	0.3504353342657006	0.9073879773512545	0.6363636363636364	2000.0	20260815.0	sign agreement and FDR Jaccard are descriptive
pairwise_cell_stability	loss_demean											C0/Q0/S0	C1/Q1/S0	C:Q	2.0	0.9358923877608614	0.8564730712901932	0.9577933378403523	0.9373354643394044	0.8569539403912836	0.9581702257226475	0.35303662619242693	0.2911867835972358	0.520176923702307	0.8921878109227735	0.5	2000.0	20260815.0	sign agreement and FDR Jaccard are descriptive
pairwise_cell_stability	loss_demean											C0/Q0/S0	C1/Q2/S0	C:Q	2.0	0.9170371661119368	0.8168242226228491	0.9531326375921038	0.9183848936684917	0.8170710923179718	0.9538106037529062	0.40377762208543594	0.30909822499751843	0.5875198623557991	0.8766665460663181	0.45	2000.0	20260815.0	sign agreement and FDR Jaccard are descriptive
pairwise_cell_stability	loss_demean											C0/Q0/S0	C1/Q0/S1	C:S	2.0	0.5743356971815282	0.5360473042067512	0.5792920781654209	0.588756420982498	0.5385062935210189	0.5979129000157318	0.8311936996052234	0.8275393459130997	0.8701735670284927	0.7170308797192424	0.004535833081342607	2000.0	20260815.0	sign agreement and FDR Jaccard are descriptive
pairwise_cell_stability	loss_demean											C0/Q0/S0	C1/Q1/S1	C:Q:S	3.0	0.5666286715978234	0.503963263301379	0.5771784992951561	0.5825425150712797	0.5167595273854029	0.5927376462615014	0.8346405270156496	0.8290858046306678	0.8797535776659894	0.7144213896778162	0.004788639365918098	2000.0	20260815.0	sign agreement and FDR Jaccard are descriptive
pairwise_cell_stability	loss_demean											C0/Q0/S0	C1/Q2/S1	C:Q:S	3.0	0.556629210306493	0.48058590414975266	0.573100281424485	0.5743178754646987	0.4951575957013077	0.5887900993809443	0.8390344724454896	0.8317073123347465	0.8883525836692591	0.7121646556558549	0.0058991049633848654	2000.0	20260815.0	sign agreement and FDR Jaccard are descriptive
pairwise_cell_stability	loss_demean											C0/Q0/S0	C1/Q0/S2	C:S	2.0	0.4017566844218608	0.3379164384380646	0.4032262418314513	0.4310930219504453	0.34534706158589634	0.4415371401196464	0.9085223782457532	0.9048219197805337	0.9448878678876602	0.6546563794569367	0.0014476114411221485	2000.0	20260815.0	sign agreement and FDR Jaccard are descriptive
pairwise_cell_stability	loss_demean											C0/Q0/S0	C1/Q1/S2	C:Q:S	3.0	0.3971289251326511	0.3250716901243787	0.40151737780174307	0.42719822032884697	0.3384420778048659	0.43776141081120656	0.9100971653071851	0.9062356328205907	0.9468774884698145	0.6534940935979305	0.0015022265142979774	2000.0	20260815.0	sign agreement and FDR Jaccard are descriptive
pairwise_cell_stability	loss_demean											C0/Q0/S0	C1/Q2/S2	C:Q:S	3.0	0.3909854671520899	0.3115794011202575	0.39859370712733444	0.4214546522497416	0.32805484303616733	0.43487063171639084	0.9125184273258666	0.9077099779022118	0.9502048026238185	0.6522594475298034	0.0018018018018018018	2000.0	20260815.0	sign agreement and FDR Jaccard are descriptive
pairwise_cell_stability	loss_demean											C0/Q0/S0	C2/Q0/S0	C	1.0	0.8855201673201074	0.8575875357024197	0.9034731522887156	0.8872848361587227	0.8576134214696944	0.9040692900453386	0.4635747492355942	0.4315910553803955	0.5187677309712441	0.8686571754192369	0.3235294117647059	2000.0	20260815.0	sign agreement and FDR Jaccard are descriptive
pairwise_cell_stability	loss_demean											C0/Q0/S0	C2/Q1/S0	C:Q	2.0	0.8688743749781992	0.7912036562032552	0.8994150426955426	0.8697453937821785	0.7901958121313106	0.8999869063455912	0.49697027779531355	0.4411308963185532	0.6183633026467161	0.8555690225944753	0.3333333333333333	2000.0	20260815.0	sign agreement and FDR Jaccard are descriptive
pairwise_cell_stability	loss_demean											C0/Q0/S0	C2/Q2/S0	C:Q	2.0	0.8514997745209472	0.753572839416426	0.8943195018716564	0.8522256399977481	0.7545026148396868	0.8945792414283059	0.5295153249428839	0.4536118999727391	0.6658308056294289	0.8440049566743247	0.3157894736842105	2000.0	20260815.0	sign agreement and FDR Jaccard are descriptive
pairwise_cell_stability	loss_demean											C0/Q0/S0	C2/Q0/S1	C:S	2.0	0.546263466151491	0.4991243843537698	0.5548047998400634	0.5646475833238347	0.5043797453505332	0.5801531086274395	0.8514963694084199	0.8472171708343825	0.8882486419129052	0.7116083865482371	0.007013301088270859	2000.0	20260815.0	sign agreement and FDR Jaccard are descriptive
pairwise_cell_stability	loss_demean											C0/Q0/S0	C2/Q1/S1	C:Q:S	3.0	0.5370529999763426	0.4698963678656086	0.5520197710932738	0.5560234868836366	0.4810021417805618	0.5737850657015054	0.8558231777184212	0.850327268918585	0.8981330060112396	0.709939579225384	0.007856949336223246	2000.0	20260815.0	sign agreement and FDR Jaccard are descriptive
pairwise_cell_stability	loss_demean											C0/Q0/S0	C2/Q2/S1	C:Q:S	3.0	0.5274450830537579	0.4513362278490007	0.5482082758317092	0.5464754783149767	0.4647354666208509	0.5672601047312695	0.8596468467395105	0.8519483362318329	0.9030006740032595	0.7067557300240598	0.00905683947532792	2000.0	20260815.0	sign agreement and FDR Jaccard are descriptive
pairwise_cell_stability	loss_demean											C0/Q0/S0	C2/Q0/S2	C:S	2.0	0.38763165408981576	0.3202330258258122	0.3903231667311314	0.41867703271909346	0.32977145111129036	0.4333902541521806	0.916853489320931	0.9134312229403239	0.950526035475561	0.6525081857486568	0.0018738692168518997	2000.0	20260815.0	sign agreement and FDR Jaccard are descriptive
pairwise_cell_stability	loss_demean											C0/Q0/S0	C2/Q1/S2	C:Q:S	3.0	0.381679351809727	0.3059816383373178	0.3878702429363462	0.4119464106267744	0.3183486136525302	0.4268866243778297	0.9194967266892794	0.9161013989501792	0.953492317393149	0.6513458998896506	0.002054551895147007	2000.0	20260815.0	sign agreement and FDR Jaccard are descriptive
pairwise_cell_stability	loss_demean											C0/Q0/S0	C2/Q2/S2	C:Q:S	3.0	0.3763283085800458	0.29508541259677895	0.38539808125115244	0.4057568741735895	0.3097036053957756	0.42304757154937567	0.9215654740761173	0.9173683303616922	0.9553665702803879	0.6489806255540078	0.002312784113565675	2000.0	20260815.0	sign agreement and FDR Jaccard are descriptive
pairwise_cell_stability	loss_demean											C0/Q1/S0	C0/Q2/S0	Q	1.0	0.978192753116128	0.9028652543225569	0.999271461726992	0.9784017390634692	0.9025238535616603	0.9992791583486337	0.2056585618909207	0.03807422053375966	0.43209069496653735	0.9375124369109427	0.75	2000.0	20260815.0	sign agreement and FDR Jaccard are descriptive
pairwise_cell_stability	loss_demean											C0/Q1/S0	C0/Q0/S1	Q:S	2.0	0.5818440307562288	0.5296678433746098	0.5894748871670622	0.5819984392937542	0.5165280270784461	0.5963688576963063	0.8226434917249645	0.7912056995595321	0.8695381420493022	0.7117892870710396	0.003771476463193183	2000.0	20260815.0	sign agreement and FDR Jaccard are descriptive
pairwise_cell_stability	loss_demean											C0/Q1/S0	C0/Q1/S1	S	1.0	0.5866694428324913	0.5551224787352905	0.5927479498740881	0.5940545232514637	0.5570301650946161	0.6024640761847818	0.8197179916505963	0.7777648550057482	0.8671694947444379	0.7193011812804139	0.005157706804205514	2000.0	20260815.0	sign agreement and FDR Jaccard are descriptive
pairwise_cell_stability	loss_demean											C0/Q1/S0	C0/Q2/S1	Q:S	2.0	0.5767984133591735	0.5173707491124668	0.5890589763661059	0.5863165053153327	0.5237695234398017	0.5991754804509477	0.824359430234606	0.7835916803499299	0.8774285207564163	0.7168545017095099	0.006733099919202801	2000.0	20260815.0	sign agreement and FDR Jaccard are descriptive
pairwise_cell_stability	loss_demean											C0/Q1/S0	C0/Q0/S2	Q:S	2.0	0.40594182725239075	0.33766186990915703	0.40753000632367836	0.4193566844534301	0.33630096683414223	0.4301432400539071	0.901663873892162	0.8597013306374724	0.9486893427403047	0.6488539951880461	0.0012848185836159935	2000.0	20260815.0	sign agreement and FDR Jaccard are descriptive
pairwise_cell_stability	loss_demean											C0/Q1/S0	C0/Q1/S2	S	1.0	0.40661091781028486	0.34419748490844376	0.4095602198064311	0.4243396778808849	0.35034225891561005	0.43435840770871564	0.9012200047821326	0.855614536100502	0.948109581886208	0.6516353407261347	0.0016585948384528627	2000.0	20260815.0	sign agreement and FDR Jaccard are descriptive
pairwise_cell_stability	loss_demean											C0/Q1/S0	C0/Q2/S2	Q:S	2.0	0.40054132332197745	0.33016269666837145	0.40609777149539295	0.4188883956404898	0.339162781402191	0.4313281438715204	0.9036364705888935	0.857124077309441	0.950610834859319	0.6503238119358165	0.0020771020272515785	2000.0	20260815.0	sign agreement and FDR Jaccard are descriptive
pairwise_cell_stability	loss_demean											C0/Q1/S0	C1/Q0/S0	C:Q	2.0	0.934551012868621	0.8565516422859493	0.957627144604727	0.935662183573576	0.8582621201040002	0.9580349289440864	0.3567491321871607	0.2917062747649849	0.5157711772024777	0.8894516905153856	0.7241379310344828	2000.0	20260815.0	sign agreement and FDR Jaccard are descriptive
pairwise_cell_stability	loss_demean											C0/Q1/S0	C1/Q1/S0	C	1.0	0.9542921571732426	0.9398595714098674	0.9606616783710799	0.9550799571810609	0.9400230056850672	0.9611670195449717	0.2972817962722371	0.273176691587655	0.346154389717192	0.908432677870439	0.6129032258064516	2000.0	20260815.0	sign agreement and FDR Jaccard are descriptive
pairwise_cell_stability	loss_demean											C0/Q1/S0	C1/Q2/S0	C:Q	2.0	0.9356649253143768	0.8612659609986597	0.9575481619422932	0.9368363857855793	0.8611482536608907	0.9579268476246523	0.35341593434899954	0.28977265106124495	0.5153330714083451	0.8915998842236654	0.5428571428571428	2000.0	20260815.0	sign agreement and FDR Jaccard are descriptive
pairwise_cell_stability	loss_demean											C0/Q1/S0	C1/Q0/S1	C:Q:S	3.0	0.5698526555939027	0.5157280765258688	0.578314309525812	0.5735049029566731	0.5152438822499621	0.5872501970864943	0.8284347462824684	0.793073270517723	0.8764329818990543	0.7085556902259448	0.004082867079993951	2000.0	20260815.0	sign agreement and FDR Jaccard are descriptive
pairwise_cell_stability	loss_demean											C0/Q1/S0	C1/Q1/S1	C:S	2.0	0.5767032853804186	0.5399721129940689	0.5816420392524524	0.5813080707624503	0.5362363859033161	0.5911599333816653	0.8252298153895355	0.7856277011631245	0.8743425759000301	0.7124043488485682	0.0042939719240297275	2000.0	20260815.0	sign agreement and FDR Jaccard are descriptive
pairwise_cell_stability	loss_demean											C0/Q1/S0	C1/Q2/S1	C:Q:S	3.0	0.5670683536867495	0.5061713799277349	0.5777616456472864	0.574731289439502	0.5108803841700623	0.5881195237496339	0.828842106605739	0.7877525830780021	0.882799745388037	0.7111516127281607	0.005289928789420142	2000.0	20260815.0	sign agreement and FDR Jaccard are descriptive
pairwise_cell_stability	loss_demean											C0/Q1/S0	C1/Q0/S2	C:Q:S	3.0	0.4017880866031131	0.3319402829860208	0.4033832785210609	0.41687122014178263	0.33329480902651654	0.4278547739832923	0.9033579779577876	0.8600413797656827	0.9509891210489991	0.6474113135186961	0.001297923322683706	2000.0	20260815.0	sign agreement and FDR Jaccard are descriptive
pairwise_cell_stability	loss_demean											C0/Q1/S0	C1/Q1/S2	C:S	2.0	0.404782778209145	0.3399770641154786	0.4066302366399361	0.4205172194293288	0.3419136581422058	0.4292586952086222	0.9022235632307425	0.856575932087046	0.9499544635002997	0.6492157962336511	0.0013413456379439855	2000.0	20260815.0	sign agreement and FDR Jaccard are descriptive
pairwise_cell_stability	loss_demean											C0/Q1/S0	C1/Q2/S2	C:Q:S	3.0	0.39869933757974907	0.32702507668496394	0.40312129725200413	0.4165140952809965	0.33385220602856813	0.4270478481840874	0.9039914576825705	0.8572066184071538	0.9522299054000793	0.6490122831454983	0.0016155088852988692	2000.0	20260815.0	sign agreement and FDR Jaccard are descriptive
pairwise_cell_stability	loss_demean											C0/Q1/S0	C2/Q0/S0	C:Q	2.0	0.8676217503022472	0.7870404804329701	0.8995414949579363	0.8699192404729239	0.7877348804650377	0.9001775168369341	0.49335006484373184	0.440179864088173	0.6094977202228387	0.8576765136851245	0.36666666666666664	2000.0	20260815.0	sign agreement and FDR Jaccard are descriptive
pairwise_cell_stability	loss_demean											C0/Q1/S0	C2/Q1/S0	C	1.0	0.887249221337666	0.8573457499295796	0.9055013885742577	0.8886906296242493	0.8574409423427226	0.906119686364255	0.4562147364246246	0.4169538346234092	0.5186372345571322	0.8708279816928671	0.375	2000.0	20260815.0	sign agreement and FDR Jaccard are descriptive
pairwise_cell_stability	loss_demean											C0/Q1/S0	C2/Q2/S0	C:Q	2.0	0.8698829373865293	0.796674294588377	0.9004143099474777	0.8713323331071707	0.7980974573837771	0.9006875236790488	0.49069607938944415	0.4301868389201729	0.6106401493591952	0.8579795220608187	0.3939393939393939	2000.0	20260815.0	sign agreement and FDR Jaccard are descriptive
pairwise_cell_stability	loss_demean											C0/Q1/S0	C2/Q0/S1	C:Q:S	3.0	0.5434706144579737	0.47915993444091237	0.554799290292035	0.5525583165048569	0.4768610963128206	0.5690751848811224	0.8463736200415288	0.812336254985091	0.8932882842286	0.7062627760994229	0.006289308176100629	2000.0	20260815.0	sign agreement and FDR Jaccard are descriptive
pairwise_cell_stability	loss_demean											C0/Q1/S0	C2/Q1/S1	C:S	2.0	0.5494581405712368	0.5024731518588345	0.5582710240781048	0.5601845573435452	0.5036849392656719	0.5751592712120227	0.8439422159113902	0.8023533213761281	0.8918686533767135	0.7110973425713201	0.007046070460704607	2000.0	20260815.0	sign agreement and FDR Jaccard are descriptive
pairwise_cell_stability	loss_demean											C0/Q1/S0	C2/Q2/S1	C:Q:S	3.0	0.5398511679481065	0.4768847683431783	0.5536037566122213	0.5513854126532429	0.48205977068174505	0.5687776361425717	0.8474693846999448	0.8051004865528851	0.8987940744183389	0.7085918703305053	0.008122461730709154	2000.0	20260815.0	sign agreement and FDR Jaccard are descriptive
pairwise_cell_stability	loss_demean											C0/Q1/S0	C2/Q0/S2	C:Q:S	3.0	0.3888127511524035	0.3142836953285411	0.3906713327765238	0.4066946968528396	0.31390609991266066	0.4204314245243287	0.910314082607948	0.8674267666113222	0.9561508603150743	0.6470721250384414	0.001680129240710824	2000.0	20260815.0	sign agreement and FDR Jaccard are descriptive
pairwise_cell_stability	loss_demean											C0/Q1/S0	C2/Q1/S2	C:S	2.0	0.3914802913380915	0.32283301035446993	0.3937903384739697	0.41039620465200666	0.3263946341616975	0.4231452434059144	0.9096154211367125	0.863013363014004	0.9557727983099368	0.6496544800014472	0.0018421425534929858	2000.0	20260815.0	sign agreement and FDR Jaccard are descriptive
pairwise_cell_stability	loss_demean											C0/Q1/S0	C2/Q2/S2	C:Q:S	3.0	0.3860029777919287	0.31175591949910764	0.39079571709512456	0.40521987876840687	0.3190951331511989	0.419097807330283	0.9113624835700164	0.8648666279784636	0.9579940666411103	0.647840952260352	0.0020736959642686232	2000.0	20260815.0	sign agreement and FDR Jaccard are descriptive
pairwise_cell_stability	loss_demean											C0/Q2/S0	C0/Q0/S1	Q:S	2.0	0.572018895430355	0.506264097115406	0.5849850376201711	0.5675844073505908	0.48871598701241226	0.5884226480160937	0.8302207657101075	0.7913390160513253	0.8860108095974286	0.705263300710939	0.0036322995250069852	2000.0	20260815.0	sign agreement and FDR Jaccard are descriptive
pairwise_cell_stability	loss_demean											C0/Q2/S0	C0/Q1/S1	Q:S	2.0	0.5774459902485747	0.5240918709847171	0.5880799330230997	0.5813585791722491	0.5242607731113492	0.595290077873242	0.8263025685315281	0.7765619948632592	0.8834984399913594	0.7130194106260968	0.005159753919428458	2000.0	20260815.0	sign agreement and FDR Jaccard are descriptive
pairwise_cell_stability	loss_demean											C0/Q2/S0	C0/Q2/S1	S	1.0	0.5859138267422744	0.554879161475323	0.5925328786313219	0.5915988660820655	0.5562598254340212	0.6014993322130407	0.8225286016525115	0.769607069038179	0.87864900622715	0.7182881383527199	0.006736728644570197	2000.0	20260815.0	sign agreement and FDR Jaccard are descriptive
pairwise_cell_stability	loss_demean											C0/Q2/S0	C0/Q0/S2	Q:S	2.0	0.40129538999013686	0.32585453637378803	0.40429841915426257	0.40855426710386267	0.31954178354023627	0.42264114185351187	0.9062410259662214	0.8530767774325939	0.9632462320920087	0.6434315020170408	0.001284950657894737	2000.0	20260815.0	sign agreement and FDR Jaccard are descriptive
pairwise_cell_stability	loss_demean											C0/Q2/S0	C0/Q1/S2	Q:S	2.0	0.4022702592061923	0.3340636267776254	0.4068462320504077	0.4153319084066843	0.33748995360472783	0.4275342333790968	0.9050161124956438	0.8472197582664281	0.962164095086526	0.6474248810579063	0.001658814942605003	2000.0	20260815.0	sign agreement and FDR Jaccard are descriptive
pairwise_cell_stability	loss_demean											C0/Q2/S0	C0/Q2/S2	S	1.0	0.40550733118004134	0.34242875445362114	0.4087685427097691	0.4193384031890355	0.3481972808041264	0.43048224557447345	0.9041185729582409	0.8433701784914668	0.9610281413091731	0.6492248412597912	0.0020774472328402857	2000.0	20260815.0	sign agreement and FDR Jaccard are descriptive
pairwise_cell_stability	loss_demean											C0/Q2/S0	C1/Q0/S0	C:Q	2.0	0.9182238031728317	0.8227696285158345	0.9534151332651645	0.9189786418861101	0.8249706458576644	0.9540097447335659	0.40042819848574485	0.3069075791326463	0.5714698557406784	0.8754364225112611	0.6551724137931034	2000.0	20260815.0	sign agreement and FDR Jaccard are descriptive
pairwise_cell_stability	loss_demean											C0/Q2/S0	C1/Q1/S0	C:Q	2.0	0.9385458470921133	0.8739108956064671	0.9578839714594201	0.9391115045616643	0.8738907432588289	0.9582062646541759	0.34620688308713543	0.2868909053166771	0.48997867343072476	0.8919842978346207	0.5483870967741935	2000.0	20260815.0	sign agreement and FDR Jaccard are descriptive
pairwise_cell_stability	loss_demean											C0/Q2/S0	C1/Q2/S0	C	1.0	0.9563272737737456	0.9430660815903497	0.9620472085084382	0.9568570903669479	0.9427550637244446	0.9623430561890265	0.2922117868469318	0.2666002798749454	0.34210830277231813	0.9102552506376743	0.625	2000.0	20260815.0	sign agreement and FDR Jaccard are descriptive
pairwise_cell_stability	loss_demean											C0/Q2/S0	C1/Q0/S1	C:Q:S	3.0	0.5623275167365458	0.4969154593828592	0.5746601999071136	0.5614770320737912	0.4890248243484472	0.5801510258524988	0.8347075926226907	0.7927350716385455	0.8917620467279278	0.7029432515059969	0.004084102253819392	2000.0	20260815.0	sign agreement and FDR Jaccard are descriptive
pairwise_cell_stability	loss_demean											C0/Q2/S0	C1/Q1/S1	C:Q:S	3.0	0.5701557638718977	0.5176785395948482	0.5777125460298195	0.5704257208783827	0.5073552415948677	0.5853798677013147	0.8309578934365525	0.7813504784967819	0.8893895560008932	0.7069275855207221	0.0042953907153477616	2000.0	20260815.0	sign agreement and FDR Jaccard are descriptive
pairwise_cell_stability	loss_demean											C0/Q2/S0	C1/Q2/S1	C:S	2.0	0.5763103343495433	0.5402120167662582	0.5819621285322487	0.5790987970975744	0.5357572875889804	0.5903519256917391	0.8274249900561372	0.7741286470383943	0.8857957580516127	0.7121239530382243	0.005292082230816202	2000.0	20260815.0	sign agreement and FDR Jaccard are descriptive
pairwise_cell_stability	loss_demean											C0/Q2/S0	C1/Q0/S2	C:Q:S	3.0	0.3985137857153188	0.32227545480149866	0.40131802677254647	0.4075635764041969	0.3188469974171162	0.4207078586779316	0.9072994850661201	0.8510192946474074	0.9653523010414429	0.6426219721774996	0.0012980529206190715	2000.0	20260815.0	sign agreement and FDR Jaccard are descriptive
pairwise_cell_stability	loss_demean											C0/Q2/S0	C1/Q1/S2	C:Q:S	3.0	0.40213843938383287	0.3329118881726485	0.40444907497815596	0.41205845646222244	0.32727979180906036	0.42355903150805174	0.9058533013301525	0.8487654553551676	0.9645627027553119	0.6451681470359449	0.0013414895900407814	2000.0	20260815.0	sign agreement and FDR Jaccard are descriptive
pairwise_cell_stability	loss_demean											C0/Q2/S0	C1/Q2/S2	C:S	2.0	0.403981233516614	0.3382870209068606	0.40568235324772683	0.4159824357225697	0.3388403717853417	0.42734682121782275	0.904813966347995	0.8439439560480854	0.9634483246228035	0.647768592051231	0.0016157096694009445	2000.0	20260815.0	sign agreement and FDR Jaccard are descriptive
pairwise_cell_stability	loss_demean											C0/Q2/S0	C2/Q0/S0	C:Q	2.0	0.8522523382104061	0.754788831800236	0.8954159205153632	0.8544420587331318	0.7556629044651925	0.8959070788749128	0.5217739195587051	0.45253369444645236	0.6450144137520862	0.8474149315291521	0.39285714285714285	2000.0	20260815.0	sign agreement and FDR Jaccard are descriptive
pairwise_cell_stability	loss_demean											C0/Q2/S0	C2/Q1/S0	C:Q	2.0	0.8721969690814194	0.8056671452031859	0.9011739418703272	0.8738467814780004	0.8062096298574628	0.9014148502331624	0.4854216859288431	0.4281713889732271	0.5935208738914972	0.8603131388049712	0.4482758620689655	2000.0	20260815.0	sign agreement and FDR Jaccard are descriptive
pairwise_cell_stability	loss_demean											C0/Q2/S0	C2/Q2/S0	C	1.0	0.8890388793986805	0.8584647107487002	0.9070846769693502	0.8903315308828139	0.8584593387945659	0.9075892748370697	0.45375272732071853	0.40913545744486624	0.5224013134645178	0.8735505345610449	0.4666666666666667	2000.0	20260815.0	sign agreement and FDR Jaccard are descriptive
pairwise_cell_stability	loss_demean											C0/Q2/S0	C2/Q0/S1	C:Q:S	3.0	0.5370349550752213	0.4632689208966384	0.5511041096661434	0.5421539173811876	0.45930387703429393	0.5624652384318044	0.851311135968791	0.8054256308928744	0.9094822552905187	0.701581975071908	0.0062923523717328175	2000.0	20260815.0	sign agreement and FDR Jaccard are descriptive
pairwise_cell_stability	loss_demean											C0/Q2/S0	C2/Q1/S1	C:Q:S	3.0	0.5435066714490625	0.48299011992966795	0.5543726103108844	0.5509751597272514	0.4810487955385897	0.5691557922957076	0.8483645680019388	0.7935745744224999	0.9076133107521448	0.7068507027985311	0.0070498915401301515	2000.0	20260815.0	sign agreement and FDR Jaccard are descriptive
pairwise_cell_stability	loss_demean											C0/Q2/S0	C2/Q2/S1	C:S	2.0	0.5491279783283077	0.5021491373645235	0.5580499418746664	0.557034696034941	0.5002357904037619	0.5730242575675263	0.8457724283315494	0.7919103265049912	0.9050331131136793	0.7103963530454603	0.008127539856205065	2000.0	20260815.0	sign agreement and FDR Jaccard are descriptive
pairwise_cell_stability	loss_demean											C0/Q2/S0	C2/Q0/S2	C:Q:S	3.0	0.3864035302811676	0.3057733986408638	0.39004672449181865	0.39865152170711027	0.30254174228056874	0.414537044893434	0.9135097537124524	0.8565403278655231	0.9716457097488184	0.6431330161544166	0.0016803464098752666	2000.0	20260815.0	sign agreement and FDR Jaccard are descriptive
pairwise_cell_stability	loss_demean											C0/Q2/S0	C2/Q1/S2	C:Q:S	3.0	0.3892169247710813	0.31500095807887407	0.39166219918573475	0.4034767936627184	0.31613147915706263	0.41725445974441366	0.9124289821100389	0.8531666202680287	0.9700724013173557	0.646113352267588	0.0018424036281179139	2000.0	20260815.0	sign agreement and FDR Jaccard are descriptive
pairwise_cell_stability	loss_demean											C0/Q2/S0	C2/Q2/S2	C:S	2.0	0.39134713853252007	0.32163094060922565	0.3938954713885151	0.40591262245059706	0.3236530186239809	0.4196247852462204	0.9117896386924486	0.8520128231763369	0.9694075891196401	0.6473841784402757	0.002074026802807913	2000.0	20260815.0	sign agreement and FDR Jaccard are descriptive
pairwise_cell_stability	loss_demean											C0/Q0/S1	C0/Q1/S1	Q	1.0	0.9884054465857305	0.9313231345788778	0.9998549272476517	0.9856098549069996	0.9182534539186552	0.9998207637079985	0.06852104977341295	0.0067410870313276165	0.14343449655996193	0.9410309520794515	0.6749072929542645	2000.0	20260815.0	sign agreement and FDR Jaccard are descriptive
pairwise_cell_stability	loss_demean											C0/Q0/S1	C0/Q2/S1	Q	1.0	0.9761275424137115	0.8927616962667583	0.9975231888726872	0.9704873207845601	0.8757306644034369	0.99715534650951	0.09739799340201347	0.02687312702863756	0.17359148780615913	0.9178982977260804	0.4983452840595698	2000.0	20260815.0	sign agreement and FDR Jaccard are descriptive
pairwise_cell_stability	loss_demean											C0/Q0/S1	C0/Q0/S2	S	1.0	0.9258307173300667	0.8962805239435446	0.9249076657068225	0.9377334158863669	0.9024582633025787	0.9409994305230879	0.14705929247228722	0.1415207335009279	0.15050094053512109	0.884440746033756	0.3422950819672131	2000.0	20260815.0	sign agreement and FDR Jaccard are descriptive
pairwise_cell_stability	loss_demean											C0/Q0/S1	C0/Q1/S2	Q:S	2.0	0.9135564008645888	0.8418606290558937	0.9217470443299526	0.9243677873763941	0.8427281256651702	0.9361746619742669	0.16264790567830076	0.14522573982982379	0.197162145742046	0.8735369670218347	0.40768889733358665	2000.0	20260815.0	sign agreement and FDR Jaccard are descriptive
pairwise_cell_stability	loss_demean											C0/Q0/S1	C0/Q2/S2	Q:S	2.0	0.9040334819584718	0.8121823502117288	0.917974256539011	0.9112439218713736	0.8049381682610661	0.9314073791272558	0.1741032200604984	0.14743765057194788	0.21369448662841228	0.8627462508366649	0.44822641509433964	2000.0	20260815.0	sign agreement and FDR Jaccard are descriptive
pairwise_cell_stability	loss_demean											C0/Q0/S1	C1/Q0/S0	C:S	2.0	0.563519116393922	0.5269042617093638	0.5683959567789529	0.5731166786288334	0.5186590050064706	0.5839250861627819	0.8360694127668661	0.8304384224471286	0.8800401846533449	0.7079722860399067	0.002794076557697681	2000.0	20260815.0	sign agreement and FDR Jaccard are descriptive
pairwise_cell_stability	loss_demean											C0/Q0/S1	C1/Q1/S0	C:Q:S	3.0	0.5616091200113263	0.5093109570225517	0.5673045869487756	0.5690442710080903	0.4986043974750666	0.5801387555618199	0.8335035459665366	0.8020751763842476	0.8855677523717275	0.707416016932289	0.002794076557697681	2000.0	20260815.0	sign agreement and FDR Jaccard are descriptive
pairwise_cell_stability	loss_demean											C0/Q0/S1	C1/Q2/S0	C:Q:S	3.0	0.552437401591433	0.48833122774645665	0.5631494453941186	0.556029416990631	0.4761396807746471	0.5726897798648141	0.8439722218386476	0.8028066329904175	0.900834730257582	0.7011116337126214	0.003352891869237217	2000.0	20260815.0	sign agreement and FDR Jaccard are descriptive
pairwise_cell_stability	loss_demean											C0/Q0/S1	C1/Q0/S1	C	1.0	0.9761540904230577	0.9556028452911705	0.9784989527493738	0.9794566564723697	0.9463818071788406	0.9812581716719077	0.08133652029480919	0.07432684044353065	0.11427583565350698	0.9340934170299752	0.6660212971926428	2000.0	20260815.0	sign agreement and FDR Jaccard are descriptive
pairwise_cell_stability	loss_demean											C0/Q0/S1	C1/Q1/S1	C:Q	2.0	0.9712236364178398	0.9130981912936637	0.977640984316442	0.9745135501296781	0.9077633464946359	0.9797610041993412	0.09048214965996174	0.07562907420827601	0.1515821220266925	0.9254056694223847	0.6779725609756098	2000.0	20260815.0	sign agreement and FDR Jaccard are descriptive
pairwise_cell_stability	loss_demean											C0/Q0/S1	C1/Q2/S1	C:Q	2.0	0.9585392519626342	0.8724798058850238	0.9739377804062846	0.961206271378154	0.8722528476634269	0.9763618541499769	0.11128816747926679	0.08136528846693067	0.17596977944922448	0.9090115595434071	0.5708707536118703	2000.0	20260815.0	sign agreement and FDR Jaccard are descriptive
pairwise_cell_stability	loss_demean											C0/Q0/S1	C1/Q0/S2	C:S	2.0	0.9143835643820716	0.8709372820535174	0.9139316837684444	0.9286401060241032	0.8702243596759234	0.9312025016307954	0.15762605341047062	0.15257000022490094	0.17623326343063855	0.877308742922267	0.33010421253485983	2000.0	20260815.0	sign agreement and FDR Jaccard are descriptive
pairwise_cell_stability	loss_demean											C0/Q0/S1	C1/Q1/S2	C:Q:S	3.0	0.909744528612053	0.8398511476107433	0.9126119651809312	0.9246441232716874	0.8461326565266818	0.9278881739813515	0.16140292293370265	0.15318692839543238	0.1954512926449554	0.8737585701622678	0.3483375156838143	2000.0	20260815.0	sign agreement and FDR Jaccard are descriptive
pairwise_cell_stability	loss_demean											C0/Q0/S1	C1/Q2/S2	C:Q:S	3.0	0.8990086947152429	0.8042170617063198	0.9083766757124713	0.913825041742764	0.8166760755232377	0.9231036327757554	0.1708851301223594	0.15449768250378237	0.21082959645486804	0.8670155031748041	0.3781492678878416	2000.0	20260815.0	sign agreement and FDR Jaccard are descriptive
pairwise_cell_stability	loss_demean											C0/Q0/S1	C2/Q0/S0	C:S	2.0	0.5190369172263997	0.47664240814725883	0.5293188445088566	0.5236095601059478	0.4629018016742111	0.5343120121892067	0.8002696835121265	0.7900159093902404	0.8499426708646808	0.6879556431918088	0.0016766801732569512	2000.0	20260815.0	sign agreement and FDR Jaccard are descriptive
pairwise_cell_stability	loss_demean											C0/Q0/S1	C2/Q1/S0	C:Q:S	3.0	0.5185419450204913	0.46295229190948045	0.5286106811205972	0.5166877059266275	0.44060086396411585	0.5309220662103196	0.7985004185534622	0.7706770968413851	0.8538916221445134	0.6853868557680132	0.002095850216571189	2000.0	20260815.0	sign agreement and FDR Jaccard are descriptive
pairwise_cell_stability	loss_demean											C0/Q0/S1	C2/Q2/S0	C:Q:S	3.0	0.5104827108532036	0.44597625517021267	0.524171168543961	0.5071412064703065	0.426166014708245	0.5260948537264145	0.80797962387806	0.7715483256665624	0.867032488824117	0.6817281426943324	0.0023752969121140144	2000.0	20260815.0	sign agreement and FDR Jaccard are descriptive
pairwise_cell_stability	loss_demean											C0/Q0/S1	C2/Q0/S1	C	1.0	0.9274605465252852	0.8782666407588998	0.9396270939881499	0.9344911147277553	0.8725871011551827	0.9438564049474693	0.14522101943626772	0.12050256360916486	0.1809518707421642	0.8867562727256282	0.4838964112002103	2000.0	20260815.0	sign agreement and FDR Jaccard are descriptive
pairwise_cell_stability	loss_demean											C0/Q0/S1	C2/Q1/S1	C:Q	2.0	0.9219794460494166	0.842431382775731	0.9377191603432306	0.923474309574142	0.8245431020113089	0.9413155362467922	0.1560870945044369	0.12300171003541494	0.2102465535345744	0.8756082780079234	0.43572090560042365	2000.0	20260815.0	sign agreement and FDR Jaccard are descriptive
pairwise_cell_stability	loss_demean											C0/Q0/S1	C2/Q2/S1	C:Q	2.0	0.9101053142380799	0.8129328802998106	0.9325009831920479	0.9099064245822935	0.8002662632413277	0.9353633204397725	0.16794118319344678	0.12772474397895398	0.22295304149392609	0.8625201251831618	0.37681159420289856	2000.0	20260815.0	sign agreement and FDR Jaccard are descriptive
pairwise_cell_stability	loss_demean											C0/Q0/S1	C2/Q0/S2	C:S	2.0	0.8808620718151611	0.8140467802240859	0.8870041636701985	0.8999922614041439	0.8201562410520135	0.9086537209203607	0.18941673943187673	0.1713237734800118	0.21360003836955954	0.8563830749470865	0.3803220690496523	2000.0	20260815.0	sign agreement and FDR Jaccard are descriptive
pairwise_cell_stability	loss_demean											C0/Q0/S1	C2/Q1/S2	C:Q:S	3.0	0.8749428617540348	0.7824279309685357	0.8844212572935047	0.889992445497624	0.7867983738302619	0.9042431570775185	0.1968616007776695	0.1723234292782669	0.23519918903976078	0.8504178802076738	0.39875041104899706	2000.0	20260815.0	sign agreement and FDR Jaccard are descriptive
pairwise_cell_stability	loss_demean											C0/Q0/S1	C2/Q2/S2	C:Q:S	3.0	0.8659997147367484	0.7603307053927479	0.8811135863163452	0.8787350358177525	0.7615277186237723	0.897140436800006	0.2037367017879224	0.17429804048909306	0.24440976784579996	0.8411422059009751	0.4078787445485093	2000.0	20260815.0	sign agreement and FDR Jaccard are descriptive
pairwise_cell_stability	loss_demean											C0/Q1/S1	C0/Q2/S1	Q	1.0	0.9878278087354534	0.9300948483290602	0.9995276801091799	0.9881881215480535	0.9327715535656841	0.9995444751718527	0.059875771824647886	0.010708245003273983	0.12629676515195104	0.9509533457551692	0.6843828230310033	2000.0	20260815.0	sign agreement and FDR Jaccard are descriptive
pairwise_cell_stability	loss_demean											C0/Q1/S1	C0/Q0/S2	Q:S	2.0	0.9208831008392264	0.8562638875456268	0.9235200941416516	0.9217144100347048	0.8356709201301739	0.9324675108903135	0.15385953047839543	0.1447083127541724	0.17725433615638259	0.8639673293655818	0.24647564761565474	2000.0	20260815.0	sign agreement and FDR Jaccard are descriptive
pairwise_cell_stability	loss_demean											C0/Q1/S1	C0/Q1/S2	S	1.0	0.9268013701231499	0.8962186060480485	0.9257797765152863	0.9341502190063253	0.9007757103487992	0.9371512602062355	0.1464679685373927	0.13490643830772306	0.15126984571002935	0.8788961450098591	0.3108416454788448	2000.0	20260815.0	sign agreement and FDR Jaccard are descriptive
pairwise_cell_stability	loss_demean											C0/Q1/S1	C0/Q2/S2	Q:S	2.0	0.9165055164716793	0.8473114558782681	0.9227514603225446	0.9245070838093213	0.8547097612691288	0.932468521425372	0.15580097502450418	0.13930520627546555	0.18260003792505597	0.8712350078691727	0.361244019138756	2000.0	20260815.0	sign agreement and FDR Jaccard are descriptive
pairwise_cell_stability	loss_demean											C0/Q1/S1	C1/Q0/S0	C:Q:S	3.0	0.5508901903725902	0.48996513866471364	0.565183787116492	0.5660508292675349	0.49635977989035523	0.5817344529600332	0.8420005633876892	0.8353495603643007	0.8866393133581753	0.7069275855207221	0.0039690414764834295	2000.0	20260815.0	sign agreement and FDR Jaccard are descriptive
pairwise_cell_stability	loss_demean											C0/Q1/S1	C1/Q1/S0	C:S	2.0	0.5634128447885524	0.5290584944776533	0.5695633647627036	0.576105254459297	0.5306013269551155	0.5873663143762914	0.8327695805175572	0.7918071250067622	0.8844783452158672	0.7118254671756001	0.0039690414764834295	2000.0	20260815.0	sign agreement and FDR Jaccard are descriptive
pairwise_cell_stability	loss_demean											C0/Q1/S1	C1/Q2/S0	C:Q:S	3.0	0.555039162773619	0.5004025407547668	0.5653589666523147	0.5648286247433136	0.5020897609821292	0.5788580226927452	0.8422718571990732	0.7917283929517976	0.899487982135911	0.706552216935907	0.004762849771780115	2000.0	20260815.0	sign agreement and FDR Jaccard are descriptive
pairwise_cell_stability	loss_demean											C0/Q1/S1	C1/Q0/S1	C:Q	2.0	0.9607413305747526	0.8981650101164438	0.976193226456557	0.9631776306521551	0.9004130390614408	0.9780509764479204	0.10670727135563575	0.07787067466297609	0.14830311490936574	0.9121275710486804	0.581240667843084	2000.0	20260815.0	sign agreement and FDR Jaccard are descriptive
pairwise_cell_stability	loss_demean											C0/Q1/S1	C1/Q1/S1	C	1.0	0.9759157128687288	0.9570735668967653	0.9789438581460487	0.9774067025539684	0.9494406499702244	0.9811321540359741	0.08330951809451582	0.07143505309795084	0.10813178814954628	0.9302854610249823	0.6759860964183164	2000.0	20260815.0	sign agreement and FDR Jaccard are descriptive
pairwise_cell_stability	loss_demean											C0/Q1/S1	C1/Q2/S1	C:Q	2.0	0.9639870034665013	0.9005223776188083	0.9760076318294066	0.9675795112441209	0.9063946822096084	0.9781008457760959	0.09945329481702017	0.0761490347130478	0.14722095105090058	0.9186852150002713	0.6247550620509471	2000.0	20260815.0	sign agreement and FDR Jaccard are descriptive
pairwise_cell_stability	loss_demean											C0/Q1/S1	C1/Q0/S2	C:Q:S	3.0	0.9041725997406814	0.8306984870199752	0.911713351217707	0.9096511687155768	0.8321747992152502	0.9214912723078528	0.16511489056502254	0.15460480861177361	0.17813357988311193	0.8563921199732267	0.23750987361769352	2000.0	20260815.0	sign agreement and FDR Jaccard are descriptive
pairwise_cell_stability	loss_demean											C0/Q1/S1	C1/Q1/S2	C:S	2.0	0.9154292098751557	0.8731665087251524	0.9154881394862276	0.920966408814135	0.8641164926485861	0.9252046902208625	0.1565380171524802	0.14415350905366386	0.1687939704396322	0.8656677942799255	0.256809131935227	2000.0	20260815.0	sign agreement and FDR Jaccard are descriptive
pairwise_cell_stability	loss_demean											C0/Q1/S1	C1/Q2/S2	C:Q:S	3.0	0.9049238802132736	0.8308153780491384	0.91178667526159	0.9141929184482795	0.8387153592402892	0.9215633659056114	0.16267904889480891	0.14689765902445134	0.18751649630713543	0.8636462309376074	0.2848282152629979	2000.0	20260815.0	sign agreement and FDR Jaccard are descriptive
pairwise_cell_stability	loss_demean											C0/Q1/S1	C2/Q0/S0	C:Q:S	3.0	0.509924744478848	0.4458962215907254	0.525762552717772	0.5208403274527352	0.45159936488521907	0.5330692324470122	0.8029798624002906	0.7908807538366428	0.8551825985196783	0.6892355143906366	0.0023818975784041284	2000.0	20260815.0	sign agreement and FDR Jaccard are descriptive
pairwise_cell_stability	loss_demean											C0/Q1/S1	C2/Q1/S0	C:S	2.0	0.5235937209345858	0.48307068126975433	0.5319943782923972	0.5289229040837417	0.47516193407371865	0.5365910168811459	0.7942386568693313	0.7580416688135462	0.8522955857384183	0.6924103185658207	0.0029773719730051607	2000.0	20260815.0	sign agreement and FDR Jaccard are descriptive
pairwise_cell_stability	loss_demean											C0/Q1/S1	C2/Q2/S0	C:Q:S	3.0	0.5158068215016813	0.46127208848859413	0.5270741803173662	0.519929709371573	0.45762412519308787	0.5307047196245079	0.8033887972536985	0.7573331781132324	0.865584397722999	0.6883536243419743	0.003374354902739182	2000.0	20260815.0	sign agreement and FDR Jaccard are descriptive
pairwise_cell_stability	loss_demean											C0/Q1/S1	C2/Q0/S1	C:Q	2.0	0.9174144265872717	0.8369722235949238	0.9363154846283143	0.92584106464111	0.8378771194657669	0.9408783621303145	0.1478005083529082	0.12370640138151404	0.18618016613518104	0.8805106821758715	0.5459450345641544	2000.0	20260815.0	sign agreement and FDR Jaccard are descriptive
pairwise_cell_stability	loss_demean											C0/Q1/S1	C2/Q1/S1	C	1.0	0.9332550512119068	0.8890705891298308	0.9419948390284147	0.938645973631091	0.8766313750130692	0.9455234720611505	0.1355456137493662	0.11603828632314377	0.17057769745509255	0.8935762224352828	0.5566458519179304	2000.0	20260815.0	sign agreement and FDR Jaccard are descriptive
pairwise_cell_stability	loss_demean											C0/Q1/S1	C2/Q2/S1	C:Q	2.0	0.9214577428004509	0.8479362493624428	0.9371217345096812	0.9266420743338878	0.8434226755482434	0.9406338721163026	0.1471967373845444	0.12035720994833393	0.18910096018901	0.8812749868847121	0.4879855465221319	2000.0	20260815.0	sign agreement and FDR Jaccard are descriptive
pairwise_cell_stability	loss_demean											C0/Q1/S1	C2/Q0/S2	C:Q:S	3.0	0.8745393912992868	0.7789734212066237	0.8842958757524495	0.8865147695978924	0.7798522952312421	0.9011243735724719	0.18862774292482007	0.17350288645897202	0.210026986834679	0.8435979304980191	0.2854904418677531	2000.0	20260815.0	sign agreement and FDR Jaccard are descriptive
pairwise_cell_stability	loss_demean											C0/Q1/S1	C2/Q1/S2	C:S	2.0	0.8865438001488812	0.8241411945264656	0.8911201923800104	0.8982971302033482	0.8203148869431959	0.9057206330661733	0.18259943903529785	0.1650139971029434	0.20560819902284946	0.8554604822807937	0.312384346514975	2000.0	20260815.0	sign agreement and FDR Jaccard are descriptive
pairwise_cell_stability	loss_demean											C0/Q1/S1	C2/Q2/S2	C:Q:S	3.0	0.8774586727058753	0.7942478332624423	0.8864597882488993	0.8894182696192494	0.7964965205794531	0.9015223804205891	0.18831905049027672	0.16761651837088767	0.21705440092479383	0.848491289639827	0.33007871631849833	2000.0	20260815.0	sign agreement and FDR Jaccard are descriptive
pairwise_cell_stability	loss_demean											C0/Q2/S1	C0/Q0/S2	Q:S	2.0	0.9132622442525872	0.8290416098531079	0.9198594754026701	0.9080525565457012	0.8017352497284154	0.9261704818634477	0.16277301814943504	0.14865976924584529	0.19153989687791068	0.8498073409432153	0.18438410799202332	2000.0	20260815.0	sign agreement and FDR Jaccard are descriptive
pairwise_cell_stability	loss_demean											C0/Q2/S1	C0/Q1/S2	Q:S	2.0	0.9188107255499225	0.8541835604920053	0.9225327992292859	0.924020978350718	0.8585190906644226	0.9304793815794841	0.15227516694490903	0.13986423891968314	0.16877787548989662	0.8676124749000524	0.23515095704795105	2000.0	20260815.0	sign agreement and FDR Jaccard are descriptive
pairwise_cell_stability	loss_demean											C0/Q2/S1	C0/Q2/S2	S	1.0	0.9265948386653465	0.8954036215335839	0.9258547604202454	0.9324294369511239	0.8987106530055452	0.9356769600345275	0.1466536416715925	0.13340615237154743	0.15295956369453506	0.8766032308833372	0.288661481784691	2000.0	20260815.0	sign agreement and FDR Jaccard are descriptive
pairwise_cell_stability	loss_demean											C0/Q2/S1	C1/Q0/S0	C:Q:S	3.0	0.5439546665267048	0.47299244040577487	0.5615600264102671	0.5598530331315059	0.4786031694314664	0.5783500380873751	0.8457398436973669	0.8385772622762652	0.890649465478563	0.704399500714557	0.005119913769873349	2000.0	20260815.0	sign agreement and FDR Jaccard are descriptive
pairwise_cell_stability	loss_demean											C0/Q2/S1	C1/Q1/S0	C:Q:S	3.0	0.5571157411429742	0.5023071014075142	0.5672689881995038	0.5709146512741006	0.5066420701554574	0.5838082915190578	0.8361104810935246	0.795644890564724	0.8875419814493168	0.7098943540946834	0.005390835579514825	2000.0	20260815.0	sign agreement and FDR Jaccard are descriptive
pairwise_cell_stability	loss_demean											C0/Q2/S1	C1/Q2/S0	C:S	2.0	0.5641103421372969	0.530316284265372	0.5704410281152688	0.5746895155971037	0.5303701119989371	0.5860407086257294	0.8386440224379371	0.7848463971921473	0.896289649229532	0.7107717216302755	0.00646900269541779	2000.0	20260815.0	sign agreement and FDR Jaccard are descriptive
pairwise_cell_stability	loss_demean											C0/Q2/S1	C1/Q0/S1	C:Q	2.0	0.9530884179106677	0.8707804659791334	0.9735637067372562	0.952701130348538	0.8662565852164555	0.9754962831718589	0.12048105966910161	0.0821198047470629	0.17292125244414222	0.8980670779138552	0.49176062445793584	2000.0	20260815.0	sign agreement and FDR Jaccard are descriptive
pairwise_cell_stability	loss_demean											C0/Q2/S1	C1/Q1/S1	C:Q	2.0	0.9690884076178776	0.9103980018574583	0.9771554875527326	0.9684346979444232	0.9008264056801493	0.9789185891828345	0.09810684785941336	0.0751997749372758	0.15262006751336046	0.914189837008629	0.5590161316083693	2000.0	20260815.0	sign agreement and FDR Jaccard are descriptive
pairwise_cell_stability	loss_demean											C0/Q2/S1	C1/Q2/S1	C	1.0	0.9775562231063754	0.9600329030579079	0.9798155124098905	0.9781836081879376	0.949939971368996	0.9816768941979362	0.08123089887644029	0.07001334419773547	0.1084267233166375	0.9302854610249823	0.6601193914885423	2000.0	20260815.0	sign agreement and FDR Jaccard are descriptive
pairwise_cell_stability	loss_demean											C0/Q2/S1	C1/Q0/S2	C:Q:S	3.0	0.9004246989741748	0.8097273245171152	0.9091584674490373	0.8998793826897813	0.7970887061972809	0.917093542721146	0.17004855201183644	0.15753217137734005	0.19329074516868275	0.8447556938439552	0.17911782237234253	2000.0	20260815.0	sign agreement and FDR Jaccard are descriptive
pairwise_cell_stability	loss_demean											C0/Q2/S1	C1/Q1/S2	C:Q:S	3.0	0.9120790902280527	0.8487768259544458	0.9129222103338499	0.9123552478056551	0.8256653948912848	0.9210161276566592	0.16085515333324488	0.1478676657472714	0.1841439378574342	0.8545831147452017	0.1930901906338442	2000.0	20260815.0	sign agreement and FDR Jaccard are descriptive
pairwise_cell_stability	loss_demean											C0/Q2/S1	C1/Q2/S2	C:S	2.0	0.9166356821235909	0.8744254394258658	0.9161939499715073	0.9204828257718849	0.8641720522280706	0.9249322311670161	0.1551810902666967	0.14151044021123357	0.16946032862282795	0.8656677942799255	0.22101628021706957	2000.0	20260815.0	sign agreement and FDR Jaccard are descriptive
pairwise_cell_stability	loss_demean											C0/Q2/S1	C2/Q0/S0	C:Q:S	3.0	0.5038756098938291	0.4312905874264338	0.5229403329570366	0.5160376808318629	0.4371914284696477	0.5293449940834976	0.8056590237912092	0.7936198124769827	0.8592476410649199	0.6881455887407515	0.0032353734160150984	2000.0	20260815.0	sign agreement and FDR Jaccard are descriptive
pairwise_cell_stability	loss_demean											C0/Q2/S1	C2/Q1/S0	C:Q:S	3.0	0.5176382796025373	0.4604062560047277	0.5294553578766364	0.5250402865399655	0.4599503663321782	0.532675210726507	0.7965449216388519	0.7593690112280546	0.8559823088661489	0.6916369688308399	0.004044216770018873	2000.0	20260815.0	sign agreement and FDR Jaccard are descriptive
pairwise_cell_stability	loss_demean											C0/Q2/S1	C2/Q2/S0	C:S	2.0	0.5241764772066454	0.4830320238595017	0.5330311174090884	0.5298734540903357	0.47589116349402	0.5384908195190323	0.7994328398897814	0.7461558998848662	0.8627741166141653	0.6934233614935147	0.004583445672688056	2000.0	20260815.0	sign agreement and FDR Jaccard are descriptive
pairwise_cell_stability	loss_demean											C0/Q2/S1	C2/Q0/S1	C:Q	2.0	0.9118792596642443	0.8129142208077933	0.9328426503578502	0.9185623783131692	0.812153510705645	0.9370875152625587	0.15273614623758516	0.12686503973162622	0.1976205841868424	0.8738580654498092	0.558338302524349	2000.0	20260815.0	sign agreement and FDR Jaccard are descriptive
pairwise_cell_stability	loss_demean											C0/Q2/S1	C2/Q1/S1	C:Q	2.0	0.9273348218236536	0.8515602064284302	0.9390926938641027	0.9330198170780448	0.8514347056306357	0.9426640247757859	0.13929394330768843	0.1191399285463382	0.1798697836995725	0.8881446842381374	0.6015591165006496	2000.0	20260815.0	sign agreement and FDR Jaccard are descriptive
pairwise_cell_stability	loss_demean											C0/Q2/S1	C2/Q2/S1	C	1.0	0.9349083716122244	0.8888960419352968	0.9437640482678639	0.9395533802468305	0.8752328066931677	0.9460466652766061	0.1327254297067302	0.11406050657373251	0.16919445021302643	0.8952721648365564	0.6066527099325425	2000.0	20260815.0	sign agreement and FDR Jaccard are descriptive
pairwise_cell_stability	loss_demean											C0/Q2/S1	C2/Q0/S2	C:Q:S	3.0	0.8726170452788043	0.7668575966166046	0.8824861733039416	0.8793229530723038	0.7504373426379427	0.8978011193079529	0.18998070251516938	0.17541005072819477	0.21789115106937215	0.8361222163932054	0.22171974522292995	2000.0	20260815.0	sign agreement and FDR Jaccard are descriptive
pairwise_cell_stability	loss_demean											C0/Q2/S1	C2/Q1/S2	C:Q:S	3.0	0.8836638323166662	0.8007032789816407	0.8884403740877617	0.8927963783576729	0.7956779287060446	0.9018656365650102	0.18291230429867653	0.1673518127763542	0.21122169143762975	0.8486721901626296	0.2418983901317165	2000.0	20260815.0	sign agreement and FDR Jaccard are descriptive
pairwise_cell_stability	loss_demean											C0/Q2/S1	C2/Q2/S2	C:S	2.0	0.8889139007621617	0.825501806890393	0.8925293227742029	0.8979762258891051	0.8173193595916403	0.9050370705616491	0.180049884940585	0.16096220292779947	0.20639382998556635	0.8538142875232909	0.26886423996250586	2000.0	20260815.0	sign agreement and FDR Jaccard are descriptive
pairwise_cell_stability	loss_demean											C0/Q0/S2	C0/Q1/S2	Q	1.0	0.9910796612359911	0.9396953080024938	0.9998806051875823	0.986340168047855	0.9183195238764631	0.9998325385877311	0.055646766348096004	0.0054966803211444195	0.11584556725644835	0.9402078547007001	0.7222748815165877	2000.0	20260815.0	sign agreement and FDR Jaccard are descriptive
pairwise_cell_stability	loss_demean											C0/Q0/S2	C0/Q2/S2	Q	1.0	0.9836880833532702	0.9122162793360475	0.9980551649038112	0.9736636366686846	0.8770641413839637	0.9975529962581207	0.07661152485648204	0.019617969079722436	0.13730042516618815	0.9173239385661824	0.5758758758758759	2000.0	20260815.0	sign agreement and FDR Jaccard are descriptive
pairwise_cell_stability	loss_demean											C0/Q0/S2	C1/Q0/S0	C:S	2.0	0.3884930817417534	0.32576722357380233	0.3909290416637725	0.4135437022245244	0.328313908447934	0.4254250366774881	0.9131654537191944	0.9064593534870443	0.9551447186943262	0.6462399826335498	0.0009765625	2000.0	20260815.0	sign agreement and FDR Jaccard are descriptive
pairwise_cell_stability	loss_demean											C0/Q0/S2	C1/Q1/S0	C:Q:S	3.0	0.391287966799745	0.3237730321907422	0.3922086082793291	0.4130891442347786	0.3225230867777837	0.4238869116466829	0.9086820642117378	0.8688406018595349	0.960041059359046	0.6469047920548491	0.0010280133641737343	2000.0	20260815.0	sign agreement and FDR Jaccard are descriptive
pairwise_cell_stability	loss_demean											C0/Q0/S2	C1/Q2/S0	C:Q:S	3.0	0.38674227947696593	0.31172097776340124	0.3891607432882052	0.40328872854702624	0.3091247015063757	0.4155197784136759	0.9165989786495155	0.8622324042146353	0.9740697411856729	0.6423370538540857	0.001233616037008481	2000.0	20260815.0	sign agreement and FDR Jaccard are descriptive
pairwise_cell_stability	loss_demean											C0/Q0/S2	C1/Q0/S1	C:S	2.0	0.9011576424773338	0.8541790424971526	0.9031210167509673	0.9149763388414484	0.8497883588045702	0.9187983187569958	0.16183976848404283	0.15591593641138368	0.17672674724871915	0.8616065775430091	0.3009083649431024	2000.0	20260815.0	sign agreement and FDR Jaccard are descriptive
pairwise_cell_stability	loss_demean											C0/Q0/S2	C1/Q1/S1	C:Q:S	3.0	0.9020658215356637	0.834880257961385	0.9034795562901005	0.9135646108283119	0.8231243432853008	0.9177505894086625	0.16177257076860713	0.1576185828325958	0.1834877297401603	0.8598925450894553	0.28312707515846663	2000.0	20260815.0	sign agreement and FDR Jaccard are descriptive
pairwise_cell_stability	loss_demean											C0/Q0/S2	C1/Q2/S1	C:Q:S	3.0	0.8937561885924147	0.8070483716915736	0.8989509840527019	0.9015625645939292	0.7954168250298583	0.9113945135007807	0.16991705429236506	0.16223649762142975	0.1945501192801094	0.847695327339496	0.23303476544709276	2000.0	20260815.0	sign agreement and FDR Jaccard are descriptive
pairwise_cell_stability	loss_demean											C0/Q0/S2	C1/Q0/S2	C	1.0	0.9836837772243144	0.961584999185448	0.9860096347642932	0.9866694116133359	0.9456667171717915	0.9880902722563459	0.05443307175803424	0.04751500289203291	0.09423891132113003	0.9452821143653105	0.7351351351351352	2000.0	20260815.0	sign agreement and FDR Jaccard are descriptive
pairwise_cell_stability	loss_demean											C0/Q0/S2	C1/Q1/S2	C:Q	2.0	0.9827671873638293	0.9338770578116787	0.9856388569130714	0.9851921186397632	0.9176788476949698	0.9877478750296202	0.05742333680293584	0.0483822312146497	0.1155443734238642	0.9419399772065341	0.7631700768447366	2000.0	20260815.0	sign agreement and FDR Jaccard are descriptive
pairwise_cell_stability	loss_demean											C0/Q0/S2	C1/Q2/S2	C:Q	2.0	0.9738663205837788	0.8994204733303987	0.983134213661982	0.9747532270004757	0.8882981371877939	0.9852208953878285	0.07465735558895148	0.05207831243622006	0.13284080907144177	0.9245961395828434	0.6914913866945845	2000.0	20260815.0	sign agreement and FDR Jaccard are descriptive
pairwise_cell_stability	loss_demean											C0/Q0/S2	C2/Q0/S0	C:S	2.0	0.3603044384598982	0.2981600986595249	0.36355054675796666	0.37737940899549904	0.29537307009392255	0.37980502377954534	0.8650822204478259	0.8515635433768396	0.9159417454892221	0.6298594402937825	0.0006168397244782564	2000.0	20260815.0	sign agreement and FDR Jaccard are descriptive
pairwise_cell_stability	loss_demean											C0/Q0/S2	C2/Q1/S0	C:Q:S	3.0	0.36457512741636683	0.29657174849529805	0.3653937773221347	0.3733544526736293	0.28513334400210455	0.37645049187779567	0.8613349182174449	0.826548576094261	0.920438414347536	0.6284845963204834	0.0007710496555978205	2000.0	20260815.0	sign agreement and FDR Jaccard are descriptive
pairwise_cell_stability	loss_demean											C0/Q0/S2	C2/Q2/S0	C:Q:S	3.0	0.36039713650828353	0.289157977910009	0.36294256012314713	0.367015052321752	0.27494405730877547	0.37243278724625956	0.8688013622046992	0.8229769856903493	0.9319158096088143	0.62608314188028	0.0008738562763441966	2000.0	20260815.0	sign agreement and FDR Jaccard are descriptive
pairwise_cell_stability	loss_demean											C0/Q0/S2	C2/Q0/S1	C:S	2.0	0.862032831599379	0.7911874167302189	0.869557632204745	0.8751630988332704	0.7787578797817151	0.8803118807825816	0.1733420321997646	0.16117079463642955	0.19902508782623374	0.828316358834277	0.19357287449392713	2000.0	20260815.0	sign agreement and FDR Jaccard are descriptive
pairwise_cell_stability	loss_demean											C0/Q0/S2	C2/Q1/S1	C:Q:S	3.0	0.8641064806571104	0.7727942950427956	0.8711846970813684	0.8669077436015589	0.7387879287396383	0.8770474223250749	0.17776883877731497	0.1628327532241305	0.21448950595558358	0.8211029504875269	0.17306230040046636	2000.0	20260815.0	sign agreement and FDR Jaccard are descriptive
pairwise_cell_stability	loss_demean											C0/Q0/S2	C2/Q2/S1	C:Q:S	3.0	0.8558972094376708	0.7522037026078713	0.8644288508759358	0.8553799941558032	0.7170224903351526	0.8703283525753591	0.1853798570643864	0.1666716420515293	0.22098046025241114	0.810375549485338	0.1499644633972992	2000.0	20260815.0	sign agreement and FDR Jaccard are descriptive
pairwise_cell_stability	loss_demean											C0/Q0/S2	C2/Q0/S2	C	1.0	0.9489048645297816	0.8953809732025143	0.9598926781764101	0.9566331018783055	0.8848712586477995	0.9641147313498887	0.10071750508464082	0.0779553283847506	0.1389102806432964	0.8988042475442753	0.6222015791918254	2000.0	20260815.0	sign agreement and FDR Jaccard are descriptive
pairwise_cell_stability	loss_demean											C0/Q0/S2	C2/Q1/S2	C:Q	2.0	0.9483613784836934	0.8709138444195871	0.9595660382752967	0.9490060093328717	0.8411435069980062	0.9630298044992512	0.10875596058600483	0.0783717974069314	0.16423891223367904	0.8892029522965321	0.5858729033782187	2000.0	20260815.0	sign agreement and FDR Jaccard are descriptive
pairwise_cell_stability	loss_demean											C0/Q0/S2	C2/Q2/S2	C:Q	2.0	0.9409825131595283	0.8503895443132298	0.9556323561740474	0.9382542157731272	0.8194644529869428	0.9580193592110109	0.11810219312267521	0.08210296387880137	0.1739812686556191	0.875287179579949	0.517864768683274	2000.0	20260815.0	sign agreement and FDR Jaccard are descriptive
pairwise_cell_stability	loss_demean											C0/Q1/S2	C0/Q2/S2	Q	1.0	0.9914424012896392	0.9444483492599767	0.999642292935539	0.9912801111348817	0.9452880579363215	0.9996388618024227	0.042230113576404944	0.007366704177819169	0.08896598445120663	0.9574793321152698	0.7541100323624595	2000.0	20260815.0	sign agreement and FDR Jaccard are descriptive
pairwise_cell_stability	loss_demean											C0/Q1/S2	C1/Q0/S0	C:Q:S	3.0	0.3786929698377679	0.30705188355969865	0.38668709732232004	0.40556476766277705	0.31796639530295007	0.42206530428797523	0.9172173214317763	0.9092528063716963	0.957257176909834	0.6436124025398433	0.0012606993563798023	2000.0	20260815.0	sign agreement and FDR Jaccard are descriptive
pairwise_cell_stability	loss_demean											C0/Q1/S2	C1/Q1/S0	C:S	2.0	0.3889623663584871	0.3265004612026573	0.3924430050024647	0.4129110761758423	0.3325856277715981	0.42786634895178544	0.9099789902553796	0.8652183140324737	0.9600925248175376	0.6472982506919445	0.0013271400132714001	2000.0	20260815.0	sign agreement and FDR Jaccard are descriptive
pairwise_cell_stability	loss_demean											C0/Q1/S2	C1/Q2/S0	C:Q:S	3.0	0.384975287821352	0.3149120005809331	0.3902452807438692	0.40492723417665827	0.32109639006063195	0.4176976707378	0.9171368506874122	0.8594560532360546	0.9746453050294225	0.6433907993994102	0.0015925680159256802	2000.0	20260815.0	sign agreement and FDR Jaccard are descriptive
pairwise_cell_stability	loss_demean											C0/Q1/S2	C1/Q0/S1	C:Q:S	3.0	0.8838354110090122	0.803314793113366	0.8981155077393025	0.898838437383277	0.8107654665949201	0.9147961052406938	0.1766399330621056	0.15855618640264768	0.1964712926642236	0.8522494980010492	0.34566445285829556	2000.0	20260815.0	sign agreement and FDR Jaccard are descriptive
pairwise_cell_stability	loss_demean											C0/Q1/S2	C1/Q1/S1	C:S	2.0	0.9004516656039008	0.8533975398209654	0.9041002198861687	0.9129991868185435	0.8513146822508428	0.9200658762692562	0.1648363144118981	0.14992482670310245	0.18219870822838263	0.8617332079089709	0.34110102228712935	2000.0	20260815.0	sign agreement and FDR Jaccard are descriptive
pairwise_cell_stability	loss_demean											C0/Q1/S2	C1/Q2/S1	C:Q:S	3.0	0.8926909043295131	0.8189481674664698	0.9000545333040064	0.9048494386226279	0.8256700394396994	0.9137612162538312	0.16947966122995833	0.15396500971148672	0.1876566145842981	0.8535972068959279	0.28503440735738633	2000.0	20260815.0	sign agreement and FDR Jaccard are descriptive
pairwise_cell_stability	loss_demean											C0/Q1/S2	C1/Q0/S2	C:Q	2.0	0.9684182240999414	0.9063458072690462	0.9833282431691395	0.9692589769812409	0.9055611241515097	0.9851903923404407	0.08013040716803294	0.05143442256852229	0.11290855053015171	0.9178621176215199	0.627016502874096	2000.0	20260815.0	sign agreement and FDR Jaccard are descriptive
pairwise_cell_stability	loss_demean											C0/Q1/S2	C1/Q1/S2	C	1.0	0.9829809300800085	0.9623962910836675	0.9863127925114044	0.9830066643456497	0.9451244350828752	0.9879675064959637	0.0594081970660309	0.04580175090086498	0.0871247917368373	0.9373767615188408	0.7045822375075865	2000.0	20260815.0	sign agreement and FDR Jaccard are descriptive
pairwise_cell_stability	loss_demean											C0/Q1/S2	C1/Q2/S2	C:Q	2.0	0.9742368877941002	0.9173191585874364	0.9840650005969306	0.9772903356796135	0.9193637839251371	0.9858665974665247	0.0682033439897428	0.049373986351917726	0.10435688386710286	0.9316376924329312	0.6974451163044071	2000.0	20260815.0	sign agreement and FDR Jaccard are descriptive
pairwise_cell_stability	loss_demean											C0/Q1/S2	C2/Q0/S0	C:Q:S	3.0	0.35424351052230774	0.2831294072252305	0.3613276961392036	0.3745051190163808	0.29181221315230116	0.37844486214673895	0.8664708044369367	0.8514686339001026	0.9171772624810404	0.6295202518135278	0.0007963368504877563	2000.0	20260815.0	sign agreement and FDR Jaccard are descriptive
pairwise_cell_stability	loss_demean											C0/Q1/S2	C2/Q1/S0	C:S	2.0	0.36604378012738575	0.30283599250616405	0.36763107464569256	0.3796292480880941	0.30246474015311875	0.38029416348005435	0.8594749419151129	0.8190226340832539	0.9198952861113896	0.6315915627996165	0.0009954210631096954	2000.0	20260815.0	sign agreement and FDR Jaccard are descriptive
pairwise_cell_stability	loss_demean											C0/Q1/S2	C2/Q2/S0	C:Q:S	3.0	0.3620310522240887	0.2942798646209337	0.3655221063113633	0.37391378447388296	0.29364375279781285	0.37574393705085196	0.8666699080257652	0.8107650833483704	0.9314871330514707	0.6291448832287125	0.0011281438715243215	2000.0	20260815.0	sign agreement and FDR Jaccard are descriptive
pairwise_cell_stability	loss_demean											C0/Q1/S2	C2/Q0/S1	C:Q:S	3.0	0.8508386653299466	0.7494819466673763	0.8662371221763743	0.8679607323724583	0.756318823254919	0.8779899971519161	0.17679672516039924	0.16220824307542178	0.20469691598940187	0.8252455724597044	0.2365556772074451	2000.0	20260815.0	sign agreement and FDR Jaccard are descriptive
pairwise_cell_stability	loss_demean											C0/Q1/S2	C2/Q1/S1	C:S	2.0	0.8699587412200863	0.8044252905852833	0.8746530599769783	0.8805474251116997	0.7889984144129868	0.882053127117808	0.1671756222790526	0.15542220015315095	0.19107872262439313	0.8314368928526203	0.2218096540941958	2000.0	20260815.0	sign agreement and FDR Jaccard are descriptive
pairwise_cell_stability	loss_demean											C0/Q1/S2	C2/Q2/S1	C:Q:S	3.0	0.861743928822806	0.7752222528878974	0.8691686481968969	0.870842509035556	0.766921967200384	0.8762692269988159	0.17377425268678576	0.1593072604937976	0.19919213039047837	0.8223195065033738	0.19290798667798603	2000.0	20260815.0	sign agreement and FDR Jaccard are descriptive
pairwise_cell_stability	loss_demean											C0/Q1/S2	C2/Q0/S2	C:Q	2.0	0.9383805179702674	0.8500669769882176	0.9557060609021961	0.9456524731789858	0.8413819910878395	0.9610093288385466	0.10460586986616317	0.08082306535898746	0.14223818595681342	0.8852050507425967	0.6121727195945946	2000.0	20260815.0	sign agreement and FDR Jaccard are descriptive
pairwise_cell_stability	loss_demean											C0/Q1/S2	C2/Q1/S2	C	1.0	0.955470989016911	0.910621265657471	0.9630546004688519	0.9606869030577012	0.890775341557114	0.9655807035861561	0.09085132846504096	0.07421976524738344	0.12622074940868133	0.9036162014508222	0.6660956948726733	2000.0	20260815.0	sign agreement and FDR Jaccard are descriptive
pairwise_cell_stability	loss_demean											C0/Q1/S2	C2/Q2/S2	C:Q	2.0	0.9479332594593269	0.8792633967462006	0.958881042789987	0.9527829899717448	0.8657149185239302	0.962015917809782	0.09873585055242208	0.07686019398556102	0.13777386372522005	0.8933455742687096	0.608718456786526	2000.0	20260815.0	sign agreement and FDR Jaccard are descriptive
pairwise_cell_stability	loss_demean											C0/Q2/S2	C1/Q0/S0	C:Q:S	3.0	0.37545558597031115	0.2982398343281011	0.38517711615328537	0.4012953106671141	0.30345417124654434	0.4190811212843018	0.9191308139143946	0.9121105004740069	0.9582527955742602	0.6418214873640985	0.0015788598969586174	2000.0	20260815.0	sign agreement and FDR Jaccard are descriptive
pairwise_cell_stability	loss_demean											C0/Q2/S2	C1/Q1/S0	C:Q:S	3.0	0.38582968401245343	0.3173799683155277	0.39136452498283647	0.40922216553799096	0.32249313985903044	0.4250298160317239	0.9117280831891856	0.8664386987252506	0.9615546990978387	0.6459957669277664	0.0016620959029335994	2000.0	20260815.0	sign agreement and FDR Jaccard are descriptive
pairwise_cell_stability	loss_demean											C0/Q2/S2	C1/Q2/S0	C:S	2.0	0.3893608405341101	0.3259916204510421	0.39327664994342226	0.4089085496491537	0.33025045228785094	0.42380402385431204	0.9162132219184566	0.8559138005383412	0.9740943014295548	0.6448289585556902	0.0019945150835203192	2000.0	20260815.0	sign agreement and FDR Jaccard are descriptive
pairwise_cell_stability	loss_demean											C0/Q2/S2	C1/Q0/S1	C:Q:S	3.0	0.8791826668635595	0.7851649297386042	0.8961378251234347	0.8906443408479829	0.7821320744319451	0.9119942568990436	0.18328942098585344	0.15982705780530185	0.21143443111074364	0.844235604840898	0.3870247749423406	2000.0	20260815.0	sign agreement and FDR Jaccard are descriptive
pairwise_cell_stability	loss_demean											C0/Q2/S2	C1/Q1/S1	C:Q:S	3.0	0.8957646641295617	0.8261376487190228	0.9016017483693789	0.9057894642513847	0.8160229783929941	0.9169291193420825	0.17129701982780046	0.15155229070942	0.20157441348081492	0.8542891513956475	0.3872353482663394	2000.0	20260815.0	sign agreement and FDR Jaccard are descriptive
pairwise_cell_stability	loss_demean											C0/Q2/S2	C1/Q2/S1	C:S	2.0	0.9026785785598704	0.8552510472785365	0.9051703975528457	0.912236873793292	0.8489226415964732	0.919647014329557	0.1650381015741675	0.14757608361249516	0.18355491207474633	0.8589789974493026	0.3444417995715306	2000.0	20260815.0	sign agreement and FDR Jaccard are descriptive
pairwise_cell_stability	loss_demean											C0/Q2/S2	C1/Q0/S2	C:Q	2.0	0.9658227765486477	0.887513129598835	0.9818769470188466	0.9612902492973794	0.8678286941261386	0.983433376693817	0.0896027273847177	0.05337490090463567	0.130626766007463	0.9011288192622877	0.5368870140453478	2000.0	20260815.0	sign agreement and FDR Jaccard are descriptive
pairwise_cell_stability	loss_demean											C0/Q2/S2	C1/Q1/S2	C:Q	2.0	0.9800716430376303	0.9317556451746812	0.9853904065165086	0.9758639414224638	0.8958896845890106	0.9865153552772854	0.07062289328653909	0.04787814887863815	0.1184181060835321	0.9190515385589464	0.5970211436308718	2000.0	20260815.0	sign agreement and FDR Jaccard are descriptive
pairwise_cell_stability	loss_demean											C0/Q2/S2	C1/Q2/S2	C	1.0	0.9852085452093456	0.9659008403149977	0.987252662331447	0.9842954394688225	0.9479424601467484	0.9888118595086918	0.056474034624815664	0.044075743863371944	0.08555133276283003	0.9373631939796306	0.6776829923044801	2000.0	20260815.0	sign agreement and FDR Jaccard are descriptive
pairwise_cell_stability	loss_demean											C0/Q2/S2	C2/Q0/S0	C:Q:S	3.0	0.3513125563232768	0.2764016171238683	0.3600904264492671	0.37139690494076416	0.2829254453235658	0.3762029185414138	0.8677003299834961	0.8527406227811908	0.9189993664685487	0.6287333345393368	0.0009973404255319148	2000.0	20260815.0	sign agreement and FDR Jaccard are descriptive
pairwise_cell_stability	loss_demean											C0/Q2/S2	C2/Q1/S0	C:Q:S	3.0	0.36268731717258446	0.2945257177138439	0.36547312380016894	0.3771376038937807	0.29574647246848257	0.37833354770749267	0.8605129316369537	0.8198859704316434	0.9213262283104561	0.6310126811266484	0.0012466755319148937	2000.0	20260815.0	sign agreement and FDR Jaccard are descriptive
pairwise_cell_stability	loss_demean											C0/Q2/S2	C2/Q2/S0	C:S	2.0	0.36556578136721707	0.3012297252860207	0.3687447589375851	0.3781646103677903	0.30042232445179123	0.37990118068421563	0.8653945520133078	0.8065228544365757	0.9307941187117819	0.631053383744279	0.0014128989361702129	2000.0	20260815.0	sign agreement and FDR Jaccard are descriptive
pairwise_cell_stability	loss_demean											C0/Q2/S2	C2/Q0/S1	C:Q:S	3.0	0.8473948081109083	0.7347299894759188	0.8638878446091502	0.862588795313775	0.73109576917529	0.874246084076962	0.1799204662834886	0.16372588915183703	0.2146212310082853	0.8215552017945332	0.28094785227452845	2000.0	20260815.0	sign agreement and FDR Jaccard are descriptive
pairwise_cell_stability	loss_demean											C0/Q2/S2	C2/Q1/S1	C:Q:S	3.0	0.8650951300540864	0.7774450747105305	0.8715423263936509	0.8764732317947223	0.7695420592383454	0.8786845012660462	0.1696450117147693	0.1568546314859855	0.2002578391232185	0.8288319253242642	0.26786578480400064	2000.0	20260815.0	sign agreement and FDR Jaccard are descriptive
pairwise_cell_stability	loss_demean											C0/Q2/S2	C2/Q2/S1	C:S	2.0	0.8707006589933085	0.8035019663371292	0.8753798384654293	0.8802267112625675	0.7839501320888334	0.8822138194470932	0.16735787702061164	0.15387390022173456	0.19380745623414067	0.8294741221802131	0.23931971681992026	2000.0	20260815.0	sign agreement and FDR Jaccard are descriptive
pairwise_cell_stability	loss_demean											C0/Q2/S2	C2/Q0/S2	C:Q	2.0	0.9369722163501173	0.8380497633112975	0.9547269641559794	0.9399279920705443	0.8154163847434407	0.9594836790606419	0.10775694607378798	0.08299318381778184	0.15167435586636982	0.878095660196458	0.5842405391394505	2000.0	20260815.0	sign agreement and FDR Jaccard are descriptive
pairwise_cell_stability	loss_demean											C0/Q2/S2	C2/Q1/S2	C:Q	2.0	0.952073073541298	0.8848132588833291	0.9604976432080635	0.9564909769699204	0.8659107695956715	0.9633504149459186	0.09294237142407405	0.07649724272268621	0.13403011857109526	0.8983067711065685	0.6512758969176352	2000.0	20260815.0	sign agreement and FDR Jaccard are descriptive
pairwise_cell_stability	loss_demean											C0/Q2/S2	C2/Q2/S2	C	1.0	0.9576396367244765	0.9122229601879681	0.963974704676718	0.9616665153504959	0.8858667392153912	0.9659095296313894	0.08789467543435231	0.07234713261963555	0.12559209731984633	0.9045975867870258	0.6716793685356559	2000.0	20260815.0	sign agreement and FDR Jaccard are descriptive
pairwise_cell_stability	loss_demean											C1/Q0/S0	C1/Q1/S0	Q	1.0	0.9803661449361654	0.9011891687681713	0.9997931418207185	0.9808060192094905	0.9037333227625677	0.999793751289773	0.19533521870031728	0.02052974564918235	0.42705169457997605	0.9415374735432985	0.75	2000.0	20260815.0	sign agreement and FDR Jaccard are descriptive
pairwise_cell_stability	loss_demean											C1/Q0/S0	C1/Q2/S0	Q	1.0	0.9609239405055312	0.8615172133931522	0.9965146345643792	0.9615327212032202	0.861608217933998	0.9965348696816532	0.27708345794840766	0.08499140795499724	0.5080767283883211	0.9158043741746413	0.6428571428571429	2000.0	20260815.0	sign agreement and FDR Jaccard are descriptive
pairwise_cell_stability	loss_demean											C1/Q0/S0	C1/Q0/S1	S	1.0	0.5875848634419693	0.5569773125220326	0.5923531183999832	0.5968889674824891	0.5587422055486414	0.6040311773260609	0.8265094376085055	0.8204195870595679	0.8693193547350331	0.7183062284050001	0.0030248033877797943	2000.0	20260815.0	sign agreement and FDR Jaccard are descriptive
pairwise_cell_stability	loss_demean											C1/Q0/S0	C1/Q1/S1	Q:S	2.0	0.5771456164773695	0.5168045032103682	0.5886417486796194	0.5884604178577997	0.5226311385365611	0.6000039768018979	0.8310400332664358	0.8253547505515018	0.876872444927515	0.714918866115523	0.0033041467041136628	2000.0	20260815.0	sign agreement and FDR Jaccard are descriptive
pairwise_cell_stability	loss_demean											C1/Q0/S0	C1/Q2/S1	Q:S	2.0	0.5678445287243897	0.4983245602104995	0.5841076387881983	0.581443559080513	0.5058534112113608	0.5959808417577936	0.8349012315887324	0.829477130575705	0.8806469842869143	0.7125897718844407	0.004070832485243233	2000.0	20260815.0	sign agreement and FDR Jaccard are descriptive
pairwise_cell_stability	loss_demean											C1/Q0/S0	C1/Q0/S2	S	1.0	0.4023931005182866	0.34342497896026464	0.4027001504080616	0.42650963667314534	0.3519167898940577	0.43659513084327845	0.9093307237882834	0.9026827437091969	0.9509956686896666	0.650721793085982	0.000998502246630055	2000.0	20260815.0	sign agreement and FDR Jaccard are descriptive
pairwise_cell_stability	loss_demean											C1/Q0/S0	C1/Q1/S2	Q:S	2.0	0.39520659104941325	0.32733524403057324	0.3999502141268029	0.4205674880641485	0.3370299171690011	0.43378682160444354	0.9116200656948366	0.9056465866525606	0.9528710915973075	0.6490348957108486	0.0010195320884309937	2000.0	20260815.0	sign agreement and FDR Jaccard are descriptive
pairwise_cell_stability	loss_demean											C1/Q0/S0	C1/Q2/S2	Q:S	2.0	0.3900068731207405	0.3146195140924944	0.3978596181935184	0.4162221004788866	0.32674189035227663	0.4302381067275831	0.9135196918269121	0.908754900467118	0.9538508557942983	0.6477278894336005	0.0012428535918468805	2000.0	20260815.0	sign agreement and FDR Jaccard are descriptive
pairwise_cell_stability	loss_demean											C1/Q0/S0	C2/Q0/S0	C	1.0	0.9311124480844812	0.9028796167297758	0.949020565185647	0.9321545719649911	0.903332139722257	0.9491553634537786	0.36175240147564486	0.31531731654237755	0.4309881537173568	0.9086542810108721	0.5	2000.0	20260815.0	sign agreement and FDR Jaccard are descriptive
pairwise_cell_stability	loss_demean											C1/Q0/S0	C2/Q1/S0	C:Q	2.0	0.9118318118880704	0.8376084651868926	0.9438906836763646	0.9123596930337897	0.8375518256271915	0.944067118456993	0.40937573521177834	0.3312229311567244	0.5423576094441671	0.8890265742867997	0.5	2000.0	20260815.0	sign agreement and FDR Jaccard are descriptive
pairwise_cell_stability	loss_demean											C1/Q0/S0	C2/Q2/S0	C:Q	2.0	0.893342947870185	0.7982084157387325	0.9367086679014966	0.8938234059126472	0.7993393224381048	0.9367798514673815	0.44988773340972243	0.3538397969587969	0.6019711633184527	0.8732203911069303	0.46153846153846156	2000.0	20260815.0	sign agreement and FDR Jaccard are descriptive
pairwise_cell_stability	loss_demean											C1/Q0/S0	C2/Q0/S1	C:S	2.0	0.5570268785709239	0.5172794750298699	0.5661904877838129	0.5712989463587308	0.520125846266263	0.5863262245710827	0.8478938800108574	0.8411182607198181	0.8902444707278121	0.7134535718808227	0.00484027105517909	2000.0	20260815.0	sign agreement and FDR Jaccard are descriptive
pairwise_cell_stability	loss_demean											C1/Q0/S0	C2/Q1/S1	C:Q:S	3.0	0.544046229450644	0.4838054277490179	0.5614065746540416	0.5599451571924017	0.48862716930063976	0.5808827199400666	0.8533842567436657	0.845693239199213	0.8960925371630036	0.7105094158722118	0.005422993492407809	2000.0	20260815.0	sign agreement and FDR Jaccard are descriptive
pairwise_cell_stability	loss_demean											C1/Q0/S0	C2/Q2/S1	C:Q:S	3.0	0.5350260556624586	0.4650154026934818	0.5563927702104636	0.551242553956498	0.47462122206971813	0.5743861780410802	0.8568662684213759	0.8497294681420104	0.8990266453837668	0.7076783226903526	0.006251953735542357	2000.0	20260815.0	sign agreement and FDR Jaccard are descriptive
pairwise_cell_stability	loss_demean											C1/Q0/S0	C2/Q0/S2	C:S	2.0	0.3859944961949369	0.3248834598623637	0.38869213404436376	0.4124824203029838	0.33174095419857147	0.4273004405699708	0.9179887553480622	0.9110206312898605	0.9580517228427635	0.648275113515078	0.0012925741614425127	2000.0	20260815.0	sign agreement and FDR Jaccard are descriptive
pairwise_cell_stability	loss_demean											C1/Q0/S0	C2/Q1/S2	C:Q:S	3.0	0.3762085545398331	0.30641396599737536	0.3838736163508568	0.40301639660188976	0.31636417326979466	0.4225515631474255	0.921456850769702	0.9145786810018435	0.9599896567711066	0.6460907397022377	0.001417233560090703	2000.0	20260815.0	sign agreement and FDR Jaccard are descriptive
pairwise_cell_stability	loss_demean											C1/Q0/S0	C2/Q2/S2	C:Q:S	3.0	0.3717297142282978	0.2986434806043742	0.38215672157985775	0.39797370775150054	0.30903667082407604	0.4179445415712222	0.9231523876022074	0.917175515077809	0.9607028465275365	0.6441053564644802	0.001595405232929164	2000.0	20260815.0	sign agreement and FDR Jaccard are descriptive
pairwise_cell_stability	loss_demean											C1/Q1/S0	C1/Q2/S0	Q	1.0	0.9811379469358469	0.9136150566955568	0.9993613790409286	0.9814210438324257	0.9157949696222352	0.9993797591904017	0.1921436023689647	0.03559744192630374	0.40378484008184345	0.9413068253767254	0.7692307692307693	2000.0	20260815.0	sign agreement and FDR Jaccard are descriptive
pairwise_cell_stability	loss_demean											C1/Q1/S0	C1/Q0/S1	Q:S	2.0	0.5831164040210861	0.5315086213382108	0.5899056241704858	0.5906557411242409	0.5350373651425255	0.6000022752318723	0.8249303599329436	0.7929940861847935	0.8756604414975426	0.7166464661082871	0.0030248033877797943	2000.0	20260815.0	sign agreement and FDR Jaccard are descriptive
pairwise_cell_stability	loss_demean											C1/Q1/S0	C1/Q1/S1	S	1.0	0.5883562983564734	0.5586866519520963	0.593146866608054	0.5967646708437373	0.5602552538689791	0.6043051662755554	0.8225514204857967	0.7830064044789811	0.8740153413337663	0.7196810723782991	0.0033041467041136628	2000.0	20260815.0	sign agreement and FDR Jaccard are descriptive
pairwise_cell_stability	loss_demean											C1/Q1/S0	C1/Q2/S1	Q:S	2.0	0.5797921658490882	0.5264186857920093	0.589778327346784	0.5907978188583922	0.5341277154245885	0.6016022298996844	0.8259584555204562	0.7866397591616102	0.8771787484830132	0.7177680493496627	0.004070832485243233	2000.0	20260815.0	sign agreement and FDR Jaccard are descriptive
pairwise_cell_stability	loss_demean											C1/Q1/S0	C1/Q0/S2	Q:S	2.0	0.4026946636052435	0.33666702336132054	0.40333010369268635	0.4240163395234958	0.34463192380515373	0.4344520018167061	0.9055555621023667	0.865663709039644	0.956467050266702	0.6508439009388737	0.000998502246630055	2000.0	20260815.0	sign agreement and FDR Jaccard are descriptive
pairwise_cell_stability	loss_demean											C1/Q1/S0	C1/Q1/S2	S	1.0	0.40374790899026597	0.3442495589668017	0.40557248749166097	0.42561240438216874	0.35188750175502453	0.4370111156660573	0.9051621969943007	0.8618788186616164	0.9561464563190251	0.6520604569547206	0.0010732492621411322	2000.0	20260815.0	sign agreement and FDR Jaccard are descriptive
pairwise_cell_stability	loss_demean											C1/Q1/S0	C1/Q2/S2	Q:S	2.0	0.3989414206948405	0.33305998670374515	0.40256523804115646	0.4220784186382097	0.3420233052210512	0.43502519363005915	0.9067945946314155	0.8639407239572732	0.9572198420289084	0.651223792036759	0.0012428535918468805	2000.0	20260815.0	sign agreement and FDR Jaccard are descriptive
pairwise_cell_stability	loss_demean											C1/Q1/S0	C2/Q0/S0	C:Q	2.0	0.9112599962041953	0.8312519510474911	0.9439119113374362	0.9127986514226138	0.8328631281247261	0.9441776600507982	0.40689730732516405	0.3323281637695566	0.5445280540392387	0.8918621899817291	0.5714285714285714	2000.0	20260815.0	sign agreement and FDR Jaccard are descriptive
pairwise_cell_stability	loss_demean											C1/Q1/S0	C2/Q1/S0	C	1.0	0.9306349121291186	0.9014845469857022	0.9489590669988448	0.931055990547674	0.901520888941293	0.9491197051361996	0.3627672189691433	0.31240331744199307	0.4350314499595283	0.908577398288681	0.6363636363636364	2000.0	20260815.0	sign agreement and FDR Jaccard are descriptive
pairwise_cell_stability	loss_demean											C1/Q1/S0	C2/Q2/S0	C:Q	2.0	0.9124901334576494	0.8487319064300445	0.9424206783473507	0.9128966545871157	0.8483990547446509	0.9423637582360842	0.4066732707678765	0.33173215970571274	0.5336202649016689	0.8897592214041499	0.6521739130434783	2000.0	20260815.0	sign agreement and FDR Jaccard are descriptive
pairwise_cell_stability	loss_demean											C1/Q1/S0	C2/Q0/S1	C:Q:S	3.0	0.5530090838261912	0.49453963934730394	0.5641349541308941	0.5657279164860529	0.4965711613502969	0.5821437533445093	0.8455944712769574	0.8100231136327407	0.8952902584157334	0.712101340472874	0.00484027105517909	2000.0	20260815.0	sign agreement and FDR Jaccard are descriptive
pairwise_cell_stability	loss_demean											C1/Q1/S0	C2/Q1/S1	C:S	2.0	0.5561587759948655	0.5162762327962893	0.5664011044432077	0.5699646637698814	0.520227144840187	0.5860342045033045	0.8446093218270617	0.8031376629286382	0.8943255706240418	0.7157510085204146	0.005422993492407809	2000.0	20260815.0	sign agreement and FDR Jaccard are descriptive
pairwise_cell_stability	loss_demean											C1/Q1/S0	C2/Q2/S1	C:Q:S	3.0	0.5475768807676741	0.4918955340488043	0.5627034589434747	0.5618776666021342	0.4993855564500086	0.5797238101783235	0.84785152764174	0.8071163609912153	0.8980491169730912	0.7129922755476763	0.006251953735542357	2000.0	20260815.0	sign agreement and FDR Jaccard are descriptive
pairwise_cell_stability	loss_demean											C1/Q1/S0	C2/Q0/S2	C:Q:S	3.0	0.38633062696530385	0.3174380521893394	0.3889443729834741	0.41025451460968426	0.32280039508004094	0.42457721910620144	0.9139800162855534	0.8725077640087175	0.9632431147608188	0.6485238517339315	0.0012925741614425127	2000.0	20260815.0	sign agreement and FDR Jaccard are descriptive
pairwise_cell_stability	loss_demean											C1/Q1/S0	C2/Q1/S2	C:S	2.0	0.38555999366899624	0.32340775572219377	0.3894053742590064	0.4096371652177513	0.33039954875475624	0.42599802258051256	0.9146579324244407	0.8676958770022356	0.9629179527120938	0.6498851281680204	0.001417233560090703	2000.0	20260815.0	sign agreement and FDR Jaccard are descriptive
pairwise_cell_stability	loss_demean											C1/Q1/S0	C2/Q2/S2	C:Q:S	3.0	0.3813494075174199	0.3139638099320465	0.38722947055980006	0.40513742455618706	0.3226658331519543	0.422777077267663	0.9161937064011739	0.8709600011271577	0.9645335992872529	0.6479178349825431	0.001595405232929164	2000.0	20260815.0	sign agreement and FDR Jaccard are descriptive
pairwise_cell_stability	loss_demean											C1/Q2/S0	C1/Q0/S1	Q:S	2.0	0.5740277822770001	0.5112283920125947	0.5852189848220637	0.5780118608828306	0.5092669704805777	0.5927074342614762	0.8351812240782411	0.7932880194052753	0.891996089209237	0.7101521373396769	0.003629764065335753	2000.0	20260815.0	sign agreement and FDR Jaccard are descriptive
pairwise_cell_stability	loss_demean											C1/Q2/S0	C1/Q1/S1	Q:S	2.0	0.5803356269748736	0.5307350437593783	0.5887953966187361	0.5853012847644412	0.5285487619912272	0.5969032558377951	0.8322356383464333	0.7833656621010027	0.8893013204181485	0.7135575896814342	0.003964976044936395	2000.0	20260815.0	sign agreement and FDR Jaccard are descriptive
pairwise_cell_stability	loss_demean											C1/Q2/S0	C1/Q2/S1	S	1.0	0.5876007943148556	0.5581566693993611	0.5928263021797919	0.5945056652966516	0.5599357487672145	0.603716405556361	0.8284803572291755	0.7764382454791594	0.8859095982412458	0.7180394001338664	0.004884998982291879	2000.0	20260815.0	sign agreement and FDR Jaccard are descriptive
pairwise_cell_stability	loss_demean											C1/Q2/S0	C1/Q0/S2	Q:S	2.0	0.39825621748075307	0.32620622876799993	0.40078761831141085	0.4145698878566282	0.3284095640083815	0.42632504884548617	0.9132821971150238	0.8592842270779505	0.9705992838635463	0.6456611009605818	0.001198202695956066	2000.0	20260815.0	sign agreement and FDR Jaccard are descriptive
pairwise_cell_stability	loss_demean											C1/Q2/S0	C1/Q1/S2	Q:S	2.0	0.4001021699096563	0.3347149519254022	0.4032707407217874	0.4171099833995856	0.33740606119711897	0.42868600419779085	0.912542245791097	0.8552774780352822	0.9700614705674003	0.6474836737278171	0.0012878991145693587	2000.0	20260815.0	sign agreement and FDR Jaccard are descriptive
pairwise_cell_stability	loss_demean											C1/Q2/S0	C1/Q2/S2	S	1.0	0.4029275580437457	0.3433210122600858	0.4050123699252675	0.4211161445624429	0.34946528920221553	0.43328463731800043	0.9115029164465612	0.8519491120539636	0.9690572800918816	0.6496590025145172	0.0014914243102162564	2000.0	20260815.0	sign agreement and FDR Jaccard are descriptive
pairwise_cell_stability	loss_demean											C1/Q2/S0	C2/Q0/S0	C:Q	2.0	0.8922443570989712	0.7927199632674377	0.9372398906589526	0.8941336695339296	0.7944216406994322	0.9373606303645797	0.44912765594967047	0.35565193611392265	0.5961111627009922	0.8766303659617576	0.48	2000.0	20260815.0	sign agreement and FDR Jaccard are descriptive
pairwise_cell_stability	loss_demean											C1/Q2/S0	C2/Q1/S0	C:Q	2.0	0.9119911613451323	0.8449515683098201	0.9425358440330351	0.9130301536384399	0.8459880110842953	0.9425982173786334	0.40773523109410253	0.33361997667628107	0.5326755613011012	0.8912923533349011	0.6	2000.0	20260815.0	sign agreement and FDR Jaccard are descriptive
pairwise_cell_stability	loss_demean											C1/Q2/S0	C2/Q2/S0	C	1.0	0.9301059709264207	0.9002757158290979	0.9489329009726496	0.9306368360454139	0.9002245293382011	0.9490079946938912	0.365532824932408	0.3126842441489216	0.44429428897768825	0.9096130537817254	0.68	2000.0	20260815.0	sign agreement and FDR Jaccard are descriptive
pairwise_cell_stability	loss_demean											C1/Q2/S0	C2/Q0/S1	C:Q:S	3.0	0.5448146909852046	0.4785855150035931	0.5593989216802249	0.5543930279008179	0.47721347254250907	0.5731901528283719	0.8546406314192081	0.8087516644248973	0.9124593038870277	0.7066110096058178	0.005808325266214908	2000.0	20260815.0	sign agreement and FDR Jaccard are descriptive
pairwise_cell_stability	loss_demean											C1/Q2/S0	C2/Q1/S1	C:Q:S	3.0	0.5487548509771845	0.49378876235861047	0.5624063473867479	0.5599816205754785	0.4978926449471517	0.5773784269667804	0.8530689951222671	0.7995307373667957	0.9105802353380105	0.7108486043524666	0.006507592190889371	2000.0	20260815.0	sign agreement and FDR Jaccard are descriptive
pairwise_cell_stability	loss_demean											C1/Q2/S0	C2/Q2/S1	C:S	2.0	0.5557704601188707	0.5145201156904218	0.5661760010184612	0.5670264325923633	0.5183986089966574	0.5839376287886742	0.8500538050109454	0.7961744728051221	0.9073819479455815	0.714620380252899	0.007502344482650828	2000.0	20260815.0	sign agreement and FDR Jaccard are descriptive
pairwise_cell_stability	loss_demean											C1/Q2/S0	C2/Q0/S2	C:Q:S	3.0	0.3826977830597461	0.3083988974014821	0.386357210955941	0.4019256617806522	0.31103686003583053	0.41728875842365987	0.9210381621446316	0.8648468537216636	0.9784090081805521	0.6445440402322763	0.0015510889937310154	2000.0	20260815.0	sign agreement and FDR Jaccard are descriptive
pairwise_cell_stability	loss_demean											C1/Q2/S0	C2/Q1/S2	C:Q:S	3.0	0.38245714858792385	0.31457013574806225	0.3872714886978016	0.40262539282269055	0.3198571708649074	0.4201955641519293	0.9212732125285669	0.8629126557047221	0.9782080119157832	0.64625807268583	0.0017006802721088435	2000.0	20260815.0	sign agreement and FDR Jaccard are descriptive
pairwise_cell_stability	loss_demean											C1/Q2/S0	C2/Q2/S2	C:S	2.0	0.38572101898362793	0.3228457007656625	0.38928476751402447	0.4055326733742271	0.32886119823853355	0.42277572079549763	0.9204889821116828	0.8591857947321236	0.976915394018935	0.6475017637800973	0.0019144862795149968	2000.0	20260815.0	sign agreement and FDR Jaccard are descriptive
pairwise_cell_stability	loss_demean											C1/Q0/S1	C1/Q1/S1	Q	1.0	0.989061238808673	0.9354285680241323	0.9998636991524166	0.9904013642864631	0.9387354812595501	0.999877366897959	0.05462917963967086	0.0055499219425882325	0.11634659249408554	0.9550869227012067	0.7680815414688634	2000.0	20260815.0	sign agreement and FDR Jaccard are descriptive
pairwise_cell_stability	loss_demean											C1/Q0/S1	C1/Q2/S1	Q	1.0	0.9774473794338585	0.9003274456925929	0.9977260221884818	0.9789516123760539	0.9065137084654582	0.9977830531143058	0.08071282224402454	0.024456124138954666	0.14586253772650096	0.9327140505436061	0.6558413565167409	2000.0	20260815.0	sign agreement and FDR Jaccard are descriptive
pairwise_cell_stability	loss_demean											C1/Q0/S1	C1/Q0/S2	S	1.0	0.9235319443625416	0.8946617316387201	0.9229942118046011	0.9343052093692379	0.900413790126105	0.9372124316256933	0.1475737136964742	0.14102537388666997	0.15108264509260683	0.8805332947412218	0.31005655274157856	2000.0	20260815.0	sign agreement and FDR Jaccard are descriptive
pairwise_cell_stability	loss_demean											C1/Q0/S1	C1/Q1/S2	Q:S	2.0	0.9123301504528207	0.844828803738093	0.9195283902232361	0.9252978417384234	0.8591791884484916	0.9335799165611322	0.1556420804109415	0.14422833059219548	0.17474773504262472	0.8719088623166121	0.3249881908360888	2000.0	20260815.0	sign agreement and FDR Jaccard are descriptive
pairwise_cell_stability	loss_demean											C1/Q0/S1	C1/Q2/S2	Q:S	2.0	0.9031365346949227	0.8197241756537523	0.9160051280464032	0.9168420918603642	0.8313069357197346	0.9298073075157178	0.16330596231024302	0.14706196708835076	0.1911194718059967	0.8662602434921037	0.3568824338055107	2000.0	20260815.0	sign agreement and FDR Jaccard are descriptive
pairwise_cell_stability	loss_demean											C1/Q0/S1	C2/Q0/S0	C:S	2.0	0.5396275423228979	0.5043646842606276	0.5500089383297686	0.5445176972845998	0.49644668111446494	0.5548925899919342	0.7915116044171026	0.7806509116019407	0.8401096732897371	0.6968423813744822	0.001815156557253063	2000.0	20260815.0	sign agreement and FDR Jaccard are descriptive
pairwise_cell_stability	loss_demean											C1/Q0/S1	C2/Q1/S0	C:Q:S	3.0	0.5358679151106713	0.4836339373600173	0.5487309279446069	0.5350748088631905	0.47554778319989605	0.5505605356495936	0.7908529827277216	0.7608182079831778	0.84517347752423	0.692799254689846	0.002268945696566329	2000.0	20260815.0	sign agreement and FDR Jaccard are descriptive
pairwise_cell_stability	loss_demean											C1/Q0/S1	C2/Q2/S0	C:Q:S	3.0	0.5277805776576205	0.46695570907468203	0.5439534776233016	0.5255839916889719	0.45742404874629444	0.5446676447800276	0.8002840966973126	0.7606854039717766	0.8583221875467871	0.6888782358581016	0.0025714717894418392	2000.0	20260815.0	sign agreement and FDR Jaccard are descriptive
pairwise_cell_stability	loss_demean											C1/Q0/S1	C2/Q0/S1	C	1.0	0.9463970465863265	0.9117955619736913	0.9621588306599633	0.9519226564268621	0.9089411743867145	0.9642926558660802	0.12281114935096306	0.09336714288902179	0.1529648404110462	0.9074467700211654	0.5608834641092706	2000.0	20260815.0	sign agreement and FDR Jaccard are descriptive
pairwise_cell_stability	loss_demean											C1/Q0/S1	C2/Q1/S1	C:Q	2.0	0.9324414470345863	0.8649206437740252	0.9576818021990662	0.9348657296938399	0.8625719515943578	0.9596470113484652	0.14130573203659866	0.09885297684260187	0.1782390780937317	0.8883662873785705	0.4726154726154726	2000.0	20260815.0	sign agreement and FDR Jaccard are descriptive
pairwise_cell_stability	loss_demean											C1/Q0/S1	C2/Q2/S1	C:Q	2.0	0.9215865884381859	0.8355503176382235	0.9520768343651189	0.9226348500680179	0.8325149837805624	0.9538022994403156	0.15283791041634662	0.10585421751726387	0.19518080540425853	0.8745002623057581	0.41523589669600347	2000.0	20260815.0	sign agreement and FDR Jaccard are descriptive
pairwise_cell_stability	loss_demean											C1/Q0/S1	C2/Q0/S2	C:S	2.0	0.8862935410990148	0.8332159304761497	0.8950817019248575	0.9032185408047296	0.8424103103070514	0.9142987726203101	0.1813326166786302	0.16202718322742984	0.2008024527715326	0.8580337922176595	0.3644957983193277	2000.0	20260815.0	sign agreement and FDR Jaccard are descriptive
pairwise_cell_stability	loss_demean											C1/Q0/S1	C2/Q1/S2	C:Q:S	3.0	0.8707491257342569	0.7892743496707563	0.8890177304609863	0.8865387175334815	0.8026039251289112	0.9071354276577819	0.19283910131450457	0.16545289255011933	0.21275517695538737	0.847473724199063	0.371409662475182	2000.0	20260815.0	sign agreement and FDR Jaccard are descriptive
pairwise_cell_stability	loss_demean											C1/Q0/S1	C2/Q2/S2	C:Q:S	3.0	0.8633083706963858	0.7674704642069187	0.8846783431220795	0.8772017831516818	0.7761954949090121	0.9014205077232009	0.19857831189688732	0.16831077255070676	0.22461321713439894	0.8389668771142749	0.38719026228082887	2000.0	20260815.0	sign agreement and FDR Jaccard are descriptive
pairwise_cell_stability	loss_demean											C1/Q1/S1	C1/Q2/S1	Q	1.0	0.9897131949418928	0.9377308886014821	0.9995783775359208	0.9903629590277191	0.9380745271455769	0.9996170409935894	0.05442584297922715	0.009971623588364896	0.12141424423452714	0.9543180954792959	0.7320695102685624	2000.0	20260815.0	sign agreement and FDR Jaccard are descriptive
pairwise_cell_stability	loss_demean											C1/Q1/S1	C1/Q0/S2	Q:S	2.0	0.9178885528427814	0.8530129962223907	0.9210496524187395	0.927888191925428	0.8645691535726042	0.9340945007774949	0.15171759183237155	0.14451948248573654	0.16145736163420293	0.873564102100255	0.2841457410142787	2000.0	20260815.0	sign agreement and FDR Jaccard are descriptive
pairwise_cell_stability	loss_demean											C1/Q1/S1	C1/Q1/S2	S	1.0	0.9239926832683922	0.8943807517720027	0.923458592403799	0.9337883042020236	0.8995488349667059	0.9368674667841971	0.14713640735747816	0.13589066699377902	0.15200693653370437	0.8799815481466742	0.3058611933982226	2000.0	20260815.0	sign agreement and FDR Jaccard are descriptive
pairwise_cell_stability	loss_demean											C1/Q1/S1	C1/Q2/S2	Q:S	2.0	0.9156363937198551	0.8526687354108412	0.920356671646554	0.926962951633431	0.859215609715762	0.9329882828737287	0.1538857487777684	0.13903545414193025	0.1795624341802804	0.8749027659689936	0.3378647815841943	2000.0	20260815.0	sign agreement and FDR Jaccard are descriptive
pairwise_cell_stability	loss_demean											C1/Q1/S1	C2/Q0/S0	C:Q:S	3.0	0.530936224759211	0.4694141810068075	0.5466666550542548	0.5378283179336775	0.47557608344503927	0.5516684081961828	0.7949244451736281	0.7836088675649583	0.8463123882055781	0.6946218274570813	0.0019828155981493722	2000.0	20260815.0	sign agreement and FDR Jaccard are descriptive
pairwise_cell_stability	loss_demean											C1/Q1/S1	C2/Q1/S0	C:S	2.0	0.5425350381635714	0.5064414211043274	0.5523667537630065	0.5428906598989922	0.49448847714080385	0.5542739512861081	0.7875283057227196	0.7510444792821824	0.8433380720235828	0.6965574630510682	0.002478519497686715	2000.0	20260815.0	sign agreement and FDR Jaccard are descriptive
pairwise_cell_stability	loss_demean											C1/Q1/S1	C2/Q2/S0	C:Q:S	3.0	0.5350933397308396	0.48462103752594715	0.5472382984081435	0.53405590328063	0.47482864851312223	0.5483261951064856	0.7966589526508375	0.7510198230940214	0.8569723591919027	0.69236509343512	0.0028089887640449437	2000.0	20260815.0	sign agreement and FDR Jaccard are descriptive
pairwise_cell_stability	loss_demean											C1/Q1/S1	C2/Q0/S1	C:Q	2.0	0.9376220397191891	0.8680952482082834	0.9582654216189664	0.944592219813852	0.8703270096692368	0.9608328828148994	0.12993044061308356	0.09890402552841017	0.16695789762319316	0.8979630601132437	0.5738794435857806	2000.0	20260815.0	sign agreement and FDR Jaccard are descriptive
pairwise_cell_stability	loss_demean											C1/Q1/S1	C2/Q1/S1	C	1.0	0.9464847887671631	0.9105553430957001	0.9626122772412795	0.9486260242327953	0.9024486228753297	0.9640870361385746	0.125995291771071	0.09241476881991396	0.15793453143887246	0.9041996056368603	0.5308079220370953	2000.0	20260815.0	sign agreement and FDR Jaccard are descriptive
pairwise_cell_stability	loss_demean											C1/Q1/S1	C2/Q2/S1	C:Q	2.0	0.9364662344635856	0.8743175059815489	0.9578769555982639	0.9374930695660939	0.8656820328160685	0.9592699149690913	0.1376263242505043	0.09805748546201842	0.18084929440372385	0.8889406465384685	0.4622194119506797	2000.0	20260815.0	sign agreement and FDR Jaccard are descriptive
pairwise_cell_stability	loss_demean											C1/Q1/S1	C2/Q0/S2	C:Q:S	3.0	0.8817469482934722	0.8003801611612247	0.8924446773930098	0.8980614311755655	0.8095526172086477	0.9093188055583009	0.1830149566521309	0.1656667897577677	0.2019201594922086	0.8529369199876987	0.3366453455877787	2000.0	20260815.0	sign agreement and FDR Jaccard are descriptive
pairwise_cell_stability	loss_demean											C1/Q1/S1	C2/Q1/S2	C:S	2.0	0.8850927558415763	0.8291976166349226	0.8960850361269658	0.898907077219614	0.8352342941853	0.9118889208756152	0.1837716084998644	0.15934658707022206	0.20410201247233012	0.8568217587148826	0.36015920129519696	2000.0	20260815.0	sign agreement and FDR Jaccard are descriptive
pairwise_cell_stability	loss_demean											C1/Q1/S1	C2/Q2/S2	C:Q:S	3.0	0.878274975626322	0.8040924287048838	0.892736253273848	0.8907099280728158	0.8073801598060572	0.9073774647596945	0.18908900340031146	0.16203736085797568	0.21627476976577797	0.8486495775972792	0.3779375787678849	2000.0	20260815.0	sign agreement and FDR Jaccard are descriptive
pairwise_cell_stability	loss_demean											C1/Q2/S1	C1/Q0/S2	Q:S	2.0	0.9103795489387483	0.830716780209853	0.9177218010056115	0.9173630006195967	0.8325751079412295	0.9277754087311805	0.15890118296969574	0.14964833914319364	0.17649873182309886	0.8603357513703215	0.23506982271961968	2000.0	20260815.0	sign agreement and FDR Jaccard are descriptive
pairwise_cell_stability	loss_demean											C1/Q2/S1	C1/Q1/S2	Q:S	2.0	0.9176017832611608	0.8592181104833804	0.920304127595856	0.9248921303392817	0.856742181769049	0.9306814670749479	0.15315965111701446	0.14114434680817925	0.17030341860686288	0.8681732665207402	0.2523135836613126	2000.0	20260815.0	sign agreement and FDR Jaccard are descriptive
pairwise_cell_stability	loss_demean											C1/Q2/S1	C1/Q2/S2	S	1.0	0.9240054181288827	0.8935057825407097	0.9235671438608145	0.9322892242499191	0.8981903476561433	0.9355953579434975	0.1479395609792908	0.13436742079706498	0.1538622811346703	0.8780730476311076	0.28836952521163045	2000.0	20260815.0	sign agreement and FDR Jaccard are descriptive
pairwise_cell_stability	loss_demean											C1/Q2/S1	C2/Q0/S0	C:Q:S	3.0	0.5228258225255217	0.4539189937877877	0.5424975311046075	0.5322725345386806	0.4606187027498668	0.5473859545566364	0.7978073775813987	0.7866566594664577	0.8499734461451562	0.6935409468333363	0.0024429967426710096	2000.0	20260815.0	sign agreement and FDR Jaccard are descriptive
pairwise_cell_stability	loss_demean											C1/Q2/S1	C2/Q1/S0	C:Q:S	3.0	0.5348162830491799	0.4803303900879701	0.5483925874780208	0.5384381667548148	0.4788213013841385	0.5504315565602929	0.7899221415714532	0.7538167277837771	0.8479760244246075	0.6957117531069664	0.0030537459283387623	2000.0	20260815.0	sign agreement and FDR Jaccard are descriptive
pairwise_cell_stability	loss_demean											C1/Q2/S1	C2/Q2/S0	C:S	2.0	0.542511784713103	0.5054645021342897	0.5525377335216833	0.5439318889256161	0.4959140464083256	0.5554171334589909	0.7924560105378858	0.7385267017836934	0.853461486498583	0.6973805604298197	0.0034609120521172636	2000.0	20260815.0	sign agreement and FDR Jaccard are descriptive
pairwise_cell_stability	loss_demean											C1/Q2/S1	C2/Q0/S1	C:Q	2.0	0.928337331985588	0.8387494291541792	0.9532382559016266	0.9361459811673524	0.8461885705145763	0.9561960230134046	0.13766050899056353	0.10601570158020027	0.17990476231570307	0.8900260496752835	0.6002477437621659	2000.0	20260815.0	sign agreement and FDR Jaccard are descriptive
pairwise_cell_stability	loss_demean											C1/Q2/S1	C2/Q1/S1	C:Q	2.0	0.9378142997534027	0.8716542753277488	0.9583407843061492	0.9424355303354591	0.8720939132266037	0.9604124995377205	0.13151124449732876	0.09818984774372272	0.17068703226186513	0.8993921742433836	0.5786671562327886	2000.0	20260815.0	sign agreement and FDR Jaccard are descriptive
pairwise_cell_stability	loss_demean											C1/Q2/S1	C2/Q2/S1	C	1.0	0.9477583345480588	0.9115564802455909	0.9634960390102235	0.9499995240400739	0.9020073386128756	0.964493087615953	0.12328862643577276	0.09157288790190557	0.157228133092124	0.9066101051032037	0.5548312883435583	2000.0	20260815.0	sign agreement and FDR Jaccard are descriptive
pairwise_cell_stability	loss_demean											C1/Q2/S1	C2/Q0/S2	C:Q:S	3.0	0.87622362460824	0.7820557867288966	0.8890931980928712	0.8899669589706612	0.7834658487231924	0.9045432264497996	0.18631716392975733	0.17012716512074966	0.20838104757205805	0.8447918739485157	0.28346555849389243	2000.0	20260815.0	sign agreement and FDR Jaccard are descriptive
pairwise_cell_stability	loss_demean											C1/Q2/S1	C2/Q1/S2	C:Q:S	3.0	0.8799183912375905	0.8041439766349278	0.8923792610059117	0.8932722979504408	0.8104199458494459	0.9083454535050458	0.18546640696520464	0.16287768681862616	0.20963136217253048	0.8511460048119539	0.30240996850609336	2000.0	20260815.0	sign agreement and FDR Jaccard are descriptive
pairwise_cell_stability	loss_demean											C1/Q2/S1	C2/Q2/S2	C:S	2.0	0.8873984799669619	0.8301696219698455	0.8981365820332877	0.898769955109906	0.8333434955517173	0.9108469071414126	0.18243621230314916	0.1564826470479818	0.20520148568826455	0.8554288246893034	0.33693486590038313	2000.0	20260815.0	sign agreement and FDR Jaccard are descriptive
pairwise_cell_stability	loss_demean											C1/Q0/S2	C1/Q1/S2	Q	1.0	0.9914683195034164	0.942132226452826	0.9998863559635361	0.9928130526018862	0.950043735498837	0.999901752501299	0.03890219349600619	0.003910273199825007	0.08115501649971645	0.9596094357712693	0.8274330008980479	2000.0	20260815.0	sign agreement and FDR Jaccard are descriptive
pairwise_cell_stability	loss_demean											C1/Q0/S2	C1/Q2/S2	Q	1.0	0.9837999614677048	0.9180993435684911	0.9981607442762573	0.9843977692904058	0.9177167268649322	0.9981842096053358	0.05718753868345288	0.016603014920445705	0.10520034700867475	0.9384485971164457	0.732207941684251	2000.0	20260815.0	sign agreement and FDR Jaccard are descriptive
pairwise_cell_stability	loss_demean											C1/Q0/S2	C2/Q0/S0	C:S	2.0	0.37060853906879565	0.31364203592552875	0.3739218802238975	0.3874647093870087	0.3155252265089894	0.3897192988562499	0.8617657511818023	0.8478159766511043	0.9124269052698949	0.6336266936811448	0.0005991312596734735	2000.0	20260815.0	sign agreement and FDR Jaccard are descriptive
pairwise_cell_stability	loss_demean											C1/Q0/S2	C2/Q1/S0	C:Q:S	3.0	0.3715902282345507	0.30611579268306605	0.375012855633802	0.38091898164913074	0.3040785650441893	0.3852034094569762	0.8588532160895065	0.8198040900905743	0.9171015379246106	0.6310398162050689	0.0007489140745918419	2000.0	20260815.0	sign agreement and FDR Jaccard are descriptive
pairwise_cell_stability	loss_demean											C1/Q0/S2	C2/Q2/S0	C:Q:S	3.0	0.36743142784101845	0.29887913706131036	0.3718810610067057	0.37468369324384015	0.29332141810428886	0.38017350918715914	0.8662509219337627	0.8134968808110781	0.9288467313347176	0.6287107219739865	0.0008487692845374207	2000.0	20260815.0	sign agreement and FDR Jaccard are descriptive
pairwise_cell_stability	loss_demean											C1/Q0/S2	C2/Q0/S1	C:S	2.0	0.8788836093020567	0.8247170141044751	0.8886464284043932	0.8908322420583993	0.82134894258996	0.8977089004466975	0.16160247236272499	0.14974985536656	0.17792638448223227	0.8388131116698927	0.19402985074626866	2000.0	20260815.0	sign agreement and FDR Jaccard are descriptive
pairwise_cell_stability	loss_demean											C1/Q0/S2	C2/Q1/S1	C:Q:S	3.0	0.8718243300355986	0.7897299894416815	0.8867271813923417	0.8759884979801988	0.7850525956174084	0.8911306259252579	0.17062543793996415	0.15382958803804522	0.18792705624572204	0.8266972991551945	0.1713340247937966	2000.0	20260815.0	sign agreement and FDR Jaccard are descriptive
pairwise_cell_stability	loss_demean											C1/Q0/S2	C2/Q2/S1	C:Q:S	3.0	0.8643376489708413	0.773283109645295	0.8806332007342338	0.8654552092670286	0.7557755495250746	0.8845297989625792	0.1777175275116307	0.15825398626593765	0.1995067563519132	0.815490511767579	0.14877095800979276	2000.0	20260815.0	sign agreement and FDR Jaccard are descriptive
pairwise_cell_stability	loss_demean											C1/Q0/S2	C2/Q0/S2	C	1.0	0.9607285433272725	0.9266979489783287	0.9742551171285967	0.9669349504804793	0.9242438254715445	0.9770553817116536	0.08568365088583066	0.06058275025880778	0.11300706141704579	0.9119692830912282	0.6865083135391924	2000.0	20260815.0	sign agreement and FDR Jaccard are descriptive
pairwise_cell_stability	loss_demean											C1/Q0/S2	C2/Q1/S2	C:Q	2.0	0.9491944059264348	0.8806613372484239	0.9711669467251934	0.9516392366017042	0.8799845642794384	0.9725900768430812	0.10193623145448939	0.06454009188539815	0.1319689476010213	0.8914596863184935	0.5935399551904407	2000.0	20260815.0	sign agreement and FDR Jaccard are descriptive
pairwise_cell_stability	loss_demean											C1/Q0/S2	C2/Q2/S2	C:Q	2.0	0.9430071030225515	0.8644592411959332	0.966627739580404	0.9424574887322587	0.8513673200284899	0.9683575914398429	0.11022865218074157	0.06899992907029692	0.14657786260159114	0.8768836266936811	0.5287545185672035	2000.0	20260815.0	sign agreement and FDR Jaccard are descriptive
pairwise_cell_stability	loss_demean											C1/Q1/S2	C1/Q2/S2	Q	1.0	0.9931271798722481	0.9504342145907372	0.9996892511632975	0.9932124853087464	0.9466269076487598	0.999689618560442	0.03763788951825018	0.0068093616431617	0.08951224940667277	0.9605048933591418	0.8027722977883917	2000.0	20260815.0	sign agreement and FDR Jaccard are descriptive
pairwise_cell_stability	loss_demean											C1/Q1/S2	C2/Q0/S0	C:Q:S	3.0	0.3653205364436944	0.2983928935185609	0.37175415904882375	0.38345741559503965	0.30686773238366394	0.3873394186742281	0.8632394486586543	0.8492289475816793	0.9139225358432751	0.632708623527922	0.0006439841150584952	2000.0	20260815.0	sign agreement and FDR Jaccard are descriptive
pairwise_cell_stability	loss_demean											C1/Q1/S2	C2/Q1/S0	C:S	2.0	0.3745646458449992	0.3149568045274856	0.3771166730387583	0.38472193809930744	0.3130457951553938	0.38692457935367314	0.8575781445423717	0.8167129994626932	0.9164659481543873	0.6328352538938837	0.0008049801438231191	2000.0	20260815.0	sign agreement and FDR Jaccard are descriptive
pairwise_cell_stability	loss_demean											C1/Q1/S2	C2/Q2/S0	C:Q:S	3.0	0.37089167839081855	0.3069867099160046	0.37442645864808566	0.3790083608312163	0.3041056917678999	0.3821432876261786	0.8647897530792266	0.80978110321959	0.928150028651953	0.6308227355777059	0.0009123108296662016	2000.0	20260815.0	sign agreement and FDR Jaccard are descriptive
pairwise_cell_stability	loss_demean											C1/Q1/S2	C2/Q0/S1	C:Q:S	3.0	0.8701752654843059	0.7856353154799435	0.8847834283126053	0.8844014199769802	0.7952180514072965	0.8929551374998445	0.16603495269165544	0.1520986137049595	0.18892515589733708	0.8344579315834223	0.2060288196651833	2000.0	20260815.0	sign agreement and FDR Jaccard are descriptive
pairwise_cell_stability	loss_demean											C1/Q1/S2	C2/Q1/S1	C:S	2.0	0.8815526992011808	0.8263746461886604	0.8910683391412703	0.8864551931010205	0.8130196420810764	0.8950327664580109	0.1633360234264877	0.14663846027039054	0.1815292579917517	0.8347880750375368	0.18539564524694635	2000.0	20260815.0	sign agreement and FDR Jaccard are descriptive
pairwise_cell_stability	loss_demean											C1/Q1/S2	C2/Q2/S1	C:Q:S	3.0	0.8748104061139389	0.8004380929199693	0.8851506881269543	0.876942955644358	0.785208952667521	0.8885847085224913	0.17000795563397061	0.15156380684365597	0.19186932862637504	0.8241692143490295	0.1616473342556135	2000.0	20260815.0	sign agreement and FDR Jaccard are descriptive
pairwise_cell_stability	loss_demean											C1/Q1/S2	C2/Q0/S2	C:Q	2.0	0.9535973945396583	0.8845076181449917	0.9711435757428054	0.9612088282270236	0.8865790359567628	0.9737493957499612	0.0910592790489203	0.06424506865175571	0.1231987607538325	0.90273883391523	0.6979986059942248	2000.0	20260815.0	sign agreement and FDR Jaccard are descriptive
pairwise_cell_stability	loss_demean											C1/Q1/S2	C2/Q1/S2	C	1.0	0.960883363241713	0.9250969181528038	0.9750736238550265	0.9630769504510415	0.9149176155495566	0.9765286935152473	0.08997453160422884	0.05977543947763176	0.11868015143694575	0.9062980517013695	0.6557111796531324	2000.0	20260815.0	sign agreement and FDR Jaccard are descriptive
pairwise_cell_stability	loss_demean											C1/Q1/S2	C2/Q2/S2	C:Q	2.0	0.9553277229459833	0.8963022828505594	0.9714808222649279	0.9550669408851316	0.8822305816591003	0.9733076784829261	0.09814517254774423	0.06342773754271405	0.13416670194525318	0.8918124423379583	0.5798570632064474	2000.0	20260815.0	sign agreement and FDR Jaccard are descriptive
pairwise_cell_stability	loss_demean											C1/Q2/S2	C2/Q0/S0	C:Q:S	3.0	0.3609184234990077	0.2896749373703232	0.36946893209751813	0.38047565175633674	0.2997286451027131	0.38443602290678364	0.8644184029245331	0.8503107335348146	0.9144688198891552	0.6320528591327629	0.0007457584985395562	2000.0	20260815.0	sign agreement and FDR Jaccard are descriptive
pairwise_cell_stability	loss_demean											C1/Q2/S2	C2/Q1/S0	C:Q:S	3.0	0.3702622485489983	0.3041474184929295	0.3743371385620327	0.3827722403161515	0.3065229970244555	0.3852607868183609	0.8583977887754265	0.8178277806204433	0.9177434912143684	0.6331744423741384	0.0009321981231744453	2000.0	20260815.0	sign agreement and FDR Jaccard are descriptive
pairwise_cell_stability	loss_demean											C1/Q2/S2	C2/Q2/S0	C:S	2.0	0.37381648886098234	0.313504225440177	0.37756081296386823	0.3839176885392739	0.31269910512798405	0.3870732073785655	0.8632230100593317	0.8040871389524245	0.9273306379787605	0.6332965502270301	0.0010564912062643714	2000.0	20260815.0	sign agreement and FDR Jaccard are descriptive
pairwise_cell_stability	loss_demean											C1/Q2/S2	C2/Q0/S1	C:Q:S	3.0	0.8627205639951584	0.7632792307106712	0.8805137388406218	0.8788039137209238	0.7770850915256	0.8887462659283525	0.16966746928040433	0.15471132134612145	0.19681318460620098	0.832427323214964	0.2312469556746225	2000.0	20260815.0	sign agreement and FDR Jaccard are descriptive
pairwise_cell_stability	loss_demean											C1/Q2/S2	C2/Q1/S1	C:Q:S	3.0	0.8741799120531858	0.7946294034507749	0.8861355451989755	0.8832584424773686	0.796628661409941	0.8915892495162704	0.1653237780819953	0.1494231480349758	0.1890657652300388	0.8350458582825304	0.2097375986298856	2000.0	20260815.0	sign agreement and FDR Jaccard are descriptive
pairwise_cell_stability	loss_demean											C1/Q2/S2	C2/Q2/S1	C:S	2.0	0.8816502921150988	0.8249311912970733	0.8911725002965973	0.8871706853255557	0.8139447390851922	0.8963119342842423	0.16281422103783919	0.14523867503698437	0.18169874868747324	0.8347202373414859	0.18672326811861695	2000.0	20260815.0	sign agreement and FDR Jaccard are descriptive
pairwise_cell_stability	loss_demean											C1/Q2/S2	C2/Q0/S2	C:Q	2.0	0.9475487309891777	0.8637166229401435	0.9673691272928118	0.9550542133340191	0.8630542098101404	0.9704034923806595	0.09571177122635856	0.06929178748539176	0.130736472629411	0.8957063260912824	0.6989449886963075	2000.0	20260815.0	sign agreement and FDR Jaccard are descriptive
pairwise_cell_stability	loss_demean											C1/Q2/S2	C2/Q1/S2	C:Q	2.0	0.9547392063629193	0.8945191528878988	0.971402328810098	0.9597794449970737	0.8926075266950338	0.9735342519857259	0.09165171767842753	0.06401964050933368	0.12319803481161062	0.9051809909730639	0.6864146518510246	2000.0	20260815.0	sign agreement and FDR Jaccard are descriptive
pairwise_cell_stability	loss_demean											C1/Q2/S2	C2/Q2/S2	C	1.0	0.9623563159391951	0.9270400696475392	0.9758917357284655	0.9645266036270262	0.9147959682015542	0.9770054910703216	0.08696789302026936	0.05871761782505101	0.11730239940311143	0.9078447511713309	0.6622728064572324	2000.0	20260815.0	sign agreement and FDR Jaccard are descriptive
pairwise_cell_stability	loss_demean											C2/Q0/S0	C2/Q1/S0	Q	1.0	0.9785718511418648	0.8942630926478402	0.9997769575276285	0.9787040946437537	0.8958866004145125	0.9997780196748042	0.19224828917353676	0.02021275350948679	0.4202012598377879	0.9387832630836304	0.8	2000.0	20260815.0	sign agreement and FDR Jaccard are descriptive
pairwise_cell_stability	loss_demean											C2/Q0/S0	C2/Q2/S0	Q	1.0	0.9590085552993863	0.8559177404365875	0.9963675692628432	0.9592579142921763	0.8579877311391402	0.9963469308462652	0.2665940900200292	0.08301271368547983	0.48893288906042304	0.9141762694694188	0.7058823529411765	2000.0	20260815.0	sign agreement and FDR Jaccard are descriptive
pairwise_cell_stability	loss_demean											C2/Q0/S0	C2/Q0/S1	S	1.0	0.5797014637404037	0.5517507269289972	0.584140154478201	0.5854005503488807	0.5536064773161757	0.5891963160141657	0.7810293771080387	0.7674994363509086	0.8304850224853741	0.7131279509397782	0.002904865649963689	2000.0	20260815.0	sign agreement and FDR Jaccard are descriptive
pairwise_cell_stability	loss_demean											C2/Q0/S0	C2/Q1/S1	Q:S	2.0	0.5674128307705406	0.5074797199268984	0.5802854009187204	0.5764120050901249	0.5150652326861854	0.5867020220021619	0.7855704508835708	0.7727214051625102	0.8385327437658455	0.7112511080157021	0.0032546786004882017	2000.0	20260815.0	sign agreement and FDR Jaccard are descriptive
pairwise_cell_stability	loss_demean											C2/Q0/S0	C2/Q2/S1	Q:S	2.0	0.5585365981512331	0.4878078629053166	0.5766324219893558	0.5684812532850181	0.49829232961942543	0.5824715678524081	0.7887874885876116	0.7747806733638803	0.8424297725516641	0.709071256715932	0.00375234521575985	2000.0	20260815.0	sign agreement and FDR Jaccard are descriptive
pairwise_cell_stability	loss_demean											C2/Q0/S0	C2/Q0/S2	S	1.0	0.393020423191426	0.3412503223890025	0.3932002156006959	0.40909434578326004	0.3470532114833148	0.40923574225221016	0.8568949360219293	0.8413282559628773	0.9080692904192613	0.6439606360462382	0.0007755946225439503	2000.0	20260815.0	sign agreement and FDR Jaccard are descriptive
pairwise_cell_stability	loss_demean											C2/Q0/S0	C2/Q1/S2	Q:S	2.0	0.3850076816740973	0.31913426964947317	0.38931583532633834	0.4031923284928977	0.32986097187720476	0.40728096215072107	0.8591522748923294	0.8433533380867224	0.9101969608743617	0.6428164402395123	0.0008504003968535185	2000.0	20260815.0	sign agreement and FDR Jaccard are descriptive
pairwise_cell_stability	loss_demean											C2/Q0/S0	C2/Q2/S2	Q:S	2.0	0.3805627986010865	0.3097428856203348	0.3877585415926437	0.3990385586997006	0.321848179177577	0.4045968893232988	0.8605528544261372	0.8454180508806897	0.9114791960459119	0.6411024077859585	0.0009573195053849223	2000.0	20260815.0	sign agreement and FDR Jaccard are descriptive
pairwise_cell_stability	loss_demean											C2/Q1/S0	C2/Q2/S0	Q	1.0	0.9805640715870706	0.9128112693868722	0.9993411510218895	0.98077043316561	0.912712592810893	0.9993480700634988	0.1826909904637124	0.03457348787828712	0.3827151394486314	0.9403525751189421	0.7777777777777778	2000.0	20260815.0	sign agreement and FDR Jaccard are descriptive
pairwise_cell_stability	loss_demean											C2/Q1/S0	C2/Q0/S1	Q:S	2.0	0.5753183215473009	0.5211909523487083	0.5824679996536498	0.5762942858145998	0.5180111596909669	0.5849124152901285	0.7797201829384376	0.7494874634118603	0.8356423093036732	0.7098174713724923	0.0036310820624546117	2000.0	20260815.0	sign agreement and FDR Jaccard are descriptive
pairwise_cell_stability	loss_demean											C2/Q1/S0	C2/Q1/S1	S	1.0	0.5811407315235985	0.5554424039540619	0.584699326335476	0.5854231684938493	0.5564335133102097	0.5889748951193573	0.7766118249170016	0.7394724190768371	0.8340667460709448	0.7155022703015612	0.0040683482506102524	2000.0	20260815.0	sign agreement and FDR Jaccard are descriptive
pairwise_cell_stability	loss_demean											C2/Q1/S0	C2/Q2/S1	Q:S	2.0	0.5723805548210943	0.5222045602692329	0.5819088470405225	0.5780245170898801	0.5249913822835776	0.5855618799960551	0.7796197643976088	0.7442109756928232	0.8388576753034789	0.7134580943938928	0.004690431519699813	2000.0	20260815.0	sign agreement and FDR Jaccard are descriptive
pairwise_cell_stability	loss_demean											C2/Q1/S0	C2/Q0/S2	Q:S	2.0	0.3934207229017672	0.32909085944121175	0.39382295438350673	0.4027122907692484	0.33107679687973934	0.40468394827996246	0.8536418832605023	0.8164364593357254	0.9135364738341583	0.6414008936485827	0.0009694932781799379	2000.0	20260815.0	sign agreement and FDR Jaccard are descriptive
pairwise_cell_stability	loss_demean											C2/Q1/S0	C2/Q1/S2	S	1.0	0.395707021765371	0.3426609572965012	0.3953747870488377	0.4076277388933409	0.3472555747902099	0.4080463447970602	0.8524654878396907	0.8115606686450453	0.9126044705824095	0.6443993198140343	0.0010630004960668982	2000.0	20260815.0	sign agreement and FDR Jaccard are descriptive
pairwise_cell_stability	loss_demean											C2/Q1/S0	C2/Q2/S2	Q:S	2.0	0.3912545283845706	0.33094448804299703	0.3931767941624958	0.4040915367135229	0.33747431529918726	0.4062516926934615	0.8536781897905001	0.81291126819823	0.913730163379694	0.6431918088243275	0.0011966493817311527	2000.0	20260815.0	sign agreement and FDR Jaccard are descriptive
pairwise_cell_stability	loss_demean											C2/Q2/S0	C2/Q0/S1	Q:S	2.0	0.5669407345407882	0.5060556099197896	0.5786745675932349	0.5667150074431417	0.500660572765254	0.5806700173705269	0.7889207930850703	0.7481696462100558	0.8492169180359156	0.705625101756544	0.00411522633744856	2000.0	20260815.0	sign agreement and FDR Jaccard are descriptive
pairwise_cell_stability	loss_demean											C2/Q2/S0	C2/Q1/S1	Q:S	2.0	0.573090747671661	0.52486998308641	0.5811782516352871	0.5763440641999701	0.526232939770467	0.5843469054838578	0.7855940070963758	0.7387117196589646	0.8477196034800303	0.711165180267371	0.004610794684024953	2000.0	20260815.0	sign agreement and FDR Jaccard are descriptive
pairwise_cell_stability	loss_demean											C2/Q2/S0	C2/Q2/S1	S	1.0	0.5807967775315611	0.5546285897477876	0.5850603568453545	0.5848180042458787	0.5554585074488908	0.5890984441132974	0.781934603566186	0.7299318171713721	0.8441477196844092	0.7155158378407713	0.005315822388993121	2000.0	20260815.0	sign agreement and FDR Jaccard are descriptive
pairwise_cell_stability	loss_demean											C2/Q2/S0	C2/Q0/S2	Q:S	2.0	0.3892831041127313	0.3213297219352594	0.3914280011658966	0.3966583615391386	0.3200754466979991	0.400664147512968	0.8608458976968094	0.807256588440365	0.9247163197217069	0.6391079795220608	0.0010987590486039296	2000.0	20260815.0	sign agreement and FDR Jaccard are descriptive
pairwise_cell_stability	loss_demean											C2/Q2/S0	C2/Q1/S2	Q:S	2.0	0.39172276001369316	0.3312235500747824	0.3929527582542479	0.4020157188037433	0.33581218972780696	0.4053081151451308	0.8595165385205151	0.8029211518885168	0.9241536266162349	0.6418260098771685	0.0012047338955424845	2000.0	20260815.0	sign agreement and FDR Jaccard are descriptive
pairwise_cell_stability	loss_demean											C2/Q2/S0	C2/Q2/S2	S	1.0	0.39500202380751864	0.34103286298592783	0.3952142597471287	0.4059243823811185	0.3450148169781155	0.40822378984759855	0.8583946907949207	0.800389608977254	0.9230742044160826	0.6436938077751044	0.0013562026326286397	2000.0	20260815.0	sign agreement and FDR Jaccard are descriptive
pairwise_cell_stability	loss_demean											C2/Q0/S1	C2/Q1/S1	Q	1.0	0.9860985475905687	0.9190191214067459	0.9998278522792955	0.9860933513578618	0.9204588076382785	0.999826208573405	0.05905786613173564	0.006017646893760783	0.12274389165200263	0.9465212829465077	0.7369473450344368	2000.0	20260815.0	sign agreement and FDR Jaccard are descriptive
pairwise_cell_stability	loss_demean											C2/Q0/S1	C2/Q2/S1	Q	1.0	0.9752488253222154	0.8911262525230254	0.9975333379641513	0.9749312343904502	0.8925681610664493	0.9975606357494263	0.07927546666297054	0.023303679919851942	0.14445921522568955	0.92506648094213	0.6421689446560609	2000.0	20260815.0	sign agreement and FDR Jaccard are descriptive
pairwise_cell_stability	loss_demean											C2/Q0/S1	C2/Q0/S2	S	1.0	0.9234815204807716	0.8963726664556417	0.9220382672459039	0.9310227207007793	0.9009051969639894	0.9299745096811897	0.13512728935686652	0.1290592582101774	0.14091293215079578	0.8751515041878472	0.25306826898491436	2000.0	20260815.0	sign agreement and FDR Jaccard are descriptive
pairwise_cell_stability	loss_demean											C2/Q0/S1	C2/Q1/S2	Q:S	2.0	0.9090285888701659	0.8306185078595966	0.9184936875432351	0.919200031383902	0.8427093812293203	0.9264133944742078	0.14486867166588246	0.13250969991380387	0.17130984031737526	0.8666808372076196	0.27290489149396413	2000.0	20260815.0	sign agreement and FDR Jaccard are descriptive
pairwise_cell_stability	loss_demean											C2/Q0/S1	C2/Q2/S2	Q:S	2.0	0.9012504413587993	0.8072243060839003	0.9154068512195621	0.9112199149754182	0.8212187192164575	0.9229195960892173	0.1506466272923186	0.13547060341846143	0.18254699255074577	0.8591056278152643	0.2972678446329882	2000.0	20260815.0	sign agreement and FDR Jaccard are descriptive
pairwise_cell_stability	loss_demean											C2/Q1/S1	C2/Q2/S1	Q	1.0	0.989248058248061	0.9385439850950533	0.9995445486757835	0.9898516022478934	0.9385533920192008	0.9995821221107326	0.050190661187929066	0.00951656737249208	0.10852298750551202	0.9524231625029397	0.7712889117571392	2000.0	20260815.0	sign agreement and FDR Jaccard are descriptive
pairwise_cell_stability	loss_demean											C2/Q1/S1	C2/Q0/S2	Q:S	2.0	0.9154716826166162	0.8366934087973213	0.9204760655051497	0.9176965802097709	0.8363187697943547	0.9250860559263652	0.14317171048490773	0.1333248693000551	0.16173579783000183	0.8608287052949583	0.22492168019947573	2000.0	20260815.0	sign agreement and FDR Jaccard are descriptive
pairwise_cell_stability	loss_demean											C2/Q1/S1	C2/Q1/S2	S	1.0	0.9246300509014521	0.8964398714611007	0.9231580398145837	0.9301812548797453	0.900304299256922	0.929280975786465	0.13492450102894826	0.12441496945659829	0.14170039221816572	0.874274136652255	0.2510016166444085	2000.0	20260815.0	sign agreement and FDR Jaccard are descriptive
pairwise_cell_stability	loss_demean											C2/Q1/S1	C2/Q2/S2	Q:S	2.0	0.9167447252309154	0.8538254452757598	0.9201536539260005	0.9236256981935232	0.8636447425223645	0.9260654162465657	0.14003973550027338	0.12758694128920137	0.1615189573748001	0.8683903471481033	0.27511397578997016	2000.0	20260815.0	sign agreement and FDR Jaccard are descriptive
pairwise_cell_stability	loss_demean											C2/Q2/S1	C2/Q0/S2	Q:S	2.0	0.9079620003615299	0.8205944903300832	0.916451886324106	0.9079449690056468	0.8165537062231989	0.9203961439295902	0.15026643076737897	0.13864343009483282	0.17075393513019463	0.8487807304763111	0.19641140660044856	2000.0	20260815.0	sign agreement and FDR Jaccard are descriptive
pairwise_cell_stability	loss_demean											C2/Q2/S1	C2/Q1/S2	Q:S	2.0	0.9170371533321846	0.8587366207612399	0.9200777508270217	0.9215271581266675	0.8634423398692924	0.9243733503668152	0.14155203751452056	0.12982686625291895	0.15652444981464675	0.8630130791077987	0.21834307031744915	2000.0	20260815.0	sign agreement and FDR Jaccard are descriptive
pairwise_cell_stability	loss_demean											C2/Q2/S1	C2/Q2/S2	S	1.0	0.9242888460914515	0.8955052172376694	0.9230480459657561	0.9293175986684857	0.8992708820139638	0.9291083193493517	0.1361225927866577	0.12427101589637668	0.1433177849098995	0.8719450424211725	0.24617821782178217	2000.0	20260815.0	sign agreement and FDR Jaccard are descriptive
pairwise_cell_stability	loss_demean											C2/Q0/S2	C2/Q1/S2	Q	1.0	0.9876665126484874	0.9205585398576964	0.9998442180788545	0.9871346283421656	0.9207193734557618	0.9998347965159211	0.04677445614813124	0.004566130522779226	0.09621757299260425	0.9444228368819986	0.7680492469519483	2000.0	20260815.0	sign agreement and FDR Jaccard are descriptive
pairwise_cell_stability	loss_demean											C2/Q0/S2	C2/Q2/S2	Q	1.0	0.9809770708784852	0.9021426040558418	0.9980762572188607	0.9788097899885957	0.8995405105765637	0.99809124178618	0.05992068554845543	0.016283979446985886	0.10784623556819319	0.9237594746648817	0.6926749667593376	2000.0	20260815.0	sign agreement and FDR Jaccard are descriptive
pairwise_cell_stability	loss_demean											C2/Q1/S2	C2/Q2/S2	Q	1.0	0.9930770450769337	0.9528621523050196	0.9996718232563103	0.9933785350801003	0.9524046171884931	0.9997084576029704	0.033187871433123003	0.006202473143639012	0.07356567327674379	0.9571672787134354	0.8068759747745304	2000.0	20260815.0	sign agreement and FDR Jaccard are descriptive
