subject	confound	smoothing	contrast	n_voxels	variance_min	variance_lt_1e_20_count	variance_lt_1e_30_count	variance_finite_count	variance_positive_count	variance_nonfinite_count	variance_nonpositive_count	variance_all_finite	variance_all_positive	sidecar_available	float64_temporal_mean_lt1_diagnostic_available	float64_temporal_mean_lt1_run_count_available	float64_temporal_mean_lt1_voxel_run_sum	float64_temporal_mean_lt1_min_per_run	float64_temporal_mean_lt1_max_per_run	float64_temporal_mean_lt1_runs_nonzero
sub-001	C0	S0	gain_demean	221116	2.1963891413179226e-05	0	0	221116	221116	0	0	True	True	True	False					
sub-001	C0	S0	loss_demean	221116	8.9767330791801214e-05	0	0	221116	221116	0	0	True	True	True	False					
sub-001	C0	S1	gain_demean	221116	2.1433424990391359e-06	0	0	221116	221116	0	0	True	True	True	False					
sub-001	C0	S1	loss_demean	221116	8.8246906670974568e-06	0	0	221116	221116	0	0	True	True	True	False					
sub-001	C0	S2	gain_demean	221116	1.2517526783994981e-06	0	0	221116	221116	0	0	True	True	True	False					
sub-001	C0	S2	loss_demean	221116	5.019296622776892e-06	0	0	221116	221116	0	0	True	True	True	False					
sub-001	C1	S0	gain_demean	221116	2.2990558136370964e-05	0	0	221116	221116	0	0	True	True	True	False					
sub-001	C1	S0	loss_demean	221116	9.3190334155224264e-05	0	0	221116	221116	0	0	True	True	True	False					
sub-001	C1	S1	gain_demean	221116	2.1722744349972345e-06	0	0	221116	221116	0	0	True	True	True	False					
sub-001	C1	S1	loss_demean	221116	8.7812532001407817e-06	0	0	221116	221116	0	0	True	True	True	False					
sub-001	C1	S2	gain_demean	221116	1.240458118445531e-06	0	0	221116	221116	0	0	True	True	True	False					
sub-001	C1	S2	loss_demean	221116	4.9583136387809645e-06	0	0	221116	221116	0	0	True	True	True	False					
sub-001	C2	S0	gain_demean	221116	2.2189591618371196e-05	0	0	221116	221116	0	0	True	True	True	False					
sub-001	C2	S0	loss_demean	221116	9.1335554316174239e-05	0	0	221116	221116	0	0	True	True	True	False					
sub-001	C2	S1	gain_demean	221116	2.0256559309927979e-06	0	0	221116	221116	0	0	True	True	True	False					
sub-001	C2	S1	loss_demean	221116	8.3116110545233823e-06	0	0	221116	221116	0	0	True	True	True	False					
sub-001	C2	S2	gain_demean	221116	9.802510021472699e-07	0	0	221116	221116	0	0	True	True	True	False					
sub-001	C2	S2	loss_demean	221116	3.9878468669485301e-06	0	0	221116	221116	0	0	True	True	True	False					
sub-002	C0	S0	gain_demean	221116	9.3944043328519911e-05	0	0	221116	221116	0	0	True	True	True	False					
sub-002	C0	S0	loss_demean	221116	9.1924230218864977e-05	0	0	221116	221116	0	0	True	True	True	False					
sub-002	C0	S1	gain_demean	221116	1.3718145964958239e-05	0	0	221116	221116	0	0	True	True	True	False					
sub-002	C0	S1	loss_demean	221116	1.3562975254899357e-05	0	0	221116	221116	0	0	True	True	True	False					
sub-002	C0	S2	gain_demean	221116	9.4292627181857824e-06	0	0	221116	221116	0	0	True	True	True	False					
sub-002	C0	S2	loss_demean	221116	9.355086149298586e-06	0	0	221116	221116	0	0	True	True	True	False					
sub-002	C1	S0	gain_demean	221116	9.1917863755952567e-05	0	0	221116	221116	0	0	True	True	True	False					
sub-002	C1	S0	loss_demean	221116	8.9240493252873421e-05	0	0	221116	221116	0	0	True	True	True	False					
sub-002	C1	S1	gain_demean	221116	1.2573910680657718e-05	0	0	221116	221116	0	0	True	True	True	False					
sub-002	C1	S1	loss_demean	221116	1.2304715710342862e-05	0	0	221116	221116	0	0	True	True	True	False					
sub-002	C1	S2	gain_demean	221116	8.6185355030465871e-06	0	0	221116	221116	0	0	True	True	True	False					
sub-002	C1	S2	loss_demean	221116	8.4366402006708086e-06	0	0	221116	221116	0	0	True	True	True	False					
sub-002	C2	S0	gain_demean	221116	9.2130685516167432e-05	0	0	221116	221116	0	0	True	True	True	False					
sub-002	C2	S0	loss_demean	221116	8.646243077237159e-05	0	0	221116	221116	0	0	True	True	True	False					
sub-002	C2	S1	gain_demean	221116	1.0859763278858736e-05	0	0	221116	221116	0	0	True	True	True	False					
sub-002	C2	S1	loss_demean	221116	1.0321256922907196e-05	0	0	221116	221116	0	0	True	True	True	False					
sub-002	C2	S2	gain_demean	221116	6.3557649809808936e-06	0	0	221116	221116	0	0	True	True	True	False					
sub-002	C2	S2	loss_demean	221116	5.9898106883338187e-06	0	0	221116	221116	0	0	True	True	True	False					
sub-003	C0	S0	gain_demean	221116	1.7788514014682733e-05	0	0	221116	221116	0	0	True	True	True	False					
sub-003	C0	S0	loss_demean	221116	6.9987610913813114e-05	0	0	221116	221116	0	0	True	True	True	False					
sub-003	C0	S1	gain_demean	221116	2.8108934202464297e-06	0	0	221116	221116	0	0	True	True	True	False					
sub-003	C0	S1	loss_demean	221116	1.103403337765485e-05	0	0	221116	221116	0	0	True	True	True	False					
sub-003	C0	S2	gain_demean	221116	1.8619076627146569e-06	0	0	221116	221116	0	0	True	True	True	False					
sub-003	C0	S2	loss_demean	221116	7.4949143709091004e-06	0	0	221116	221116	0	0	True	True	True	False					
sub-003	C1	S0	gain_demean	221116	1.7909678717842326e-05	0	0	221116	221116	0	0	True	True	True	False					
sub-003	C1	S0	loss_demean	221116	6.9899484515190125e-05	0	0	221116	221116	0	0	True	True	True	False					
sub-003	C1	S1	gain_demean	221116	2.8774102247552946e-06	0	0	221116	221116	0	0	True	True	True	False					
sub-003	C1	S1	loss_demean	221116	1.1144866221002303e-05	0	0	221116	221116	0	0	True	True	True	False					
sub-003	C1	S2	gain_demean	221116	1.831347617553547e-06	0	0	221116	221116	0	0	True	True	True	False					
sub-003	C1	S2	loss_demean	221116	7.179565272963373e-06	0	0	221116	221116	0	0	True	True	True	False					
sub-003	C2	S0	gain_demean	221116	1.7057085642591119e-05	0	0	221116	221116	0	0	True	True	True	False					
sub-003	C2	S0	loss_demean	221116	6.8759851274080575e-05	0	0	221116	221116	0	0	True	True	True	False					
sub-003	C2	S1	gain_demean	221116	2.6939362669509137e-06	0	0	221116	221116	0	0	True	True	True	False					
sub-003	C2	S1	loss_demean	221116	1.0906212082772981e-05	0	0	221116	221116	0	0	True	True	True	False					
sub-003	C2	S2	gain_demean	221116	1.3458377452479908e-06	0	0	221116	221116	0	0	True	True	True	False					
sub-003	C2	S2	loss_demean	221116	5.4109700613480527e-06	0	0	221116	221116	0	0	True	True	True	False					
sub-004	C0	S0	gain_demean	221116	4.8675987268680303e-30	1	0	221116	221116	0	0	True	True	True	True	4	1	0	1	1
sub-004	C0	S0	loss_demean	221116	5.1957388212560044e-30	1	0	221116	221116	0	0	True	True	True	True	4	1	0	1	1
sub-004	C0	S1	gain_demean	221116	1.1237686521781143e-05	0	0	221116	221116	0	0	True	True	True	True	4	0	0	0	0
sub-004	C0	S1	loss_demean	221116	1.1744482435460668e-05	0	0	221116	221116	0	0	True	True	True	True	4	0	0	0	0
sub-004	C0	S2	gain_demean	221116	7.107064902811544e-06	0	0	221116	221116	0	0	True	True	True	True	4	0	0	0	0
sub-004	C0	S2	loss_demean	221116	7.4866998147626873e-06	0	0	221116	221116	0	0	True	True	True	True	4	0	0	0	0
sub-004	C1	S0	gain_demean	221116	8.8264033989684485e-31	1	1	221116	221116	0	0	True	True	True	True	4	1	0	1	1
sub-004	C1	S0	loss_demean	221116	9.4068004433027707e-31	1	1	221116	221116	0	0	True	True	True	True	4	1	0	1	1
sub-004	C1	S1	gain_demean	221116	1.2025846444885246e-05	0	0	221116	221116	0	0	True	True	True	True	4	0	0	0	0
sub-004	C1	S1	loss_demean	221116	1.265605169464834e-05	0	0	221116	221116	0	0	True	True	True	True	4	0	0	0	0
sub-004	C1	S2	gain_demean	221116	6.7633332037075888e-06	0	0	221116	221116	0	0	True	True	True	True	4	0	0	0	0
sub-004	C1	S2	loss_demean	221116	7.1108652264229022e-06	0	0	221116	221116	0	0	True	True	True	True	4	0	0	0	0
sub-004	C2	S0	gain_demean	221116	3.5911940164796295e-31	1	1	221116	221116	0	0	True	True	True	True	4	1	0	1	1
sub-004	C2	S0	loss_demean	221116	3.865576732354217e-31	1	1	221116	221116	0	0	True	True	True	True	4	1	0	1	1
sub-004	C2	S1	gain_demean	221116	1.1478637134132441e-05	0	0	221116	221116	0	0	True	True	True	True	4	0	0	0	0
sub-004	C2	S1	loss_demean	221116	1.2010254977212753e-05	0	0	221116	221116	0	0	True	True	True	True	4	0	0	0	0
sub-004	C2	S2	gain_demean	221116	6.0708357523253653e-06	0	0	221116	221116	0	0	True	True	True	True	4	0	0	0	0
sub-004	C2	S2	loss_demean	221116	6.4445430325577036e-06	0	0	221116	221116	0	0	True	True	True	True	4	0	0	0	0
sub-005	C0	S0	gain_demean	221116	5.4800342929119802e-30	1	0	221116	221116	0	0	True	True	True	True	4	5	1	2	4
sub-005	C0	S0	loss_demean	221116	1.8602832680633048e-29	1	0	221116	221116	0	0	True	True	True	True	4	5	1	2	4
sub-005	C0	S1	gain_demean	221116	2.7826245059259236e-06	0	0	221116	221116	0	0	True	True	True	True	4	0	0	0	0
sub-005	C0	S1	loss_demean	221116	1.1150946193083655e-05	0	0	221116	221116	0	0	True	True	True	True	4	0	0	0	0
sub-005	C0	S2	gain_demean	221116	1.3429314549284754e-06	0	0	221116	221116	0	0	True	True	True	True	4	0	0	0	0
sub-005	C0	S2	loss_demean	221116	5.314745067153126e-06	0	0	221116	221116	0	0	True	True	True	True	4	0	0	0	0
sub-005	C1	S0	gain_demean	221116	5.4205335900597979e-30	1	0	221116	221116	0	0	True	True	True	True	4	5	1	2	4
sub-005	C1	S0	loss_demean	221116	1.8648006270258312e-29	1	0	221116	221116	0	0	True	True	True	True	4	5	1	2	4
sub-005	C1	S1	gain_demean	221116	2.7633652734948555e-06	0	0	221116	221116	0	0	True	True	True	True	4	0	0	0	0
sub-005	C1	S1	loss_demean	221116	1.0561038834566716e-05	0	0	221116	221116	0	0	True	True	True	True	4	0	0	0	0
sub-005	C1	S2	gain_demean	221116	1.4071364375922712e-06	0	0	221116	221116	0	0	True	True	True	True	4	0	0	0	0
sub-005	C1	S2	loss_demean	221116	5.369946393329883e-06	0	0	221116	221116	0	0	True	True	True	True	4	0	0	0	0
sub-005	C2	S0	gain_demean	221116	5.4581879655008181e-31	1	1	221116	221116	0	0	True	True	True	True	4	5	1	2	4
sub-005	C2	S0	loss_demean	221116	1.9369558933188528e-30	1	0	221116	221116	0	0	True	True	True	True	4	5	1	2	4
sub-005	C2	S1	gain_demean	221116	2.4057540031208191e-06	0	0	221116	221116	0	0	True	True	True	True	4	0	0	0	0
sub-005	C2	S1	loss_demean	221116	9.2905438577872701e-06	0	0	221116	221116	0	0	True	True	True	True	4	0	0	0	0
sub-005	C2	S2	gain_demean	221116	1.1241605761824758e-06	0	0	221116	221116	0	0	True	True	True	True	4	0	0	0	0
sub-005	C2	S2	loss_demean	221116	4.3523718886717688e-06	0	0	221116	221116	0	0	True	True	True	True	4	0	0	0	0
sub-006	C0	S0	gain_demean	221116	5.4366082402084226e-31	1533	1533	221116	221116	0	0	True	True	True	True	4	1672	0	1672	1
sub-006	C0	S0	loss_demean	221116	4.1951136431693862e-31	1533	1533	221116	221116	0	0	True	True	True	True	4	1672	0	1672	1
sub-006	C0	S1	gain_demean	221116	9.6493195087532513e-06	0	0	221116	221116	0	0	True	True	True	True	4	52	0	52	1
sub-006	C0	S1	loss_demean	221116	9.6854519142652862e-06	0	0	221116	221116	0	0	True	True	True	True	4	52	0	52	1
sub-006	C0	S2	gain_demean	221116	7.1766480687074363e-06	0	0	221116	221116	0	0	True	True	True	True	4	0	0	0	0
sub-006	C0	S2	loss_demean	221116	7.5159532570978627e-06	0	0	221116	221116	0	0	True	True	True	True	4	0	0	0	0
sub-006	C1	S0	gain_demean	221116	1.8492882769509111e-30	1533	0	221116	221116	0	0	True	True	True	True	4	1672	0	1672	1
sub-006	C1	S0	loss_demean	221116	1.436529328343288e-30	1533	0	221116	221116	0	0	True	True	True	True	4	1672	0	1672	1
sub-006	C1	S1	gain_demean	221116	9.1608035290846601e-06	0	0	221116	221116	0	0	True	True	True	True	4	52	0	52	1
sub-006	C1	S1	loss_demean	221116	9.4069819169817492e-06	0	0	221116	221116	0	0	True	True	True	True	4	52	0	52	1
sub-006	C1	S2	gain_demean	221116	6.9736338446091395e-06	0	0	221116	221116	0	0	True	True	True	True	4	0	0	0	0
sub-006	C1	S2	loss_demean	221116	7.2537550295237452e-06	0	0	221116	221116	0	0	True	True	True	True	4	0	0	0	0
sub-006	C2	S0	gain_demean	221116	2.9374007505720548e-31	1533	1343	221116	221116	0	0	True	True	True	True	4	1672	0	1672	1
sub-006	C2	S0	loss_demean	221116	2.289441228028741e-31	1533	1343	221116	221116	0	0	True	True	True	True	4	1672	0	1672	1
sub-006	C2	S1	gain_demean	221116	9.330753528047353e-06	0	0	221116	221116	0	0	True	True	True	True	4	52	0	52	1
sub-006	C2	S1	loss_demean	221116	9.2299369498505257e-06	0	0	221116	221116	0	0	True	True	True	True	4	52	0	52	1
sub-006	C2	S2	gain_demean	221116	6.2364629229705315e-06	0	0	221116	221116	0	0	True	True	True	True	4	0	0	0	0
sub-006	C2	S2	loss_demean	221116	6.4444006966368761e-06	0	0	221116	221116	0	0	True	True	True	True	4	0	0	0	0
sub-008	C0	S0	gain_demean	221116	0.0001375874417135492	0	0	221116	221116	0	0	True	True	True	False					
sub-008	C0	S0	loss_demean	221116	0.00012486509513109922	0	0	221116	221116	0	0	True	True	True	False					
sub-008	C0	S1	gain_demean	221116	1.6874695575097576e-05	0	0	221116	221116	0	0	True	True	True	False					
sub-008	C0	S1	loss_demean	221116	1.542640347906854e-05	0	0	221116	221116	0	0	True	True	True	False					
sub-008	C0	S2	gain_demean	221116	9.0648372861323878e-06	0	0	221116	221116	0	0	True	True	True	False					
sub-008	C0	S2	loss_demean	221116	8.3071236076648347e-06	0	0	221116	221116	0	0	True	True	True	False					
sub-008	C1	S0	gain_demean	221116	0.00012132300616940483	0	0	221116	221116	0	0	True	True	True	False					
sub-008	C1	S0	loss_demean	221116	0.0001149335948866792	0	0	221116	221116	0	0	True	True	True	False					
sub-008	C1	S1	gain_demean	221116	1.5652487491024658e-05	0	0	221116	221116	0	0	True	True	True	False					
sub-008	C1	S1	loss_demean	221116	1.5074947441462427e-05	0	0	221116	221116	0	0	True	True	True	False					
sub-008	C1	S2	gain_demean	221116	8.517461537849158e-06	0	0	221116	221116	0	0	True	True	True	False					
sub-008	C1	S2	loss_demean	221116	8.3248423834447749e-06	0	0	221116	221116	0	0	True	True	True	False					
sub-008	C2	S0	gain_demean	221116	0.00011204785550944507	0	0	221116	221116	0	0	True	True	True	False					
sub-008	C2	S0	loss_demean	221116	0.00010533988097449765	0	0	221116	221116	0	0	True	True	True	False					
sub-008	C2	S1	gain_demean	221116	1.4928035852790345e-05	0	0	221116	221116	0	0	True	True	True	False					
sub-008	C2	S1	loss_demean	221116	1.4072446901991498e-05	0	0	221116	221116	0	0	True	True	True	False					
sub-008	C2	S2	gain_demean	221116	7.1287040555034764e-06	0	0	221116	221116	0	0	True	True	True	False					
sub-008	C2	S2	loss_demean	221116	6.7593909989227541e-06	0	0	221116	221116	0	0	True	True	True	False					
sub-009	C0	S0	gain_demean	221116	1.6453050193376839e-05	0	0	221116	221116	0	0	True	True	True	False					
sub-009	C0	S0	loss_demean	221116	6.9024114054627717e-05	0	0	221116	221116	0	0	True	True	True	False					
sub-009	C0	S1	gain_demean	221116	2.8256897621758981e-06	0	0	221116	221116	0	0	True	True	True	False					
sub-009	C0	S1	loss_demean	221116	1.1931537301279604e-05	0	0	221116	221116	0	0	True	True	True	False					
sub-009	C0	S2	gain_demean	221116	1.3957751434645616e-06	0	0	221116	221116	0	0	True	True	True	False					
sub-009	C0	S2	loss_demean	221116	5.8750074458657764e-06	0	0	221116	221116	0	0	True	True	True	False					
sub-009	C1	S0	gain_demean	221116	1.64852972375229e-05	0	0	221116	221116	0	0	True	True	True	False					
sub-009	C1	S0	loss_demean	221116	6.8376895796973258e-05	0	0	221116	221116	0	0	True	True	True	False					
sub-009	C1	S1	gain_demean	221116	2.9665366128028836e-06	0	0	221116	221116	0	0	True	True	True	False					
sub-009	C1	S1	loss_demean	221116	1.248154239874566e-05	0	0	221116	221116	0	0	True	True	True	False					
sub-009	C1	S2	gain_demean	221116	1.4216527688404312e-06	0	0	221116	221116	0	0	True	True	True	False					
sub-009	C1	S2	loss_demean	221116	5.9151111599931028e-06	0	0	221116	221116	0	0	True	True	True	False					
sub-009	C2	S0	gain_demean	221116	1.5778561646584421e-05	0	0	221116	221116	0	0	True	True	True	False					
sub-009	C2	S0	loss_demean	221116	6.4755418861750513e-05	0	0	221116	221116	0	0	True	True	True	False					
sub-009	C2	S1	gain_demean	221116	2.7754160782933468e-06	0	0	221116	221116	0	0	True	True	True	False					
sub-009	C2	S1	loss_demean	221116	1.1525783520482946e-05	0	0	221116	221116	0	0	True	True	True	False					
sub-009	C2	S2	gain_demean	221116	1.3579996220869361e-06	0	0	221116	221116	0	0	True	True	True	False					
sub-009	C2	S2	loss_demean	221116	5.5750606406945735e-06	0	0	221116	221116	0	0	True	True	True	False					
sub-010	C0	S0	gain_demean	221116	7.9253506555687636e-05	0	0	221116	221116	0	0	True	True	True	False					
sub-010	C0	S0	loss_demean	221116	8.4627667092718184e-05	0	0	221116	221116	0	0	True	True	True	False					
sub-010	C0	S1	gain_demean	221116	8.2191327237524092e-06	0	0	221116	221116	0	0	True	True	True	False					
sub-010	C0	S1	loss_demean	221116	8.9199111243942752e-06	0	0	221116	221116	0	0	True	True	True	False					
sub-010	C0	S2	gain_demean	221116	4.5315823626879137e-06	0	0	221116	221116	0	0	True	True	True	False					
sub-010	C0	S2	loss_demean	221116	4.9844943532662001e-06	0	0	221116	221116	0	0	True	True	True	False					
sub-010	C1	S0	gain_demean	221116	8.1540471001062542e-05	0	0	221116	221116	0	0	True	True	True	False					
sub-010	C1	S0	loss_demean	221116	8.3769977209158242e-05	0	0	221116	221116	0	0	True	True	True	False					
sub-010	C1	S1	gain_demean	221116	8.8624301497475244e-06	0	0	221116	221116	0	0	True	True	True	False					
sub-010	C1	S1	loss_demean	221116	9.2301297627273016e-06	0	0	221116	221116	0	0	True	True	True	False					
sub-010	C1	S2	gain_demean	221116	4.5694587242905982e-06	0	0	221116	221116	0	0	True	True	True	False					
sub-010	C1	S2	loss_demean	221116	4.9022983148461208e-06	0	0	221116	221116	0	0	True	True	True	False					
sub-010	C2	S0	gain_demean	221116	8.0152247392106801e-05	0	0	221116	221116	0	0	True	True	True	False					
sub-010	C2	S0	loss_demean	221116	8.097561658360064e-05	0	0	221116	221116	0	0	True	True	True	False					
sub-010	C2	S1	gain_demean	221116	8.3301247286726721e-06	0	0	221116	221116	0	0	True	True	True	False					
sub-010	C2	S1	loss_demean	221116	8.5953042798792012e-06	0	0	221116	221116	0	0	True	True	True	False					
sub-010	C2	S2	gain_demean	221116	4.0347349568037316e-06	0	0	221116	221116	0	0	True	True	True	False					
sub-010	C2	S2	loss_demean	221116	4.2210990613966715e-06	0	0	221116	221116	0	0	True	True	True	False					
sub-011	C0	S0	gain_demean	221116	1.9673290807986632e-05	0	0	221116	221116	0	0	True	True	True	False					
sub-011	C0	S0	loss_demean	221116	9.2907626822125167e-05	0	0	221116	221116	0	0	True	True	True	False					
sub-011	C0	S1	gain_demean	221116	3.0483201953757089e-06	0	0	221116	221116	0	0	True	True	True	False					
sub-011	C0	S1	loss_demean	221116	1.4218469004845247e-05	0	0	221116	221116	0	0	True	True	True	False					
sub-011	C0	S2	gain_demean	221116	1.7185961951327045e-06	0	0	221116	221116	0	0	True	True	True	False					
sub-011	C0	S2	loss_demean	221116	8.1637344919727184e-06	0	0	221116	221116	0	0	True	True	True	False					
sub-011	C1	S0	gain_demean	221116	1.8365079085924663e-05	0	0	221116	221116	0	0	True	True	True	False					
sub-011	C1	S0	loss_demean	221116	8.4393905126489699e-05	0	0	221116	221116	0	0	True	True	True	False					
sub-011	C1	S1	gain_demean	221116	2.9619586712215096e-06	0	0	221116	221116	0	0	True	True	True	False					
sub-011	C1	S1	loss_demean	221116	1.340717699349625e-05	0	0	221116	221116	0	0	True	True	True	False					
sub-011	C1	S2	gain_demean	221116	1.7098249145419686e-06	0	0	221116	221116	0	0	True	True	True	False					
sub-011	C1	S2	loss_demean	221116	7.8252032835735008e-06	0	0	221116	221116	0	0	True	True	True	False					
sub-011	C2	S0	gain_demean	221116	1.7496297004981898e-05	0	0	221116	221116	0	0	True	True	True	False					
sub-011	C2	S0	loss_demean	221116	7.9419653047807515e-05	0	0	221116	221116	0	0	True	True	True	False					
sub-011	C2	S1	gain_demean	221116	2.9341938443394611e-06	0	0	221116	221116	0	0	True	True	True	False					
sub-011	C2	S1	loss_demean	221116	1.3161416063667275e-05	0	0	221116	221116	0	0	True	True	True	False					
sub-011	C2	S2	gain_demean	221116	1.6525789305887884e-06	0	0	221116	221116	0	0	True	True	True	False					
sub-011	C2	S2	loss_demean	221116	7.4331064752186649e-06	0	0	221116	221116	0	0	True	True	True	False					
sub-013	C0	S0	gain_demean	221116	1.0522079155608706e-31	3	3	221116	221116	0	0	True	True	True	True	4	8	0	3	3
sub-013	C0	S0	loss_demean	221116	3.6684681939162447e-31	3	3	221116	221116	0	0	True	True	True	True	4	8	0	3	3
sub-013	C0	S1	gain_demean	221116	3.0653238809463801e-06	0	0	221116	221116	0	0	True	True	True	True	4	0	0	0	0
sub-013	C0	S1	loss_demean	221116	1.247143154614605e-05	0	0	221116	221116	0	0	True	True	True	True	4	0	0	0	0
sub-013	C0	S2	gain_demean	221116	1.8491961100153276e-06	0	0	221116	221116	0	0	True	True	True	True	4	0	0	0	0
sub-013	C0	S2	loss_demean	221116	7.8077064245007932e-06	0	0	221116	221116	0	0	True	True	True	True	4	0	0	0	0
sub-013	C1	S0	gain_demean	221116	2.7772111042696802e-30	3	0	221116	221116	0	0	True	True	True	True	4	8	0	3	3
sub-013	C1	S0	loss_demean	221116	9.2482742155463576e-30	3	0	221116	221116	0	0	True	True	True	True	4	8	0	3	3
sub-013	C1	S1	gain_demean	221116	2.982382056870847e-06	0	0	221116	221116	0	0	True	True	True	True	4	0	0	0	0
sub-013	C1	S1	loss_demean	221116	1.2190688721602783e-05	0	0	221116	221116	0	0	True	True	True	True	4	0	0	0	0
sub-013	C1	S2	gain_demean	221116	1.5999796687538037e-06	0	0	221116	221116	0	0	True	True	True	True	4	0	0	0	0
sub-013	C1	S2	loss_demean	221116	6.7267496888234746e-06	0	0	221116	221116	0	0	True	True	True	True	4	0	0	0	0
sub-013	C2	S0	gain_demean	221116	3.6385838361341598e-30	3	0	221116	221116	0	0	True	True	True	True	4	8	0	3	3
sub-013	C2	S0	loss_demean	221116	1.2110621391550049e-29	3	0	221116	221116	0	0	True	True	True	True	4	8	0	3	3
sub-013	C2	S1	gain_demean	221116	2.837824013113277e-06	0	0	221116	221116	0	0	True	True	True	True	4	0	0	0	0
sub-013	C2	S1	loss_demean	221116	1.1702227311616298e-05	0	0	221116	221116	0	0	True	True	True	True	4	0	0	0	0
sub-013	C2	S2	gain_demean	221116	1.4402727401829907e-06	0	0	221116	221116	0	0	True	True	True	True	4	0	0	0	0
sub-013	C2	S2	loss_demean	221116	5.987486474623438e-06	0	0	221116	221116	0	0	True	True	True	True	4	0	0	0	0
sub-014	C0	S0	gain_demean	221116	5.9283036534907296e-05	0	0	221116	221116	0	0	True	True	True	False					
sub-014	C0	S0	loss_demean	221116	5.4792224545963109e-05	0	0	221116	221116	0	0	True	True	True	False					
sub-014	C0	S1	gain_demean	221116	8.0490526670473628e-06	0	0	221116	221116	0	0	True	True	True	False					
sub-014	C0	S1	loss_demean	221116	7.4578733801899944e-06	0	0	221116	221116	0	0	True	True	True	False					
sub-014	C0	S2	gain_demean	221116	4.2524188756942749e-06	0	0	221116	221116	0	0	True	True	True	False					
sub-014	C0	S2	loss_demean	221116	3.9253259274119046e-06	0	0	221116	221116	0	0	True	True	True	False					
sub-014	C1	S0	gain_demean	221116	5.7390225265407935e-05	0	0	221116	221116	0	0	True	True	True	False					
sub-014	C1	S0	loss_demean	221116	5.3157029469730332e-05	0	0	221116	221116	0	0	True	True	True	False					
sub-014	C1	S1	gain_demean	221116	7.9115707194432616e-06	0	0	221116	221116	0	0	True	True	True	False					
sub-014	C1	S1	loss_demean	221116	7.3235237323387992e-06	0	0	221116	221116	0	0	True	True	True	False					
sub-014	C1	S2	gain_demean	221116	3.8989828681224026e-06	0	0	221116	221116	0	0	True	True	True	False					
sub-014	C1	S2	loss_demean	221116	3.6266255847294815e-06	0	0	221116	221116	0	0	True	True	True	False					
sub-014	C2	S0	gain_demean	221116	5.6860990298446268e-05	0	0	221116	221116	0	0	True	True	True	False					
sub-014	C2	S0	loss_demean	221116	5.1864906708942726e-05	0	0	221116	221116	0	0	True	True	True	False					
sub-014	C2	S1	gain_demean	221116	7.9774654295761138e-06	0	0	221116	221116	0	0	True	True	True	False					
sub-014	C2	S1	loss_demean	221116	7.2792772698448971e-06	0	0	221116	221116	0	0	True	True	True	False					
sub-014	C2	S2	gain_demean	221116	3.8670264075335581e-06	0	0	221116	221116	0	0	True	True	True	False					
sub-014	C2	S2	loss_demean	221116	3.5439204566500848e-06	0	0	221116	221116	0	0	True	True	True	False					
sub-015	C0	S0	gain_demean	221116	3.3277588954661041e-05	0	0	221116	221116	0	0	True	True	True	False					
sub-015	C0	S0	loss_demean	221116	0.00012655323371291161	0	0	221116	221116	0	0	True	True	True	False					
sub-015	C0	S1	gain_demean	221116	4.1509742914058734e-06	0	0	221116	221116	0	0	True	True	True	False					
sub-015	C0	S1	loss_demean	221116	1.6176907593035139e-05	0	0	221116	221116	0	0	True	True	True	False					
sub-015	C0	S2	gain_demean	221116	2.4950700208137278e-06	0	0	221116	221116	0	0	True	True	True	False					
sub-015	C0	S2	loss_demean	221116	9.8428345154388808e-06	0	0	221116	221116	0	0	True	True	True	False					
sub-015	C1	S0	gain_demean	221116	3.4000877349171788e-05	0	0	221116	221116	0	0	True	True	True	False					
sub-015	C1	S0	loss_demean	221116	0.00012955366401001811	0	0	221116	221116	0	0	True	True	True	False					
sub-015	C1	S1	gain_demean	221116	4.150427230342757e-06	0	0	221116	221116	0	0	True	True	True	False					
sub-015	C1	S1	loss_demean	221116	1.6049194528022781e-05	0	0	221116	221116	0	0	True	True	True	False					
sub-015	C1	S2	gain_demean	221116	2.0904026314383373e-06	0	0	221116	221116	0	0	True	True	True	False					
sub-015	C1	S2	loss_demean	221116	8.3063678175676614e-06	0	0	221116	221116	0	0	True	True	True	False					
sub-015	C2	S0	gain_demean	221116	3.3056123356800526e-05	0	0	221116	221116	0	0	True	True	True	False					
sub-015	C2	S0	loss_demean	221116	0.00012591131962835789	0	0	221116	221116	0	0	True	True	True	False					
sub-015	C2	S1	gain_demean	221116	3.6501483009487856e-06	0	0	221116	221116	0	0	True	True	True	False					
sub-015	C2	S1	loss_demean	221116	1.4160248611005954e-05	0	0	221116	221116	0	0	True	True	True	False					
sub-015	C2	S2	gain_demean	221116	1.8088970819007955e-06	0	0	221116	221116	0	0	True	True	True	False					
sub-015	C2	S2	loss_demean	221116	6.8776053012697957e-06	0	0	221116	221116	0	0	True	True	True	False					
sub-016	C0	S0	gain_demean	221116	0.00022634786728303879	0	0	221116	221116	0	0	True	True	True	False					
sub-016	C0	S0	loss_demean	221116	0.00021581968758255243	0	0	221116	221116	0	0	True	True	True	False					
sub-016	C0	S1	gain_demean	221116	2.6623391022440046e-05	0	0	221116	221116	0	0	True	True	True	False					
sub-016	C0	S1	loss_demean	221116	2.6661222364054993e-05	0	0	221116	221116	0	0	True	True	True	False					
sub-016	C0	S2	gain_demean	221116	1.663998955336865e-05	0	0	221116	221116	0	0	True	True	True	False					
sub-016	C0	S2	loss_demean	221116	1.6518531992915086e-05	0	0	221116	221116	0	0	True	True	True	False					
sub-016	C1	S0	gain_demean	221116	0.00019189715385437012	0	0	221116	221116	0	0	True	True	True	False					
sub-016	C1	S0	loss_demean	221116	0.00018906175682786852	0	0	221116	221116	0	0	True	True	True	False					
sub-016	C1	S1	gain_demean	221116	2.2714535589329898e-05	0	0	221116	221116	0	0	True	True	True	False					
sub-016	C1	S1	loss_demean	221116	2.3141648853197694e-05	0	0	221116	221116	0	0	True	True	True	False					
sub-016	C1	S2	gain_demean	221116	1.2423313819454052e-05	0	0	221116	221116	0	0	True	True	True	False					
sub-016	C1	S2	loss_demean	221116	1.2565544238896109e-05	0	0	221116	221116	0	0	True	True	True	False					
sub-016	C2	S0	gain_demean	221116	0.00018881115829572082	0	0	221116	221116	0	0	True	True	True	False					
sub-016	C2	S0	loss_demean	221116	0.00018813465430866927	0	0	221116	221116	0	0	True	True	True	False					
sub-016	C2	S1	gain_demean	221116	1.9303528461023234e-05	0	0	221116	221116	0	0	True	True	True	False					
sub-016	C2	S1	loss_demean	221116	1.9974233509856276e-05	0	0	221116	221116	0	0	True	True	True	False					
sub-016	C2	S2	gain_demean	221116	1.0321416084480006e-05	0	0	221116	221116	0	0	True	True	True	False					
sub-016	C2	S2	loss_demean	221116	1.0514643690839875e-05	0	0	221116	221116	0	0	True	True	True	False					
sub-017	C0	S0	gain_demean	221116	2.3896733182482421e-05	0	0	221116	221116	0	0	True	True	True	False					
sub-017	C0	S0	loss_demean	221116	9.4611350505147129e-05	0	0	221116	221116	0	0	True	True	True	False					
sub-017	C0	S1	gain_demean	221116	3.5087978176306933e-06	0	0	221116	221116	0	0	True	True	True	False					
sub-017	C0	S1	loss_demean	221116	1.3999239854456391e-05	0	0	221116	221116	0	0	True	True	True	False					
sub-017	C0	S2	gain_demean	221116	2.3438378775608726e-06	0	0	221116	221116	0	0	True	True	True	False					
sub-017	C0	S2	loss_demean	221116	9.2626323748845607e-06	0	0	221116	221116	0	0	True	True	True	False					
sub-017	C1	S0	gain_demean	221116	2.2512887881021015e-05	0	0	221116	221116	0	0	True	True	True	False					
sub-017	C1	S0	loss_demean	221116	8.9647510321810842e-05	0	0	221116	221116	0	0	True	True	True	False					
sub-017	C1	S1	gain_demean	221116	3.2260704756481573e-06	0	0	221116	221116	0	0	True	True	True	False					
sub-017	C1	S1	loss_demean	221116	1.2930259799759369e-05	0	0	221116	221116	0	0	True	True	True	False					
sub-017	C1	S2	gain_demean	221116	2.1559869765042095e-06	0	0	221116	221116	0	0	True	True	True	False					
sub-017	C1	S2	loss_demean	221116	8.5646352090407163e-06	0	0	221116	221116	0	0	True	True	True	False					
sub-017	C2	S0	gain_demean	221116	2.1702895537600853e-05	0	0	221116	221116	0	0	True	True	True	False					
sub-017	C2	S0	loss_demean	221116	8.5732033767271787e-05	0	0	221116	221116	0	0	True	True	True	False					
sub-017	C2	S1	gain_demean	221116	2.6632205845089629e-06	0	0	221116	221116	0	0	True	True	True	False					
sub-017	C2	S1	loss_demean	221116	1.0677063073671889e-05	0	0	221116	221116	0	0	True	True	True	False					
sub-017	C2	S2	gain_demean	221116	1.6586454876232892e-06	0	0	221116	221116	0	0	True	True	True	False					
sub-017	C2	S2	loss_demean	221116	6.6056904870492872e-06	0	0	221116	221116	0	0	True	True	True	False					
sub-018	C0	S0	gain_demean	221116	0.00012900022557005286	0	0	221116	221116	0	0	True	True	True	False					
sub-018	C0	S0	loss_demean	221116	0.00012683594832196832	0	0	221116	221116	0	0	True	True	True	False					
sub-018	C0	S1	gain_demean	221116	1.3727759323955979e-05	0	0	221116	221116	0	0	True	True	True	False					
sub-018	C0	S1	loss_demean	221116	1.3103845049045049e-05	0	0	221116	221116	0	0	True	True	True	False					
sub-018	C0	S2	gain_demean	221116	8.5380988821270876e-06	0	0	221116	221116	0	0	True	True	True	False					
sub-018	C0	S2	loss_demean	221116	8.4509556472767144e-06	0	0	221116	221116	0	0	True	True	True	False					
sub-018	C1	S0	gain_demean	221116	0.00012003236042801291	0	0	221116	221116	0	0	True	True	True	False					
sub-018	C1	S0	loss_demean	221116	0.00012296912609599531	0	0	221116	221116	0	0	True	True	True	False					
sub-018	C1	S1	gain_demean	221116	1.1659509254968725e-05	0	0	221116	221116	0	0	True	True	True	False					
sub-018	C1	S1	loss_demean	221116	1.1897265721927397e-05	0	0	221116	221116	0	0	True	True	True	False					
sub-018	C1	S2	gain_demean	221116	7.7449612945201807e-06	0	0	221116	221116	0	0	True	True	True	False					
sub-018	C1	S2	loss_demean	221116	7.8834063970134594e-06	0	0	221116	221116	0	0	True	True	True	False					
sub-018	C2	S0	gain_demean	221116	0.00012111171963624656	0	0	221116	221116	0	0	True	True	True	False					
sub-018	C2	S0	loss_demean	221116	0.00012040091678500175	0	0	221116	221116	0	0	True	True	True	False					
sub-018	C2	S1	gain_demean	221116	1.0777437637443654e-05	0	0	221116	221116	0	0	True	True	True	False					
sub-018	C2	S1	loss_demean	221116	1.0545267286943272e-05	0	0	221116	221116	0	0	True	True	True	False					
sub-018	C2	S2	gain_demean	221116	7.0561418397119269e-06	0	0	221116	221116	0	0	True	True	True	False					
sub-018	C2	S2	loss_demean	221116	7.0438259172078688e-06	0	0	221116	221116	0	0	True	True	True	False					
sub-019	C0	S0	gain_demean	221116	1.9085422536591068e-05	0	0	221116	221116	0	0	True	True	True	False					
sub-019	C0	S0	loss_demean	221116	7.5547432061284781e-05	0	0	221116	221116	0	0	True	True	True	False					
sub-019	C0	S1	gain_demean	221116	2.81850634564762e-06	0	0	221116	221116	0	0	True	True	True	False					
sub-019	C0	S1	loss_demean	221116	1.1271370567556005e-05	0	0	221116	221116	0	0	True	True	True	False					
sub-019	C0	S2	gain_demean	221116	1.2392747521516867e-06	0	0	221116	221116	0	0	True	True	True	False					
sub-019	C0	S2	loss_demean	221116	4.9334385039401241e-06	0	0	221116	221116	0	0	True	True	True	False					
sub-019	C1	S0	gain_demean	221116	1.8670556528377347e-05	0	0	221116	221116	0	0	True	True	True	False					
sub-019	C1	S0	loss_demean	221116	7.4445830250624567e-05	0	0	221116	221116	0	0	True	True	True	False					
sub-019	C1	S1	gain_demean	221116	2.6933414574159542e-06	0	0	221116	221116	0	0	True	True	True	False					
sub-019	C1	S1	loss_demean	221116	1.0769529581011739e-05	0	0	221116	221116	0	0	True	True	True	False					
sub-019	C1	S2	gain_demean	221116	1.2681568932748633e-06	0	0	221116	221116	0	0	True	True	True	False					
sub-019	C1	S2	loss_demean	221116	5.0980202104256023e-06	0	0	221116	221116	0	0	True	True	True	False					
sub-019	C2	S0	gain_demean	221116	1.908410013129469e-05	0	0	221116	221116	0	0	True	True	True	False					
sub-019	C2	S0	loss_demean	221116	7.4355964898131788e-05	0	0	221116	221116	0	0	True	True	True	False					
sub-019	C2	S1	gain_demean	221116	2.7056846647610655e-06	0	0	221116	221116	0	0	True	True	True	False					
sub-019	C2	S1	loss_demean	221116	1.0626009498082567e-05	0	0	221116	221116	0	0	True	True	True	False					
sub-019	C2	S2	gain_demean	221116	1.2955533748026937e-06	0	0	221116	221116	0	0	True	True	True	False					
sub-019	C2	S2	loss_demean	221116	5.1043475650658365e-06	0	0	221116	221116	0	0	True	True	True	False					
sub-020	C0	S0	gain_demean	221116	3.1557448483644115e-29	1	0	221116	221116	0	0	True	True	True	True	4	1	0	1	1
sub-020	C0	S0	loss_demean	221116	2.8798373282377114e-29	1	0	221116	221116	0	0	True	True	True	True	4	1	0	1	1
sub-020	C0	S1	gain_demean	221116	1.1779158739955164e-05	0	0	221116	221116	0	0	True	True	True	True	4	0	0	0	0
sub-020	C0	S1	loss_demean	221116	1.2184873412479647e-05	0	0	221116	221116	0	0	True	True	True	True	4	0	0	0	0
sub-020	C0	S2	gain_demean	221116	6.9744592110509984e-06	0	0	221116	221116	0	0	True	True	True	True	4	0	0	0	0
sub-020	C0	S2	loss_demean	221116	7.1944828050618526e-06	0	0	221116	221116	0	0	True	True	True	True	4	0	0	0	0
sub-020	C1	S0	gain_demean	221116	6.6013618640483767e-30	1	0	221116	221116	0	0	True	True	True	True	4	1	0	1	1
sub-020	C1	S0	loss_demean	221116	6.0274020148582535e-30	1	0	221116	221116	0	0	True	True	True	True	4	1	0	1	1
sub-020	C1	S1	gain_demean	221116	1.2196527677588165e-05	0	0	221116	221116	0	0	True	True	True	True	4	0	0	0	0
sub-020	C1	S1	loss_demean	221116	1.2708219401247334e-05	0	0	221116	221116	0	0	True	True	True	True	4	0	0	0	0
sub-020	C1	S2	gain_demean	221116	6.8394560912565794e-06	0	0	221116	221116	0	0	True	True	True	True	4	0	0	0	0
sub-020	C1	S2	loss_demean	221116	7.1131157710624393e-06	0	0	221116	221116	0	0	True	True	True	True	4	0	0	0	0
sub-020	C2	S0	gain_demean	221116	9.6552314177459493e-32	1	1	221116	221116	0	0	True	True	True	True	4	1	0	1	1
sub-020	C2	S0	loss_demean	221116	8.8004724637870492e-32	1	1	221116	221116	0	0	True	True	True	True	4	1	0	1	1
sub-020	C2	S1	gain_demean	221116	1.1806632755906321e-05	0	0	221116	221116	0	0	True	True	True	True	4	0	0	0	0
sub-020	C2	S1	loss_demean	221116	1.2421970495779533e-05	0	0	221116	221116	0	0	True	True	True	True	4	0	0	0	0
sub-020	C2	S2	gain_demean	221116	6.2371168496611062e-06	0	0	221116	221116	0	0	True	True	True	True	4	0	0	0	0
sub-020	C2	S2	loss_demean	221116	6.5253620959992986e-06	0	0	221116	221116	0	0	True	True	True	True	4	0	0	0	0
sub-021	C0	S0	gain_demean	221116	9.5424109964370786e-32	2	2	221116	221116	0	0	True	True	True	True	4	4	0	4	1
sub-021	C0	S0	loss_demean	221116	4.0390832250186391e-31	2	2	221116	221116	0	0	True	True	True	True	4	4	0	4	1
sub-021	C0	S1	gain_demean	221116	3.2669163374521304e-06	0	0	221116	221116	0	0	True	True	True	True	4	0	0	0	0
sub-021	C0	S1	loss_demean	221116	1.2625720955838915e-05	0	0	221116	221116	0	0	True	True	True	True	4	0	0	0	0
sub-021	C0	S2	gain_demean	221116	2.0860293261648621e-06	0	0	221116	221116	0	0	True	True	True	True	4	0	0	0	0
sub-021	C0	S2	loss_demean	221116	8.0594209066475742e-06	0	0	221116	221116	0	0	True	True	True	True	4	0	0	0	0
sub-021	C1	S0	gain_demean	221116	3.1660670805499426e-31	2	2	221116	221116	0	0	True	True	True	True	4	4	0	4	1
sub-021	C1	S0	loss_demean	221116	1.343354756040614e-30	2	0	221116	221116	0	0	True	True	True	True	4	4	0	4	1
sub-021	C1	S1	gain_demean	221116	3.1000863600638695e-06	0	0	221116	221116	0	0	True	True	True	True	4	0	0	0	0
sub-021	C1	S1	loss_demean	221116	1.2011937542411033e-05	0	0	221116	221116	0	0	True	True	True	True	4	0	0	0	0
sub-021	C1	S2	gain_demean	221116	2.0190973373246379e-06	0	0	221116	221116	0	0	True	True	True	True	4	0	0	0	0
sub-021	C1	S2	loss_demean	221116	7.7924914876348339e-06	0	0	221116	221116	0	0	True	True	True	True	4	0	0	0	0
sub-021	C2	S0	gain_demean	221116	1.0246968949790281e-29	2	0	221116	221116	0	0	True	True	True	True	4	4	0	4	1
sub-021	C2	S0	loss_demean	221116	4.3551691796722643e-29	2	0	221116	221116	0	0	True	True	True	True	4	4	0	4	1
sub-021	C2	S1	gain_demean	221116	2.9189659471740015e-06	0	0	221116	221116	0	0	True	True	True	True	4	0	0	0	0
sub-021	C2	S1	loss_demean	221116	1.156170492322417e-05	0	0	221116	221116	0	0	True	True	True	True	4	0	0	0	0
sub-021	C2	S2	gain_demean	221116	1.7937084066943498e-06	0	0	221116	221116	0	0	True	True	True	True	4	0	0	0	0
sub-021	C2	S2	loss_demean	221116	7.1193949224834796e-06	0	0	221116	221116	0	0	True	True	True	True	4	0	0	0	0
sub-022	C0	S0	gain_demean	221116	9.2650669103022665e-05	0	0	221116	221116	0	0	True	True	True	False					
sub-022	C0	S0	loss_demean	221116	0.00010239723633276299	0	0	221116	221116	0	0	True	True	True	False					
sub-022	C0	S1	gain_demean	221116	9.7002257462008856e-06	0	0	221116	221116	0	0	True	True	True	False					
sub-022	C0	S1	loss_demean	221116	1.0639892025210429e-05	0	0	221116	221116	0	0	True	True	True	False					
sub-022	C0	S2	gain_demean	221116	9.2987929747323506e-06	0	0	221116	221116	0	0	True	True	True	False					
sub-022	C0	S2	loss_demean	221116	1.012510711007053e-05	0	0	221116	221116	0	0	True	True	True	False					
sub-022	C1	S0	gain_demean	221116	8.9119952463079244e-05	0	0	221116	221116	0	0	True	True	True	False					
sub-022	C1	S0	loss_demean	221116	0.00010029995610238984	0	0	221116	221116	0	0	True	True	True	False					
sub-022	C1	S1	gain_demean	221116	8.6325417214538902e-06	0	0	221116	221116	0	0	True	True	True	False					
sub-022	C1	S1	loss_demean	221116	9.4087599791237153e-06	0	0	221116	221116	0	0	True	True	True	False					
sub-022	C1	S2	gain_demean	221116	7.7976765169296414e-06	0	0	221116	221116	0	0	True	True	True	False					
sub-022	C1	S2	loss_demean	221116	8.6276604633894749e-06	0	0	221116	221116	0	0	True	True	True	False					
sub-022	C2	S0	gain_demean	221116	8.7528249423485249e-05	0	0	221116	221116	0	0	True	True	True	False					
sub-022	C2	S0	loss_demean	221116	9.7301890491507947e-05	0	0	221116	221116	0	0	True	True	True	False					
sub-022	C2	S1	gain_demean	221116	8.4269686340121552e-06	0	0	221116	221116	0	0	True	True	True	False					
sub-022	C2	S1	loss_demean	221116	9.1999090727767907e-06	0	0	221116	221116	0	0	True	True	True	False					
sub-022	C2	S2	gain_demean	221116	7.0456821958941873e-06	0	0	221116	221116	0	0	True	True	True	False					
sub-022	C2	S2	loss_demean	221116	7.7686254371656105e-06	0	0	221116	221116	0	0	True	True	True	False					
sub-024	C0	S0	gain_demean	221116	5.4332471492111164e-32	1	1	221116	221116	0	0	True	True	True	True	4	2	0	2	1
sub-024	C0	S0	loss_demean	221116	6.2547202173849572e-32	1	1	221116	221116	0	0	True	True	True	True	4	2	0	2	1
sub-024	C0	S1	gain_demean	221116	1.2453525414457545e-05	0	0	221116	221116	0	0	True	True	True	True	4	0	0	0	0
sub-024	C0	S1	loss_demean	221116	1.080812762666028e-05	0	0	221116	221116	0	0	True	True	True	True	4	0	0	0	0
sub-024	C0	S2	gain_demean	221116	8.6496129370061681e-06	0	0	221116	221116	0	0	True	True	True	True	4	0	0	0	0
sub-024	C0	S2	loss_demean	221116	7.5376665336079895e-06	0	0	221116	221116	0	0	True	True	True	True	4	0	0	0	0
sub-024	C1	S0	gain_demean	221116	5.0648952973823601e-31	1	1	221116	221116	0	0	True	True	True	True	4	2	0	2	1
sub-024	C1	S0	loss_demean	221116	5.8358686580471351e-31	1	1	221116	221116	0	0	True	True	True	True	4	2	0	2	1
sub-024	C1	S1	gain_demean	221116	1.0741401638370007e-05	0	0	221116	221116	0	0	True	True	True	True	4	0	0	0	0
sub-024	C1	S1	loss_demean	221116	9.3840399131295271e-06	0	0	221116	221116	0	0	True	True	True	True	4	0	0	0	0
sub-024	C1	S2	gain_demean	221116	6.0391794249881059e-06	0	0	221116	221116	0	0	True	True	True	True	4	0	0	0	0
sub-024	C1	S2	loss_demean	221116	5.2974569371144753e-06	0	0	221116	221116	0	0	True	True	True	True	4	0	0	0	0
sub-024	C2	S0	gain_demean	221116	1.7619558175322759e-30	1	0	221116	221116	0	0	True	True	True	True	4	2	0	2	1
sub-024	C2	S0	loss_demean	221116	1.9753902327715306e-30	1	0	221116	221116	0	0	True	True	True	True	4	2	0	2	1
sub-024	C2	S1	gain_demean	221116	1.0166995707550086e-05	0	0	221116	221116	0	0	True	True	True	True	4	0	0	0	0
sub-024	C2	S1	loss_demean	221116	8.8372653408441693e-06	0	0	221116	221116	0	0	True	True	True	True	4	0	0	0	0
sub-024	C2	S2	gain_demean	221116	3.8681109799654223e-06	0	0	221116	221116	0	0	True	True	True	True	4	0	0	0	0
sub-024	C2	S2	loss_demean	221116	3.3896549211931415e-06	0	0	221116	221116	0	0	True	True	True	True	4	0	0	0	0
sub-025	C0	S0	gain_demean	221116	2.180355841119308e-05	0	0	221116	221116	0	0	True	True	True	True	4	0	0	0	0
sub-025	C0	S0	loss_demean	221116	7.9737073974683881e-05	0	0	221116	221116	0	0	True	True	True	True	4	0	0	0	0
sub-025	C0	S1	gain_demean	221116	2.7736355150409508e-06	0	0	221116	221116	0	0	True	True	True	True	4	0	0	0	0
sub-025	C0	S1	loss_demean	221116	1.0091478543472476e-05	0	0	221116	221116	0	0	True	True	True	True	4	0	0	0	0
sub-025	C0	S2	gain_demean	221116	1.4540876236424083e-06	0	0	221116	221116	0	0	True	True	True	True	4	0	0	0	0
sub-025	C0	S2	loss_demean	221116	5.2539239732141141e-06	0	0	221116	221116	0	0	True	True	True	True	4	0	0	0	0
sub-025	C1	S0	gain_demean	221116	2.1341515093808994e-05	0	0	221116	221116	0	0	True	True	True	True	4	0	0	0	0
sub-025	C1	S0	loss_demean	221116	7.9866855230648071e-05	0	0	221116	221116	0	0	True	True	True	True	4	0	0	0	0
sub-025	C1	S1	gain_demean	221116	2.8311205824138597e-06	0	0	221116	221116	0	0	True	True	True	True	4	0	0	0	0
sub-025	C1	S1	loss_demean	221116	1.0339153959648684e-05	0	0	221116	221116	0	0	True	True	True	True	4	0	0	0	0
sub-025	C1	S2	gain_demean	221116	1.3048588698438834e-06	0	0	221116	221116	0	0	True	True	True	True	4	0	0	0	0
sub-025	C1	S2	loss_demean	221116	4.8058086576929782e-06	0	0	221116	221116	0	0	True	True	True	True	4	0	0	0	0
sub-025	C2	S0	gain_demean	221116	2.1095873307785951e-05	0	0	221116	221116	0	0	True	True	True	True	4	0	0	0	0
sub-025	C2	S0	loss_demean	221116	7.9634184658061713e-05	0	0	221116	221116	0	0	True	True	True	True	4	0	0	0	0
sub-025	C2	S1	gain_demean	221116	2.58900990957045e-06	0	0	221116	221116	0	0	True	True	True	True	4	0	0	0	0
sub-025	C2	S1	loss_demean	221116	9.7191677923547104e-06	0	0	221116	221116	0	0	True	True	True	True	4	0	0	0	0
sub-025	C2	S2	gain_demean	221116	1.3192591268307297e-06	0	0	221116	221116	0	0	True	True	True	True	4	0	0	0	0
sub-025	C2	S2	loss_demean	221116	4.9055252020480111e-06	0	0	221116	221116	0	0	True	True	True	True	4	0	0	0	0
sub-026	C0	S0	gain_demean	221116	1.138093882161045e-30	2	0	221116	221116	0	0	True	True	True	True	4	5	0	3	2
sub-026	C0	S0	loss_demean	221116	1.2715338379567855e-30	2	0	221116	221116	0	0	True	True	True	True	4	5	0	3	2
sub-026	C0	S1	gain_demean	221116	1.4274994100560434e-05	0	0	221116	221116	0	0	True	True	True	True	4	0	0	0	0
sub-026	C0	S1	loss_demean	221116	1.4906140677339863e-05	0	0	221116	221116	0	0	True	True	True	True	4	0	0	0	0
sub-026	C0	S2	gain_demean	221116	1.1287380402791314e-05	0	0	221116	221116	0	0	True	True	True	True	4	0	0	0	0
sub-026	C0	S2	loss_demean	221116	1.1817010999948252e-05	0	0	221116	221116	0	0	True	True	True	True	4	0	0	0	0
sub-026	C1	S0	gain_demean	221116	7.2931196008067184e-31	2	1	221116	221116	0	0	True	True	True	True	4	5	0	3	2
sub-026	C1	S0	loss_demean	221116	8.0922874285748361e-31	2	1	221116	221116	0	0	True	True	True	True	4	5	0	3	2
sub-026	C1	S1	gain_demean	221116	1.3754636711382773e-05	0	0	221116	221116	0	0	True	True	True	True	4	0	0	0	0
sub-026	C1	S1	loss_demean	221116	1.4190355614118744e-05	0	0	221116	221116	0	0	True	True	True	True	4	0	0	0	0
sub-026	C1	S2	gain_demean	221116	8.3530067058745772e-06	0	0	221116	221116	0	0	True	True	True	True	4	0	0	0	0
sub-026	C1	S2	loss_demean	221116	8.6669533629901707e-06	0	0	221116	221116	0	0	True	True	True	True	4	0	0	0	0
sub-026	C2	S0	gain_demean	221116	5.0037597169870543e-31	2	1	221116	221116	0	0	True	True	True	True	4	5	0	3	2
sub-026	C2	S0	loss_demean	221116	5.5843551847677952e-31	2	1	221116	221116	0	0	True	True	True	True	4	5	0	3	2
sub-026	C2	S1	gain_demean	221116	1.1780066415667534e-05	0	0	221116	221116	0	0	True	True	True	True	4	0	0	0	0
sub-026	C2	S1	loss_demean	221116	1.2305604286666494e-05	0	0	221116	221116	0	0	True	True	True	True	4	0	0	0	0
sub-026	C2	S2	gain_demean	221116	5.9961366787320003e-06	0	0	221116	221116	0	0	True	True	True	True	4	0	0	0	0
sub-026	C2	S2	loss_demean	221116	6.3006905293150339e-06	0	0	221116	221116	0	0	True	True	True	True	4	0	0	0	0
sub-027	C0	S0	gain_demean	221116	1.396702601726129e-29	1	0	221116	221116	0	0	True	True	True	True	4	2	0	1	2
sub-027	C0	S0	loss_demean	221116	6.1521659383731737e-29	1	0	221116	221116	0	0	True	True	True	True	4	2	0	1	2
sub-027	C0	S1	gain_demean	221116	2.588396910141455e-06	0	0	221116	221116	0	0	True	True	True	True	4	0	0	0	0
sub-027	C0	S1	loss_demean	221116	1.0324001777917147e-05	0	0	221116	221116	0	0	True	True	True	True	4	0	0	0	0
sub-027	C0	S2	gain_demean	221116	1.4640223753303871e-06	0	0	221116	221116	0	0	True	True	True	True	4	0	0	0	0
sub-027	C0	S2	loss_demean	221116	5.7883448789652903e-06	0	0	221116	221116	0	0	True	True	True	True	4	0	0	0	0
sub-027	C1	S0	gain_demean	221116	1.5544634980245634e-29	1	0	221116	221116	0	0	True	True	True	True	4	2	0	1	2
sub-027	C1	S0	loss_demean	221116	6.8571225018607404e-29	1	0	221116	221116	0	0	True	True	True	True	4	2	0	1	2
sub-027	C1	S1	gain_demean	221116	2.5883477974275593e-06	0	0	221116	221116	0	0	True	True	True	True	4	0	0	0	0
sub-027	C1	S1	loss_demean	221116	1.0117767487827223e-05	0	0	221116	221116	0	0	True	True	True	True	4	0	0	0	0
sub-027	C1	S2	gain_demean	221116	1.5418055454574642e-06	0	0	221116	221116	0	0	True	True	True	True	4	0	0	0	0
sub-027	C1	S2	loss_demean	221116	6.0928123275516555e-06	0	0	221116	221116	0	0	True	True	True	True	4	0	0	0	0
sub-027	C2	S0	gain_demean	221116	4.8999955392557886e-31	1	1	221116	221116	0	0	True	True	True	True	4	2	0	1	2
sub-027	C2	S0	loss_demean	221116	2.1664744567010867e-30	1	0	221116	221116	0	0	True	True	True	True	4	2	0	1	2
sub-027	C2	S1	gain_demean	221116	2.5630472464399645e-06	0	0	221116	221116	0	0	True	True	True	True	4	0	0	0	0
sub-027	C2	S1	loss_demean	221116	1.0004921932704747e-05	0	0	221116	221116	0	0	True	True	True	True	4	0	0	0	0
sub-027	C2	S2	gain_demean	221116	1.535554133624828e-06	0	0	221116	221116	0	0	True	True	True	True	4	0	0	0	0
sub-027	C2	S2	loss_demean	221116	5.9976086959068198e-06	0	0	221116	221116	0	0	True	True	True	True	4	0	0	0	0
sub-029	C0	S0	gain_demean	221116	1.2097069963535351e-31	1	1	221116	221116	0	0	True	True	True	True	4	7	0	3	3
sub-029	C0	S0	loss_demean	221116	5.3295484465151916e-31	1	1	221116	221116	0	0	True	True	True	True	4	7	0	3	3
sub-029	C0	S1	gain_demean	221116	2.4044179554039147e-06	0	0	221116	221116	0	0	True	True	True	True	4	0	0	0	0
sub-029	C0	S1	loss_demean	221116	9.5022869572858326e-06	0	0	221116	221116	0	0	True	True	True	True	4	0	0	0	0
sub-029	C0	S2	gain_demean	221116	1.1291732562312973e-06	0	0	221116	221116	0	0	True	True	True	True	4	0	0	0	0
sub-029	C0	S2	loss_demean	221116	4.4787266233470291e-06	0	0	221116	221116	0	0	True	True	True	True	4	0	0	0	0
sub-029	C1	S0	gain_demean	221116	2.5531636207345914e-31	1	1	221116	221116	0	0	True	True	True	True	4	7	0	3	3
sub-029	C1	S0	loss_demean	221116	1.1427221325586505e-30	1	0	221116	221116	0	0	True	True	True	True	4	7	0	3	3
sub-029	C1	S1	gain_demean	221116	2.4957435016403906e-06	0	0	221116	221116	0	0	True	True	True	True	4	0	0	0	0
sub-029	C1	S1	loss_demean	221116	1.032380350807216e-05	0	0	221116	221116	0	0	True	True	True	True	4	0	0	0	0
sub-029	C1	S2	gain_demean	221116	1.0916625114987255e-06	0	0	221116	221116	0	0	True	True	True	True	4	0	0	0	0
sub-029	C1	S2	loss_demean	221116	4.4786102080252022e-06	0	0	221116	221116	0	0	True	True	True	True	4	0	0	0	0
sub-029	C2	S0	gain_demean	221116	3.2489770481021402e-31	1	1	221116	221116	0	0	True	True	True	True	4	7	0	3	3
sub-029	C2	S0	loss_demean	221116	1.4827161940989608e-30	1	0	221116	221116	0	0	True	True	True	True	4	7	0	3	3
sub-029	C2	S1	gain_demean	221116	2.2873418856761418e-06	0	0	221116	221116	0	0	True	True	True	True	4	0	0	0	0
sub-029	C2	S1	loss_demean	221116	9.4705146693740971e-06	0	0	221116	221116	0	0	True	True	True	True	4	0	0	0	0
sub-029	C2	S2	gain_demean	221116	8.9883133114199154e-07	0	0	221116	221116	0	0	True	True	True	True	4	0	0	0	0
sub-029	C2	S2	loss_demean	221116	3.7595264075207524e-06	0	0	221116	221116	0	0	True	True	True	True	4	0	0	0	0
sub-030	C0	S0	gain_demean	221116	0.00051149621140211821	0	0	221116	221116	0	0	True	True	True	True	4	0	0	0	0
sub-030	C0	S0	loss_demean	221116	0.00049500988097861409	0	0	221116	221116	0	0	True	True	True	True	4	0	0	0	0
sub-030	C0	S1	gain_demean	221116	7.0303140091709793e-05	0	0	221116	221116	0	0	True	True	True	True	4	0	0	0	0
sub-030	C0	S1	loss_demean	221116	6.8206951254978776e-05	0	0	221116	221116	0	0	True	True	True	True	4	0	0	0	0
sub-030	C0	S2	gain_demean	221116	5.1667131629073992e-05	0	0	221116	221116	0	0	True	True	True	True	4	0	0	0	0
sub-030	C0	S2	loss_demean	221116	5.0448459660401568e-05	0	0	221116	221116	0	0	True	True	True	True	4	0	0	0	0
sub-030	C1	S0	gain_demean	221116	0.00048530337517149746	0	0	221116	221116	0	0	True	True	True	True	4	0	0	0	0
sub-030	C1	S0	loss_demean	221116	0.00047231937060132623	0	0	221116	221116	0	0	True	True	True	True	4	0	0	0	0
sub-030	C1	S1	gain_demean	221116	5.4562740842811763e-05	0	0	221116	221116	0	0	True	True	True	True	4	0	0	0	0
sub-030	C1	S1	loss_demean	221116	5.3144449339015409e-05	0	0	221116	221116	0	0	True	True	True	True	4	0	0	0	0
sub-030	C1	S2	gain_demean	221116	4.4476437324192375e-05	0	0	221116	221116	0	0	True	True	True	True	4	0	0	0	0
sub-030	C1	S2	loss_demean	221116	4.2919200495816767e-05	0	0	221116	221116	0	0	True	True	True	True	4	0	0	0	0
sub-030	C2	S0	gain_demean	221116	0.00042867500451393425	0	0	221116	221116	0	0	True	True	True	True	4	0	0	0	0
sub-030	C2	S0	loss_demean	221116	0.00041702031739987433	0	0	221116	221116	0	0	True	True	True	True	4	0	0	0	0
sub-030	C2	S1	gain_demean	221116	4.2852512706303969e-05	0	0	221116	221116	0	0	True	True	True	True	4	0	0	0	0
sub-030	C2	S1	loss_demean	221116	4.1757877625059336e-05	0	0	221116	221116	0	0	True	True	True	True	4	0	0	0	0
sub-030	C2	S2	gain_demean	221116	2.6617757612257265e-05	0	0	221116	221116	0	0	True	True	True	True	4	0	0	0	0
sub-030	C2	S2	loss_demean	221116	2.6406585675431415e-05	0	0	221116	221116	0	0	True	True	True	True	4	0	0	0	0
sub-032	C0	S0	gain_demean	221116	0.000172281070263125	0	0	221116	221116	0	0	True	True	True	True	4	0	0	0	0
sub-032	C0	S0	loss_demean	221116	0.00018803875718731433	0	0	221116	221116	0	0	True	True	True	True	4	0	0	0	0
sub-032	C0	S1	gain_demean	221116	1.8457476471667178e-05	0	0	221116	221116	0	0	True	True	True	True	4	0	0	0	0
sub-032	C0	S1	loss_demean	221116	1.9866249203914776e-05	0	0	221116	221116	0	0	True	True	True	True	4	0	0	0	0
sub-032	C0	S2	gain_demean	221116	1.1667675607895944e-05	0	0	221116	221116	0	0	True	True	True	True	4	0	0	0	0
sub-032	C0	S2	loss_demean	221116	1.249381330126198e-05	0	0	221116	221116	0	0	True	True	True	True	4	0	0	0	0
sub-032	C1	S0	gain_demean	221116	0.00017319238395430148	0	0	221116	221116	0	0	True	True	True	True	4	0	0	0	0
sub-032	C1	S0	loss_demean	221116	0.00018615141743794084	0	0	221116	221116	0	0	True	True	True	True	4	0	0	0	0
sub-032	C1	S1	gain_demean	221116	1.6419411622337066e-05	0	0	221116	221116	0	0	True	True	True	True	4	0	0	0	0
sub-032	C1	S1	loss_demean	221116	1.7450212908443063e-05	0	0	221116	221116	0	0	True	True	True	True	4	0	0	0	0
sub-032	C1	S2	gain_demean	221116	1.0503733392397407e-05	0	0	221116	221116	0	0	True	True	True	True	4	0	0	0	0
sub-032	C1	S2	loss_demean	221116	1.0887916687352117e-05	0	0	221116	221116	0	0	True	True	True	True	4	0	0	0	0
sub-032	C2	S0	gain_demean	221116	0.00015293004980776459	0	0	221116	221116	0	0	True	True	True	True	4	0	0	0	0
sub-032	C2	S0	loss_demean	221116	0.00015922934107948095	0	0	221116	221116	0	0	True	True	True	True	4	0	0	0	0
sub-032	C2	S1	gain_demean	221116	1.3255270459922031e-05	0	0	221116	221116	0	0	True	True	True	True	4	0	0	0	0
sub-032	C2	S1	loss_demean	221116	1.3859729733667336e-05	0	0	221116	221116	0	0	True	True	True	True	4	0	0	0	0
sub-032	C2	S2	gain_demean	221116	7.8251687227748334e-06	0	0	221116	221116	0	0	True	True	True	True	4	0	0	0	0
sub-032	C2	S2	loss_demean	221116	8.0481049735681154e-06	0	0	221116	221116	0	0	True	True	True	True	4	0	0	0	0
sub-033	C0	S0	gain_demean	221116	1.5863601220189594e-05	0	0	221116	221116	0	0	True	True	True	True	4	0	0	0	0
sub-033	C0	S0	loss_demean	221116	6.2349114159587771e-05	0	0	221116	221116	0	0	True	True	True	True	4	0	0	0	0
sub-033	C0	S1	gain_demean	221116	2.5525164346618112e-06	0	0	221116	221116	0	0	True	True	True	True	4	0	0	0	0
sub-033	C0	S1	loss_demean	221116	1.0104567081725691e-05	0	0	221116	221116	0	0	True	True	True	True	4	0	0	0	0
sub-033	C0	S2	gain_demean	221116	1.182754658657359e-06	0	0	221116	221116	0	0	True	True	True	True	4	0	0	0	0
sub-033	C0	S2	loss_demean	221116	4.6272862164187245e-06	0	0	221116	221116	0	0	True	True	True	True	4	0	0	0	0
sub-033	C1	S0	gain_demean	221116	1.6476213204441592e-05	0	0	221116	221116	0	0	True	True	True	True	4	0	0	0	0
sub-033	C1	S0	loss_demean	221116	6.4540508901700377e-05	0	0	221116	221116	0	0	True	True	True	True	4	0	0	0	0
sub-033	C1	S1	gain_demean	221116	2.5859476409095805e-06	0	0	221116	221116	0	0	True	True	True	True	4	0	0	0	0
sub-033	C1	S1	loss_demean	221116	1.0237205970042851e-05	0	0	221116	221116	0	0	True	True	True	True	4	0	0	0	0
sub-033	C1	S2	gain_demean	221116	1.151621290773619e-06	0	0	221116	221116	0	0	True	True	True	True	4	0	0	0	0
sub-033	C1	S2	loss_demean	221116	4.5035162656859029e-06	0	0	221116	221116	0	0	True	True	True	True	4	0	0	0	0
sub-033	C2	S0	gain_demean	221116	1.5190774320217315e-05	0	0	221116	221116	0	0	True	True	True	True	4	0	0	0	0
sub-033	C2	S0	loss_demean	221116	5.9312103985575959e-05	0	0	221116	221116	0	0	True	True	True	True	4	0	0	0	0
sub-033	C2	S1	gain_demean	221116	2.3996128675207729e-06	0	0	221116	221116	0	0	True	True	True	True	4	0	0	0	0
sub-033	C2	S1	loss_demean	221116	9.4060260380501859e-06	0	0	221116	221116	0	0	True	True	True	True	4	0	0	0	0
sub-033	C2	S2	gain_demean	221116	1.0687383564800257e-06	0	0	221116	221116	0	0	True	True	True	True	4	0	0	0	0
sub-033	C2	S2	loss_demean	221116	4.1661241994006559e-06	0	0	221116	221116	0	0	True	True	True	True	4	0	0	0	0
sub-035	C0	S0	gain_demean	221116	1.8909488062490709e-05	0	0	221116	221116	0	0	True	True	True	True	4	1	0	1	1
sub-035	C0	S0	loss_demean	221116	7.8463803220074624e-05	0	0	221116	221116	0	0	True	True	True	True	4	1	0	1	1
sub-035	C0	S1	gain_demean	221116	2.5853464649117086e-06	0	0	221116	221116	0	0	True	True	True	True	4	0	0	0	0
sub-035	C0	S1	loss_demean	221116	1.0493730769667309e-05	0	0	221116	221116	0	0	True	True	True	True	4	0	0	0	0
sub-035	C0	S2	gain_demean	221116	1.2988639355171472e-06	0	0	221116	221116	0	0	True	True	True	True	4	0	0	0	0
sub-035	C0	S2	loss_demean	221116	5.3183707677817438e-06	0	0	221116	221116	0	0	True	True	True	True	4	0	0	0	0
sub-035	C1	S0	gain_demean	221116	1.804032945074141e-05	0	0	221116	221116	0	0	True	True	True	True	4	1	0	1	1
sub-035	C1	S0	loss_demean	221116	7.4855954153463244e-05	0	0	221116	221116	0	0	True	True	True	True	4	1	0	1	1
sub-035	C1	S1	gain_demean	221116	2.6352477107138839e-06	0	0	221116	221116	0	0	True	True	True	True	4	0	0	0	0
sub-035	C1	S1	loss_demean	221116	1.0708245099522173e-05	0	0	221116	221116	0	0	True	True	True	True	4	0	0	0	0
sub-035	C1	S2	gain_demean	221116	1.1199533673789119e-06	0	0	221116	221116	0	0	True	True	True	True	4	0	0	0	0
sub-035	C1	S2	loss_demean	221116	4.603632987709716e-06	0	0	221116	221116	0	0	True	True	True	True	4	0	0	0	0
sub-035	C2	S0	gain_demean	221116	1.8375285435467958e-05	0	0	221116	221116	0	0	True	True	True	True	4	1	0	1	1
sub-035	C2	S0	loss_demean	221116	7.6837590313516557e-05	0	0	221116	221116	0	0	True	True	True	True	4	1	0	1	1
sub-035	C2	S1	gain_demean	221116	2.7320691060594982e-06	0	0	221116	221116	0	0	True	True	True	True	4	0	0	0	0
sub-035	C2	S1	loss_demean	221116	1.1341080607962795e-05	0	0	221116	221116	0	0	True	True	True	True	4	0	0	0	0
sub-035	C2	S2	gain_demean	221116	1.0726156460805214e-06	0	0	221116	221116	0	0	True	True	True	True	4	0	0	0	0
sub-035	C2	S2	loss_demean	221116	4.4614785110752564e-06	0	0	221116	221116	0	0	True	True	True	True	4	0	0	0	0
sub-036	C0	S0	gain_demean	221116	7.9858025691685923e-32	2	1	221116	221116	0	0	True	True	True	True	4	3	0	2	2
sub-036	C0	S0	loss_demean	221116	7.5880458437034516e-32	2	1	221116	221116	0	0	True	True	True	True	4	3	0	2	2
sub-036	C0	S1	gain_demean	221116	1.354396044916939e-05	0	0	221116	221116	0	0	True	True	True	True	4	0	0	0	0
sub-036	C0	S1	loss_demean	221116	1.2283073374419473e-05	0	0	221116	221116	0	0	True	True	True	True	4	0	0	0	0
sub-036	C0	S2	gain_demean	221116	7.8935136116342619e-06	0	0	221116	221116	0	0	True	True	True	True	4	0	0	0	0
sub-036	C0	S2	loss_demean	221116	7.1897375164553523e-06	0	0	221116	221116	0	0	True	True	True	True	4	0	0	0	0
sub-036	C1	S0	gain_demean	221116	3.7492291226962689e-31	2	1	221116	221116	0	0	True	True	True	True	4	3	0	2	2
sub-036	C1	S0	loss_demean	221116	3.5729174303130445e-31	2	1	221116	221116	0	0	True	True	True	True	4	3	0	2	2
sub-036	C1	S1	gain_demean	221116	1.3250487427285407e-05	0	0	221116	221116	0	0	True	True	True	True	4	0	0	0	0
sub-036	C1	S1	loss_demean	221116	1.2259105460543651e-05	0	0	221116	221116	0	0	True	True	True	True	4	0	0	0	0
sub-036	C1	S2	gain_demean	221116	7.165266197262099e-06	0	0	221116	221116	0	0	True	True	True	True	4	0	0	0	0
sub-036	C1	S2	loss_demean	221116	6.6367897488817107e-06	0	0	221116	221116	0	0	True	True	True	True	4	0	0	0	0
sub-036	C2	S0	gain_demean	221116	2.9807609755919664e-31	2	2	221116	221116	0	0	True	True	True	True	4	3	0	2	2
sub-036	C2	S0	loss_demean	221116	2.8509045848543686e-31	2	2	221116	221116	0	0	True	True	True	True	4	3	0	2	2
sub-036	C2	S1	gain_demean	221116	1.2829757906729355e-05	0	0	221116	221116	0	0	True	True	True	True	4	0	0	0	0
sub-036	C2	S1	loss_demean	221116	1.2072619938408025e-05	0	0	221116	221116	0	0	True	True	True	True	4	0	0	0	0
sub-036	C2	S2	gain_demean	221116	6.4491678131162189e-06	0	0	221116	221116	0	0	True	True	True	True	4	0	0	0	0
sub-036	C2	S2	loss_demean	221116	6.1331870711001102e-06	0	0	221116	221116	0	0	True	True	True	True	4	0	0	0	0
sub-037	C0	S0	gain_demean	221116	1.8741792287702509e-30	3386	0	221116	221116	0	0	True	True	True	True	4	3494	0	3491	2
sub-037	C0	S0	loss_demean	221116	8.6168031641829319e-30	3386	0	221116	221116	0	0	True	True	True	True	4	3494	0	3491	2
sub-037	C0	S1	gain_demean	221116	1.8742610431770682e-30	16	0	221116	221116	0	0	True	True	True	True	4	661	0	661	1
sub-037	C0	S1	loss_demean	221116	8.6171793223751951e-30	16	0	221116	221116	0	0	True	True	True	True	4	661	0	661	1
sub-037	C0	S2	gain_demean	221116	1.0196656603511656e-06	0	0	221116	221116	0	0	True	True	True	True	4	126	0	126	1
sub-037	C0	S2	loss_demean	221116	4.1754901758395135e-06	0	0	221116	221116	0	0	True	True	True	True	4	126	0	126	1
sub-037	C1	S0	gain_demean	221116	1.1203997534452925e-31	3386	3386	221116	221116	0	0	True	True	True	True	4	3494	0	3491	2
sub-037	C1	S0	loss_demean	221116	5.1955232826118376e-31	3386	3386	221116	221116	0	0	True	True	True	True	4	3494	0	3491	2
sub-037	C1	S1	gain_demean	221116	1.2023629778473378e-31	16	16	221116	221116	0	0	True	True	True	True	4	661	0	661	1
sub-037	C1	S1	loss_demean	221116	5.5756033942270531e-31	16	16	221116	221116	0	0	True	True	True	True	4	661	0	661	1
sub-037	C1	S2	gain_demean	221116	1.0291672651874251e-06	0	0	221116	221116	0	0	True	True	True	True	4	126	0	126	1
sub-037	C1	S2	loss_demean	221116	4.3453910620883107e-06	0	0	221116	221116	0	0	True	True	True	True	4	126	0	126	1
sub-037	C2	S0	gain_demean	221116	4.5918188889377164e-32	3386	3386	221116	221116	0	0	True	True	True	True	4	3494	0	3491	2
sub-037	C2	S0	loss_demean	221116	2.1273433782367896e-31	3386	1744	221116	221116	0	0	True	True	True	True	4	3494	0	3491	2
sub-037	C2	S1	gain_demean	221116	4.8449178102227279e-32	16	16	221116	221116	0	0	True	True	True	True	4	661	0	661	1
sub-037	C2	S1	loss_demean	221116	2.2446015258188845e-31	16	14	221116	221116	0	0	True	True	True	True	4	661	0	661	1
sub-037	C2	S2	gain_demean	221116	1.0459389159223065e-06	0	0	221116	221116	0	0	True	True	True	True	4	126	0	126	1
sub-037	C2	S2	loss_demean	221116	4.6874715735611971e-06	0	0	221116	221116	0	0	True	True	True	True	4	126	0	126	1
sub-038	C0	S0	gain_demean	221116	1.9074549347742321e-31	1	1	221116	221116	0	0	True	True	True	True	4	3	0	1	3
sub-038	C0	S0	loss_demean	221116	2.2685287133298722e-31	1	1	221116	221116	0	0	True	True	True	True	4	3	0	1	3
sub-038	C0	S1	gain_demean	221116	8.0371864896733314e-06	0	0	221116	221116	0	0	True	True	True	True	4	0	0	0	0
sub-038	C0	S1	loss_demean	221116	8.2388241935404949e-06	0	0	221116	221116	0	0	True	True	True	True	4	0	0	0	0
sub-038	C0	S2	gain_demean	221116	4.9479303925181739e-06	0	0	221116	221116	0	0	True	True	True	True	4	0	0	0	0
sub-038	C0	S2	loss_demean	221116	5.0616063163033687e-06	0	0	221116	221116	0	0	True	True	True	True	4	0	0	0	0
sub-038	C1	S0	gain_demean	221116	1.4935282782903665e-29	1	0	221116	221116	0	0	True	True	True	True	4	3	0	1	3
sub-038	C1	S0	loss_demean	221116	1.7476070375934833e-29	1	0	221116	221116	0	0	True	True	True	True	4	3	0	1	3
sub-038	C1	S1	gain_demean	221116	8.2377127910149284e-06	0	0	221116	221116	0	0	True	True	True	True	4	0	0	0	0
sub-038	C1	S1	loss_demean	221116	8.5642814156017266e-06	0	0	221116	221116	0	0	True	True	True	True	4	0	0	0	0
sub-038	C1	S2	gain_demean	221116	4.9555596888239961e-06	0	0	221116	221116	0	0	True	True	True	True	4	0	0	0	0
sub-038	C1	S2	loss_demean	221116	5.1454435379127972e-06	0	0	221116	221116	0	0	True	True	True	True	4	0	0	0	0
sub-038	C2	S0	gain_demean	221116	4.3637796851959923e-31	1	1	221116	221116	0	0	True	True	True	True	4	3	0	1	3
sub-038	C2	S0	loss_demean	221116	5.1219218197249316e-31	1	1	221116	221116	0	0	True	True	True	True	4	3	0	1	3
sub-038	C2	S1	gain_demean	221116	7.2650991569389589e-06	0	0	221116	221116	0	0	True	True	True	True	4	0	0	0	0
sub-038	C2	S1	loss_demean	221116	7.5321595431887545e-06	0	0	221116	221116	0	0	True	True	True	True	4	0	0	0	0
sub-038	C2	S2	gain_demean	221116	4.1753210098249838e-06	0	0	221116	221116	0	0	True	True	True	True	4	0	0	0	0
sub-038	C2	S2	loss_demean	221116	4.3393529267632402e-06	0	0	221116	221116	0	0	True	True	True	True	4	0	0	0	0
sub-039	C0	S0	gain_demean	221116	1.8865082893171348e-05	0	0	221116	221116	0	0	True	True	True	True	4	2	0	2	1
sub-039	C0	S0	loss_demean	221116	8.0933365097735077e-05	0	0	221116	221116	0	0	True	True	True	True	4	2	0	2	1
sub-039	C0	S1	gain_demean	221116	2.0573650090227602e-06	0	0	221116	221116	0	0	True	True	True	True	4	0	0	0	0
sub-039	C0	S1	loss_demean	221116	8.8243223217432387e-06	0	0	221116	221116	0	0	True	True	True	True	4	0	0	0	0
sub-039	C0	S2	gain_demean	221116	1.1364073770891991e-06	0	0	221116	221116	0	0	True	True	True	True	4	0	0	0	0
sub-039	C0	S2	loss_demean	221116	4.8729157242632937e-06	0	0	221116	221116	0	0	True	True	True	True	4	0	0	0	0
sub-039	C1	S0	gain_demean	221116	1.8363432900514454e-05	0	0	221116	221116	0	0	True	True	True	True	4	2	0	2	1
sub-039	C1	S0	loss_demean	221116	7.8482851677108556e-05	0	0	221116	221116	0	0	True	True	True	True	4	2	0	2	1
sub-039	C1	S1	gain_demean	221116	2.0245922769390745e-06	0	0	221116	221116	0	0	True	True	True	True	4	0	0	0	0
sub-039	C1	S1	loss_demean	221116	8.6503760030609556e-06	0	0	221116	221116	0	0	True	True	True	True	4	0	0	0	0
sub-039	C1	S2	gain_demean	221116	1.121239733947732e-06	0	0	221116	221116	0	0	True	True	True	True	4	0	0	0	0
sub-039	C1	S2	loss_demean	221116	4.7984681259549689e-06	0	0	221116	221116	0	0	True	True	True	True	4	0	0	0	0
sub-039	C2	S0	gain_demean	221116	1.7917009245138615e-05	0	0	221116	221116	0	0	True	True	True	True	4	2	0	2	1
sub-039	C2	S0	loss_demean	221116	7.6234304287936538e-05	0	0	221116	221116	0	0	True	True	True	True	4	2	0	2	1
sub-039	C2	S1	gain_demean	221116	2.0331535779405385e-06	0	0	221116	221116	0	0	True	True	True	True	4	0	0	0	0
sub-039	C2	S1	loss_demean	221116	8.6490717876586132e-06	0	0	221116	221116	0	0	True	True	True	True	4	0	0	0	0
sub-039	C2	S2	gain_demean	221116	1.0671407153495238e-06	0	0	221116	221116	0	0	True	True	True	True	4	0	0	0	0
sub-039	C2	S2	loss_demean	221116	4.5333135858527385e-06	0	0	221116	221116	0	0	True	True	True	True	4	0	0	0	0
sub-040	C0	S0	gain_demean	221116	7.3946706834249198e-05	0	0	221116	221116	0	0	True	True	True	True	4	0	0	0	0
sub-040	C0	S0	loss_demean	221116	6.596712046302855e-05	0	0	221116	221116	0	0	True	True	True	True	4	0	0	0	0
sub-040	C0	S1	gain_demean	221116	9.8144864750793204e-06	0	0	221116	221116	0	0	True	True	True	True	4	0	0	0	0
sub-040	C0	S1	loss_demean	221116	8.704630090505816e-06	0	0	221116	221116	0	0	True	True	True	True	4	0	0	0	0
sub-040	C0	S2	gain_demean	221116	7.791297321091406e-06	0	0	221116	221116	0	0	True	True	True	True	4	0	0	0	0
sub-040	C0	S2	loss_demean	221116	6.956721335882321e-06	0	0	221116	221116	0	0	True	True	True	True	4	0	0	0	0
sub-040	C1	S0	gain_demean	221116	7.4792798841372132e-05	0	0	221116	221116	0	0	True	True	True	True	4	0	0	0	0
sub-040	C1	S0	loss_demean	221116	6.7944834881927818e-05	0	0	221116	221116	0	0	True	True	True	True	4	0	0	0	0
sub-040	C1	S1	gain_demean	221116	1.0409260539745446e-05	0	0	221116	221116	0	0	True	True	True	True	4	0	0	0	0
sub-040	C1	S1	loss_demean	221116	9.2760437837569043e-06	0	0	221116	221116	0	0	True	True	True	True	4	0	0	0	0
sub-040	C1	S2	gain_demean	221116	7.9486917456961237e-06	0	0	221116	221116	0	0	True	True	True	True	4	0	0	0	0
sub-040	C1	S2	loss_demean	221116	7.1249082793656271e-06	0	0	221116	221116	0	0	True	True	True	True	4	0	0	0	0
sub-040	C2	S0	gain_demean	221116	7.4335534009151161e-05	0	0	221116	221116	0	0	True	True	True	True	4	0	0	0	0
sub-040	C2	S0	loss_demean	221116	6.9181944127194583e-05	0	0	221116	221116	0	0	True	True	True	True	4	0	0	0	0
sub-040	C2	S1	gain_demean	221116	9.9712742667179555e-06	0	0	221116	221116	0	0	True	True	True	True	4	0	0	0	0
sub-040	C2	S1	loss_demean	221116	9.2208911155466922e-06	0	0	221116	221116	0	0	True	True	True	True	4	0	0	0	0
sub-040	C2	S2	gain_demean	221116	4.9369255066267215e-06	0	0	221116	221116	0	0	True	True	True	True	4	0	0	0	0
sub-040	C2	S2	loss_demean	221116	4.5905671868240461e-06	0	0	221116	221116	0	0	True	True	True	True	4	0	0	0	0
sub-041	C0	S0	gain_demean	221116	2.4041839352495114e-32	4	4	221116	221116	0	0	True	True	True	True	4	9	1	5	4
sub-041	C0	S0	loss_demean	221116	8.6648574437742081e-32	4	4	221116	221116	0	0	True	True	True	True	4	9	1	5	4
sub-041	C0	S1	gain_demean	221116	2.675742734936648e-06	0	0	221116	221116	0	0	True	True	True	True	4	0	0	0	0
sub-041	C0	S1	loss_demean	221116	9.5571331257815473e-06	0	0	221116	221116	0	0	True	True	True	True	4	0	0	0	0
sub-041	C0	S2	gain_demean	221116	1.337373987553292e-06	0	0	221116	221116	0	0	True	True	True	True	4	0	0	0	0
sub-041	C0	S2	loss_demean	221116	4.7711027946206741e-06	0	0	221116	221116	0	0	True	True	True	True	4	0	0	0	0
sub-041	C1	S0	gain_demean	221116	2.4912740782626681e-30	4	0	221116	221116	0	0	True	True	True	True	4	9	1	5	4
sub-041	C1	S0	loss_demean	221116	9.3880395534636469e-30	4	0	221116	221116	0	0	True	True	True	True	4	9	1	5	4
sub-041	C1	S1	gain_demean	221116	2.8094150366086978e-06	0	0	221116	221116	0	0	True	True	True	True	4	0	0	0	0
sub-041	C1	S1	loss_demean	221116	9.9080925792804919e-06	0	0	221116	221116	0	0	True	True	True	True	4	0	0	0	0
sub-041	C1	S2	gain_demean	221116	1.3393882909440435e-06	0	0	221116	221116	0	0	True	True	True	True	4	0	0	0	0
sub-041	C1	S2	loss_demean	221116	4.7155986067082267e-06	0	0	221116	221116	0	0	True	True	True	True	4	0	0	0	0
sub-041	C2	S0	gain_demean	221116	4.1350020946777992e-32	4	4	221116	221116	0	0	True	True	True	True	4	9	1	5	4
sub-041	C2	S0	loss_demean	221116	1.533385125774771e-31	4	4	221116	221116	0	0	True	True	True	True	4	9	1	5	4
sub-041	C2	S1	gain_demean	221116	2.7540352220967179e-06	0	0	221116	221116	0	0	True	True	True	True	4	0	0	0	0
sub-041	C2	S1	loss_demean	221116	9.7457177616888657e-06	0	0	221116	221116	0	0	True	True	True	True	4	0	0	0	0
sub-041	C2	S2	gain_demean	221116	1.2136214309066418e-06	0	0	221116	221116	0	0	True	True	True	True	4	0	0	0	0
sub-041	C2	S2	loss_demean	221116	4.2755827962537296e-06	0	0	221116	221116	0	0	True	True	True	True	4	0	0	0	0
sub-043	C0	S0	gain_demean	221116	1.9645642169052735e-05	0	0	221116	221116	0	0	True	True	True	True	4	4	0	2	3
sub-043	C0	S0	loss_demean	221116	7.6160860771778971e-05	0	0	221116	221116	0	0	True	True	True	True	4	4	0	2	3
sub-043	C0	S1	gain_demean	221116	2.7193223104404751e-06	0	0	221116	221116	0	0	True	True	True	True	4	0	0	0	0
sub-043	C0	S1	loss_demean	221116	1.0507702427275945e-05	0	0	221116	221116	0	0	True	True	True	True	4	0	0	0	0
sub-043	C0	S2	gain_demean	221116	1.3638356222145376e-06	0	0	221116	221116	0	0	True	True	True	True	4	0	0	0	0
sub-043	C0	S2	loss_demean	221116	5.2059335757803638e-06	0	0	221116	221116	0	0	True	True	True	True	4	0	0	0	0
sub-043	C1	S0	gain_demean	221116	1.924768730532378e-05	0	0	221116	221116	0	0	True	True	True	True	4	4	0	2	3
sub-043	C1	S0	loss_demean	221116	7.3580034950282425e-05	0	0	221116	221116	0	0	True	True	True	True	4	4	0	2	3
sub-043	C1	S1	gain_demean	221116	2.630368726386223e-06	0	0	221116	221116	0	0	True	True	True	True	4	0	0	0	0
sub-043	C1	S1	loss_demean	221116	9.9378021332086064e-06	0	0	221116	221116	0	0	True	True	True	True	4	0	0	0	0
sub-043	C1	S2	gain_demean	221116	1.2437405985110672e-06	0	0	221116	221116	0	0	True	True	True	True	4	0	0	0	0
sub-043	C1	S2	loss_demean	221116	4.6761501835135277e-06	0	0	221116	221116	0	0	True	True	True	True	4	0	0	0	0
sub-043	C2	S0	gain_demean	221116	1.7403015590389259e-05	0	0	221116	221116	0	0	True	True	True	True	4	4	0	2	3
sub-043	C2	S0	loss_demean	221116	6.3821469666436315e-05	0	0	221116	221116	0	0	True	True	True	True	4	4	0	2	3
sub-043	C2	S1	gain_demean	221116	2.5727001684572315e-06	0	0	221116	221116	0	0	True	True	True	True	4	0	0	0	0
sub-043	C2	S1	loss_demean	221116	9.4092392828315496e-06	0	0	221116	221116	0	0	True	True	True	True	4	0	0	0	0
sub-043	C2	S2	gain_demean	221116	1.1079762316512642e-06	0	0	221116	221116	0	0	True	True	True	True	4	0	0	0	0
sub-043	C2	S2	loss_demean	221116	4.0139661905413959e-06	0	0	221116	221116	0	0	True	True	True	True	4	0	0	0	0
sub-044	C0	S0	gain_demean	221116	6.3787185354158282e-05	0	0	221116	221116	0	0	True	True	True	True	4	0	0	0	0
sub-044	C0	S0	loss_demean	221116	6.2119579524733126e-05	0	0	221116	221116	0	0	True	True	True	True	4	0	0	0	0
sub-044	C0	S1	gain_demean	221116	8.6450527305714786e-06	0	0	221116	221116	0	0	True	True	True	True	4	0	0	0	0
sub-044	C0	S1	loss_demean	221116	8.4033845269004814e-06	0	0	221116	221116	0	0	True	True	True	True	4	0	0	0	0
sub-044	C0	S2	gain_demean	221116	4.9073073569161352e-06	0	0	221116	221116	0	0	True	True	True	True	4	0	0	0	0
sub-044	C0	S2	loss_demean	221116	4.7541871026623994e-06	0	0	221116	221116	0	0	True	True	True	True	4	0	0	0	0
sub-044	C1	S0	gain_demean	221116	6.5422085754107684e-05	0	0	221116	221116	0	0	True	True	True	True	4	0	0	0	0
sub-044	C1	S0	loss_demean	221116	6.3224302721209824e-05	0	0	221116	221116	0	0	True	True	True	True	4	0	0	0	0
sub-044	C1	S1	gain_demean	221116	8.8188644440378994e-06	0	0	221116	221116	0	0	True	True	True	True	4	0	0	0	0
sub-044	C1	S1	loss_demean	221116	8.4955518104834482e-06	0	0	221116	221116	0	0	True	True	True	True	4	0	0	0	0
sub-044	C1	S2	gain_demean	221116	4.8446813707414549e-06	0	0	221116	221116	0	0	True	True	True	True	4	0	0	0	0
sub-044	C1	S2	loss_demean	221116	4.6566383389290422e-06	0	0	221116	221116	0	0	True	True	True	True	4	0	0	0	0
sub-044	C2	S0	gain_demean	221116	6.42106679151766e-05	0	0	221116	221116	0	0	True	True	True	True	4	0	0	0	0
sub-044	C2	S0	loss_demean	221116	6.2681887357030064e-05	0	0	221116	221116	0	0	True	True	True	True	4	0	0	0	0
sub-044	C2	S1	gain_demean	221116	8.4546709331334569e-06	0	0	221116	221116	0	0	True	True	True	True	4	0	0	0	0
sub-044	C2	S1	loss_demean	221116	8.2750320871127769e-06	0	0	221116	221116	0	0	True	True	True	True	4	0	0	0	0
sub-044	C2	S2	gain_demean	221116	4.5467168092727661e-06	0	0	221116	221116	0	0	True	True	True	True	4	0	0	0	0
sub-044	C2	S2	loss_demean	221116	4.4011549107381143e-06	0	0	221116	221116	0	0	True	True	True	True	4	0	0	0	0
sub-045	C0	S0	gain_demean	221116	3.1503045829261788e-32	3	1	221116	221116	0	0	True	True	True	True	4	6	0	3	3
sub-045	C0	S0	loss_demean	221116	1.130157179403163e-31	3	1	221116	221116	0	0	True	True	True	True	4	6	0	3	3
sub-045	C0	S1	gain_demean	221116	1.9211793187423609e-06	0	0	221116	221116	0	0	True	True	True	True	4	0	0	0	0
sub-045	C0	S1	loss_demean	221116	8.675483513798099e-06	0	0	221116	221116	0	0	True	True	True	True	4	0	0	0	0
sub-045	C0	S2	gain_demean	221116	1.0676518513719202e-06	0	0	221116	221116	0	0	True	True	True	True	4	0	0	0	0
sub-045	C0	S2	loss_demean	221116	4.7004664338601287e-06	0	0	221116	221116	0	0	True	True	True	True	4	0	0	0	0
sub-045	C1	S0	gain_demean	221116	2.3759768903566149e-31	3	2	221116	221116	0	0	True	True	True	True	4	6	0	3	3
sub-045	C1	S0	loss_demean	221116	8.3403092134344935e-31	3	1	221116	221116	0	0	True	True	True	True	4	6	0	3	3
sub-045	C1	S1	gain_demean	221116	2.0278891952330014e-06	0	0	221116	221116	0	0	True	True	True	True	4	0	0	0	0
sub-045	C1	S1	loss_demean	221116	8.9256964201922528e-06	0	0	221116	221116	0	0	True	True	True	True	4	0	0	0	0
sub-045	C1	S2	gain_demean	221116	1.0765011211333331e-06	0	0	221116	221116	0	0	True	True	True	True	4	0	0	0	0
sub-045	C1	S2	loss_demean	221116	4.7028793233039323e-06	0	0	221116	221116	0	0	True	True	True	True	4	0	0	0	0
sub-045	C2	S0	gain_demean	221116	6.8900190780227396e-33	3	3	221116	221116	0	0	True	True	True	True	4	6	0	3	3
sub-045	C2	S0	loss_demean	221116	2.463991471514617e-32	3	1	221116	221116	0	0	True	True	True	True	4	6	0	3	3
sub-045	C2	S1	gain_demean	221116	2.0634574866562616e-06	0	0	221116	221116	0	0	True	True	True	True	4	0	0	0	0
sub-045	C2	S1	loss_demean	221116	9.0421672211959958e-06	0	0	221116	221116	0	0	True	True	True	True	4	0	0	0	0
sub-045	C2	S2	gain_demean	221116	1.0888850283663487e-06	0	0	221116	221116	0	0	True	True	True	True	4	0	0	0	0
sub-045	C2	S2	loss_demean	221116	4.767859081766801e-06	0	0	221116	221116	0	0	True	True	True	True	4	0	0	0	0
sub-046	C0	S0	gain_demean	221116	2.6420401625126927e-31	1	1	221116	221116	0	0	True	True	True	True	4	1	0	1	1
sub-046	C0	S0	loss_demean	221116	3.1445668186756626e-31	1	1	221116	221116	0	0	True	True	True	True	4	1	0	1	1
sub-046	C0	S1	gain_demean	221116	8.5969822976039723e-06	0	0	221116	221116	0	0	True	True	True	True	4	0	0	0	0
sub-046	C0	S1	loss_demean	221116	7.9434548752033152e-06	0	0	221116	221116	0	0	True	True	True	True	4	0	0	0	0
sub-046	C0	S2	gain_demean	221116	5.4800020734546706e-06	0	0	221116	221116	0	0	True	True	True	True	4	0	0	0	0
sub-046	C0	S2	loss_demean	221116	5.0779517550836317e-06	0	0	221116	221116	0	0	True	True	True	True	4	0	0	0	0
sub-046	C1	S0	gain_demean	221116	4.2516757982236089e-30	1	0	221116	221116	0	0	True	True	True	True	4	1	0	1	1
sub-046	C1	S0	loss_demean	221116	4.993842682406229e-30	1	0	221116	221116	0	0	True	True	True	True	4	1	0	1	1
sub-046	C1	S1	gain_demean	221116	8.5716474131913856e-06	0	0	221116	221116	0	0	True	True	True	True	4	0	0	0	0
sub-046	C1	S1	loss_demean	221116	7.7411050369846635e-06	0	0	221116	221116	0	0	True	True	True	True	4	0	0	0	0
sub-046	C1	S2	gain_demean	221116	5.1999586503370665e-06	0	0	221116	221116	0	0	True	True	True	True	4	0	0	0	0
sub-046	C1	S2	loss_demean	221116	4.725222424895037e-06	0	0	221116	221116	0	0	True	True	True	True	4	0	0	0	0
sub-046	C2	S0	gain_demean	221116	8.0647573508785782e-31	1	1	221116	221116	0	0	True	True	True	True	4	1	0	1	1
sub-046	C2	S0	loss_demean	221116	9.6100001583678339e-31	1	1	221116	221116	0	0	True	True	True	True	4	1	0	1	1
sub-046	C2	S1	gain_demean	221116	8.2818578448495828e-06	0	0	221116	221116	0	0	True	True	True	True	4	0	0	0	0
sub-046	C2	S1	loss_demean	221116	7.4637459874793421e-06	0	0	221116	221116	0	0	True	True	True	True	4	0	0	0	0
sub-046	C2	S2	gain_demean	221116	4.8555566536379047e-06	0	0	221116	221116	0	0	True	True	True	True	4	0	0	0	0
sub-046	C2	S2	loss_demean	221116	4.406935659062583e-06	0	0	221116	221116	0	0	True	True	True	True	4	0	0	0	0
sub-047	C0	S0	gain_demean	221116	6.4296096791531217e-32	1	1	221116	221116	0	0	True	True	True	True	4	2	0	2	1
sub-047	C0	S0	loss_demean	221116	3.1227529349085833e-31	1	1	221116	221116	0	0	True	True	True	True	4	2	0	2	1
sub-047	C0	S1	gain_demean	221116	2.0949839836248429e-06	0	0	221116	221116	0	0	True	True	True	True	4	0	0	0	0
sub-047	C0	S1	loss_demean	221116	8.4010143837076612e-06	0	0	221116	221116	0	0	True	True	True	True	4	0	0	0	0
sub-047	C0	S2	gain_demean	221116	9.7353256478527328e-07	0	0	221116	221116	0	0	True	True	True	True	4	0	0	0	0
sub-047	C0	S2	loss_demean	221116	3.909182851202786e-06	0	0	221116	221116	0	0	True	True	True	True	4	0	0	0	0
sub-047	C1	S0	gain_demean	221116	5.7135279079909547e-32	1	1	221116	221116	0	0	True	True	True	True	4	2	0	2	1
sub-047	C1	S0	loss_demean	221116	2.7862951835535127e-31	1	1	221116	221116	0	0	True	True	True	True	4	2	0	2	1
sub-047	C1	S1	gain_demean	221116	2.2229289697861532e-06	0	0	221116	221116	0	0	True	True	True	True	4	0	0	0	0
sub-047	C1	S1	loss_demean	221116	8.8233837232110091e-06	0	0	221116	221116	0	0	True	True	True	True	4	0	0	0	0
sub-047	C1	S2	gain_demean	221116	1.0291140597473714e-06	0	0	221116	221116	0	0	True	True	True	True	4	0	0	0	0
sub-047	C1	S2	loss_demean	221116	4.1174916987074539e-06	0	0	221116	221116	0	0	True	True	True	True	4	0	0	0	0
sub-047	C2	S0	gain_demean	221116	9.067350588627117e-31	1	1	221116	221116	0	0	True	True	True	True	4	2	0	2	1
sub-047	C2	S0	loss_demean	221116	4.4207209136684681e-30	1	0	221116	221116	0	0	True	True	True	True	4	2	0	2	1
sub-047	C2	S1	gain_demean	221116	2.2411904865293764e-06	0	0	221116	221116	0	0	True	True	True	True	4	0	0	0	0
sub-047	C2	S1	loss_demean	221116	8.8481065176893026e-06	0	0	221116	221116	0	0	True	True	True	True	4	0	0	0	0
sub-047	C2	S2	gain_demean	221116	1.0242039252261748e-06	0	0	221116	221116	0	0	True	True	True	True	4	0	0	0	0
sub-047	C2	S2	loss_demean	221116	4.1000230339705013e-06	0	0	221116	221116	0	0	True	True	True	True	4	0	0	0	0
sub-049	C0	S0	gain_demean	221116	1.5188575731286224e-32	5	5	221116	221116	0	0	True	True	True	True	4	14	1	6	4
sub-049	C0	S0	loss_demean	221116	6.5203907568784254e-32	5	5	221116	221116	0	0	True	True	True	True	4	14	1	6	4
sub-049	C0	S1	gain_demean	221116	2.2824578991276212e-06	0	0	221116	221116	0	0	True	True	True	True	4	0	0	0	0
sub-049	C0	S1	loss_demean	221116	9.005125320982188e-06	0	0	221116	221116	0	0	True	True	True	True	4	0	0	0	0
sub-049	C0	S2	gain_demean	221116	1.508358764112927e-06	0	0	221116	221116	0	0	True	True	True	True	4	0	0	0	0
sub-049	C0	S2	loss_demean	221116	5.9666817833203822e-06	0	0	221116	221116	0	0	True	True	True	True	4	0	0	0	0
sub-049	C1	S0	gain_demean	221116	2.8312874649301059e-32	5	5	221116	221116	0	0	True	True	True	True	4	14	1	6	4
sub-049	C1	S0	loss_demean	221116	1.2169147750644721e-31	5	5	221116	221116	0	0	True	True	True	True	4	14	1	6	4
sub-049	C1	S1	gain_demean	221116	2.2950066522753332e-06	0	0	221116	221116	0	0	True	True	True	True	4	0	0	0	0
sub-049	C1	S1	loss_demean	221116	9.2551435955101624e-06	0	0	221116	221116	0	0	True	True	True	True	4	0	0	0	0
sub-049	C1	S2	gain_demean	221116	1.5196831100183772e-06	0	0	221116	221116	0	0	True	True	True	True	4	0	0	0	0
sub-049	C1	S2	loss_demean	221116	6.0800907704106066e-06	0	0	221116	221116	0	0	True	True	True	True	4	0	0	0	0
sub-049	C2	S0	gain_demean	221116	3.56485912266457e-32	5	5	221116	221116	0	0	True	True	True	True	4	14	1	6	4
sub-049	C2	S0	loss_demean	221116	1.5049494472306395e-31	5	5	221116	221116	0	0	True	True	True	True	4	14	1	6	4
sub-049	C2	S1	gain_demean	221116	2.3496243102272274e-06	0	0	221116	221116	0	0	True	True	True	True	4	0	0	0	0
sub-049	C2	S1	loss_demean	221116	9.1707033789134584e-06	0	0	221116	221116	0	0	True	True	True	True	4	0	0	0	0
sub-049	C2	S2	gain_demean	221116	1.5336275964727974e-06	0	0	221116	221116	0	0	True	True	True	True	4	0	0	0	0
sub-049	C2	S2	loss_demean	221116	5.8898222050629556e-06	0	0	221116	221116	0	0	True	True	True	True	4	0	0	0	0
sub-050	C0	S0	gain_demean	221116	9.562302875565365e-05	0	0	221116	221116	0	0	True	True	True	True	4	4	0	3	2
sub-050	C0	S0	loss_demean	221116	0.00010125555127160624	0	0	221116	221116	0	0	True	True	True	True	4	4	0	3	2
sub-050	C0	S1	gain_demean	221116	9.2393293016357347e-06	0	0	221116	221116	0	0	True	True	True	True	4	0	0	0	0
sub-050	C0	S1	loss_demean	221116	9.7398378784419037e-06	0	0	221116	221116	0	0	True	True	True	True	4	0	0	0	0
sub-050	C0	S2	gain_demean	221116	4.5260753722686786e-06	0	0	221116	221116	0	0	True	True	True	True	4	0	0	0	0
sub-050	C0	S2	loss_demean	221116	4.7829585128056351e-06	0	0	221116	221116	0	0	True	True	True	True	4	0	0	0	0
sub-050	C1	S0	gain_demean	221116	9.0419787738937885e-05	0	0	221116	221116	0	0	True	True	True	True	4	4	0	3	2
sub-050	C1	S0	loss_demean	221116	9.8600583442021161e-05	0	0	221116	221116	0	0	True	True	True	True	4	4	0	3	2
sub-050	C1	S1	gain_demean	221116	9.5135637820931152e-06	0	0	221116	221116	0	0	True	True	True	True	4	0	0	0	0
sub-050	C1	S1	loss_demean	221116	1.0366070455347653e-05	0	0	221116	221116	0	0	True	True	True	True	4	0	0	0	0
sub-050	C1	S2	gain_demean	221116	4.3705372263502795e-06	0	0	221116	221116	0	0	True	True	True	True	4	0	0	0	0
sub-050	C1	S2	loss_demean	221116	4.7901480684231501e-06	0	0	221116	221116	0	0	True	True	True	True	4	0	0	0	0
sub-050	C2	S0	gain_demean	221116	9.2278722149785608e-05	0	0	221116	221116	0	0	True	True	True	True	4	4	0	3	2
sub-050	C2	S0	loss_demean	221116	0.00010073611338157207	0	0	221116	221116	0	0	True	True	True	True	4	4	0	3	2
sub-050	C2	S1	gain_demean	221116	9.6423691502423026e-06	0	0	221116	221116	0	0	True	True	True	True	4	0	0	0	0
sub-050	C2	S1	loss_demean	221116	1.044712098519085e-05	0	0	221116	221116	0	0	True	True	True	True	4	0	0	0	0
sub-050	C2	S2	gain_demean	221116	4.3667314457707107e-06	0	0	221116	221116	0	0	True	True	True	True	4	0	0	0	0
sub-050	C2	S2	loss_demean	221116	4.7167586672003381e-06	0	0	221116	221116	0	0	True	True	True	True	4	0	0	0	0
sub-051	C0	S0	gain_demean	221116	2.0895806301268749e-05	0	0	221116	221116	0	0	True	True	True	True	4	1	0	1	1
sub-051	C0	S0	loss_demean	221116	8.6374682723544538e-05	0	0	221116	221116	0	0	True	True	True	True	4	1	0	1	1
sub-051	C0	S1	gain_demean	221116	2.446264261379838e-06	0	0	221116	221116	0	0	True	True	True	True	4	0	0	0	0
sub-051	C0	S1	loss_demean	221116	1.0204462341789622e-05	0	0	221116	221116	0	0	True	True	True	True	4	0	0	0	0
sub-051	C0	S2	gain_demean	221116	1.9444494228082476e-06	0	0	221116	221116	0	0	True	True	True	True	4	0	0	0	0
sub-051	C0	S2	loss_demean	221116	8.066326699918136e-06	0	0	221116	221116	0	0	True	True	True	True	4	0	0	0	0
sub-051	C1	S0	gain_demean	221116	1.7747432139003649e-05	0	0	221116	221116	0	0	True	True	True	True	4	1	0	1	1
sub-051	C1	S0	loss_demean	221116	7.3615519795566797e-05	0	0	221116	221116	0	0	True	True	True	True	4	1	0	1	1
sub-051	C1	S1	gain_demean	221116	2.3339957806456368e-06	0	0	221116	221116	0	0	True	True	True	True	4	0	0	0	0
sub-051	C1	S1	loss_demean	221116	9.7458641903358512e-06	0	0	221116	221116	0	0	True	True	True	True	4	0	0	0	0
sub-051	C1	S2	gain_demean	221116	1.6717575590519118e-06	0	0	221116	221116	0	0	True	True	True	True	4	0	0	0	0
sub-051	C1	S2	loss_demean	221116	7.0617043093079701e-06	0	0	221116	221116	0	0	True	True	True	True	4	0	0	0	0
sub-051	C2	S0	gain_demean	221116	1.7832349840318784e-05	0	0	221116	221116	0	0	True	True	True	True	4	1	0	1	1
sub-051	C2	S0	loss_demean	221116	7.5057301728520542e-05	0	0	221116	221116	0	0	True	True	True	True	4	1	0	1	1
sub-051	C2	S1	gain_demean	221116	2.2045528567105066e-06	0	0	221116	221116	0	0	True	True	True	True	4	0	0	0	0
sub-051	C2	S1	loss_demean	221116	9.340214091935195e-06	0	0	221116	221116	0	0	True	True	True	True	4	0	0	0	0
sub-051	C2	S2	gain_demean	221116	1.4537955621563015e-06	0	0	221116	221116	0	0	True	True	True	True	4	0	0	0	0
sub-051	C2	S2	loss_demean	221116	6.205171303008683e-06	0	0	221116	221116	0	0	True	True	True	True	4	0	0	0	0
sub-052	C0	S0	gain_demean	221116	7.5429335993248969e-05	0	0	221116	221116	0	0	True	True	True	True	4	1	0	1	1
sub-052	C0	S0	loss_demean	221116	8.0676836660131812e-05	0	0	221116	221116	0	0	True	True	True	True	4	1	0	1	1
sub-052	C0	S1	gain_demean	221116	8.5218225649441592e-06	0	0	221116	221116	0	0	True	True	True	True	4	0	0	0	0
sub-052	C0	S1	loss_demean	221116	9.0545336206560023e-06	0	0	221116	221116	0	0	True	True	True	True	4	0	0	0	0
sub-052	C0	S2	gain_demean	221116	4.3427371565485373e-06	0	0	221116	221116	0	0	True	True	True	True	4	0	0	0	0
sub-052	C0	S2	loss_demean	221116	4.657552381104324e-06	0	0	221116	221116	0	0	True	True	True	True	4	0	0	0	0
sub-052	C1	S0	gain_demean	221116	7.6518408604897559e-05	0	0	221116	221116	0	0	True	True	True	True	4	1	0	1	1
sub-052	C1	S0	loss_demean	221116	8.3080762124154717e-05	0	0	221116	221116	0	0	True	True	True	True	4	1	0	1	1
sub-052	C1	S1	gain_demean	221116	8.2656997619778849e-06	0	0	221116	221116	0	0	True	True	True	True	4	0	0	0	0
sub-052	C1	S1	loss_demean	221116	8.9202594608650543e-06	0	0	221116	221116	0	0	True	True	True	True	4	0	0	0	0
sub-052	C1	S2	gain_demean	221116	4.0100740079651587e-06	0	0	221116	221116	0	0	True	True	True	True	4	0	0	0	0
sub-052	C1	S2	loss_demean	221116	4.3543832362047397e-06	0	0	221116	221116	0	0	True	True	True	True	4	0	0	0	0
sub-052	C2	S0	gain_demean	221116	7.624133286299184e-05	0	0	221116	221116	0	0	True	True	True	True	4	1	0	1	1
sub-052	C2	S0	loss_demean	221116	8.3430219092406332e-05	0	0	221116	221116	0	0	True	True	True	True	4	1	0	1	1
sub-052	C2	S1	gain_demean	221116	8.1331281762686558e-06	0	0	221116	221116	0	0	True	True	True	True	4	0	0	0	0
sub-052	C2	S1	loss_demean	221116	8.838415851641912e-06	0	0	221116	221116	0	0	True	True	True	True	4	0	0	0	0
sub-052	C2	S2	gain_demean	221116	3.9446144910471048e-06	0	0	221116	221116	0	0	True	True	True	True	4	0	0	0	0
sub-052	C2	S2	loss_demean	221116	4.3145332710992079e-06	0	0	221116	221116	0	0	True	True	True	True	4	0	0	0	0
sub-053	C0	S0	gain_demean	221116	1.2519436133432697e-30	2	0	221116	221116	0	0	True	True	True	True	4	6	0	3	3
sub-053	C0	S0	loss_demean	221116	5.3493618269762675e-30	2	0	221116	221116	0	0	True	True	True	True	4	6	0	3	3
sub-053	C0	S1	gain_demean	221116	2.5398696834599832e-06	0	0	221116	221116	0	0	True	True	True	True	4	0	0	0	0
sub-053	C0	S1	loss_demean	221116	1.0124063010152895e-05	0	0	221116	221116	0	0	True	True	True	True	4	0	0	0	0
sub-053	C0	S2	gain_demean	221116	1.2890039897683891e-06	0	0	221116	221116	0	0	True	True	True	True	4	0	0	0	0
sub-053	C0	S2	loss_demean	221116	5.1519314183678944e-06	0	0	221116	221116	0	0	True	True	True	True	4	0	0	0	0
sub-053	C1	S0	gain_demean	221116	1.1338967090517729e-30	2	0	221116	221116	0	0	True	True	True	True	4	6	0	3	3
sub-053	C1	S0	loss_demean	221116	4.8100442665026175e-30	2	0	221116	221116	0	0	True	True	True	True	4	6	0	3	3
sub-053	C1	S1	gain_demean	221116	2.6469376734894468e-06	0	0	221116	221116	0	0	True	True	True	True	4	0	0	0	0
sub-053	C1	S1	loss_demean	221116	1.0472450412635226e-05	0	0	221116	221116	0	0	True	True	True	True	4	0	0	0	0
sub-053	C1	S2	gain_demean	221116	1.2748470226142672e-06	0	0	221116	221116	0	0	True	True	True	True	4	0	0	0	0
sub-053	C1	S2	loss_demean	221116	5.1014849304920062e-06	0	0	221116	221116	0	0	True	True	True	True	4	0	0	0	0
sub-053	C2	S0	gain_demean	221116	3.8533789213493218e-32	2	2	221116	221116	0	0	True	True	True	True	4	6	0	3	3
sub-053	C2	S0	loss_demean	221116	1.6225459020869012e-31	2	2	221116	221116	0	0	True	True	True	True	4	6	0	3	3
sub-053	C2	S1	gain_demean	221116	2.1744097011833219e-06	0	0	221116	221116	0	0	True	True	True	True	4	0	0	0	0
sub-053	C2	S1	loss_demean	221116	8.5681704149465077e-06	0	0	221116	221116	0	0	True	True	True	True	4	0	0	0	0
sub-053	C2	S2	gain_demean	221116	1.0804869816638529e-06	0	0	221116	221116	0	0	True	True	True	True	4	0	0	0	0
sub-053	C2	S2	loss_demean	221116	4.2204128476441838e-06	0	0	221116	221116	0	0	True	True	True	True	4	0	0	0	0
sub-054	C0	S0	gain_demean	221116	6.3155154921657e-31	4	3	221116	221116	0	0	True	True	True	True	4	7	0	3	3
sub-054	C0	S0	loss_demean	221116	5.721522209972027e-31	4	3	221116	221116	0	0	True	True	True	True	4	7	0	3	3
sub-054	C0	S1	gain_demean	221116	1.0058433872472961e-05	0	0	221116	221116	0	0	True	True	True	True	4	0	0	0	0
sub-054	C0	S1	loss_demean	221116	1.0766133527795319e-05	0	0	221116	221116	0	0	True	True	True	True	4	0	0	0	0
sub-054	C0	S2	gain_demean	221116	4.7595431169611402e-06	0	0	221116	221116	0	0	True	True	True	True	4	0	0	0	0
sub-054	C0	S2	loss_demean	221116	5.0758221732394304e-06	0	0	221116	221116	0	0	True	True	True	True	4	0	0	0	0
sub-054	C1	S0	gain_demean	221116	1.2783437588497432e-31	4	1	221116	221116	0	0	True	True	True	True	4	7	0	3	3
sub-054	C1	S0	loss_demean	221116	1.5235683373521839e-31	4	1	221116	221116	0	0	True	True	True	True	4	7	0	3	3
sub-054	C1	S1	gain_demean	221116	9.7951715360977687e-06	0	0	221116	221116	0	0	True	True	True	True	4	0	0	0	0
sub-054	C1	S1	loss_demean	221116	1.0945308531518094e-05	0	0	221116	221116	0	0	True	True	True	True	4	0	0	0	0
sub-054	C1	S2	gain_demean	221116	4.8891215556068346e-06	0	0	221116	221116	0	0	True	True	True	True	4	0	0	0	0
sub-054	C1	S2	loss_demean	221116	5.4064271353126969e-06	0	0	221116	221116	0	0	True	True	True	True	4	0	0	0	0
sub-054	C2	S0	gain_demean	221116	2.2723523613542269e-31	4	4	221116	221116	0	0	True	True	True	True	4	7	0	3	3
sub-054	C2	S0	loss_demean	221116	1.7927942770591491e-31	4	4	221116	221116	0	0	True	True	True	True	4	7	0	3	3
sub-054	C2	S1	gain_demean	221116	8.7593134594499134e-06	0	0	221116	221116	0	0	True	True	True	True	4	0	0	0	0
sub-054	C2	S1	loss_demean	221116	9.8582686405279674e-06	0	0	221116	221116	0	0	True	True	True	True	4	0	0	0	0
sub-054	C2	S2	gain_demean	221116	4.1439875531068537e-06	0	0	221116	221116	0	0	True	True	True	True	4	0	0	0	0
sub-054	C2	S2	loss_demean	221116	4.6350519369298127e-06	0	0	221116	221116	0	0	True	True	True	True	4	0	0	0	0
sub-055	C0	S0	gain_demean	221116	5.8191025821213569e-32	1	1	221116	221116	0	0	True	True	True	True	4	2	0	1	2
sub-055	C0	S0	loss_demean	221116	2.1961434168983269e-31	1	1	221116	221116	0	0	True	True	True	True	4	2	0	1	2
sub-055	C0	S1	gain_demean	221116	3.5012394619116094e-06	0	0	221116	221116	0	0	True	True	True	True	4	0	0	0	0
sub-055	C0	S1	loss_demean	221116	1.4374808415595908e-05	0	0	221116	221116	0	0	True	True	True	True	4	0	0	0	0
sub-055	C0	S2	gain_demean	221116	1.6396517139583011e-06	0	0	221116	221116	0	0	True	True	True	True	4	0	0	0	0
sub-055	C0	S2	loss_demean	221116	6.7026835495198611e-06	0	0	221116	221116	0	0	True	True	True	True	4	0	0	0	0
sub-055	C1	S0	gain_demean	221116	1.7646946723499178e-31	1	1	221116	221116	0	0	True	True	True	True	4	2	0	1	2
sub-055	C1	S0	loss_demean	221116	6.0124293201338637e-31	1	1	221116	221116	0	0	True	True	True	True	4	2	0	1	2
sub-055	C1	S1	gain_demean	221116	3.1705576475360431e-06	0	0	221116	221116	0	0	True	True	True	True	4	0	0	0	0
sub-055	C1	S1	loss_demean	221116	1.250827972398838e-05	0	0	221116	221116	0	0	True	True	True	True	4	0	0	0	0
sub-055	C1	S2	gain_demean	221116	1.5538327033937094e-06	0	0	221116	221116	0	0	True	True	True	True	4	0	0	0	0
sub-055	C1	S2	loss_demean	221116	6.211507752595935e-06	0	0	221116	221116	0	0	True	True	True	True	4	0	0	0	0
sub-055	C2	S0	gain_demean	221116	1.4683711193183621e-31	1	1	221116	221116	0	0	True	True	True	True	4	2	0	1	2
sub-055	C2	S0	loss_demean	221116	5.7136652057311308e-31	1	1	221116	221116	0	0	True	True	True	True	4	2	0	1	2
sub-055	C2	S1	gain_demean	221116	3.1592735467711464e-06	0	0	221116	221116	0	0	True	True	True	True	4	0	0	0	0
sub-055	C2	S1	loss_demean	221116	1.2488251741160639e-05	0	0	221116	221116	0	0	True	True	True	True	4	0	0	0	0
sub-055	C2	S2	gain_demean	221116	1.5670865423089708e-06	0	0	221116	221116	0	0	True	True	True	True	4	0	0	0	0
sub-055	C2	S2	loss_demean	221116	6.2702033574169036e-06	0	0	221116	221116	0	0	True	True	True	True	4	0	0	0	0
sub-056	C0	S0	gain_demean	221116	8.0689103924669325e-05	0	0	221116	221116	0	0	True	True	True	True	4	0	0	0	0
sub-056	C0	S0	loss_demean	221116	7.3740287916734815e-05	0	0	221116	221116	0	0	True	True	True	True	4	0	0	0	0
sub-056	C0	S1	gain_demean	221116	9.3446715254685842e-06	0	0	221116	221116	0	0	True	True	True	True	4	0	0	0	0
sub-056	C0	S1	loss_demean	221116	8.5992051026551053e-06	0	0	221116	221116	0	0	True	True	True	True	4	0	0	0	0
sub-056	C0	S2	gain_demean	221116	5.6369099183939397e-06	0	0	221116	221116	0	0	True	True	True	True	4	0	0	0	0
sub-056	C0	S2	loss_demean	221116	5.1319657359272242e-06	0	0	221116	221116	0	0	True	True	True	True	4	0	0	0	0
sub-056	C1	S0	gain_demean	221116	8.3597798948176205e-05	0	0	221116	221116	0	0	True	True	True	True	4	0	0	0	0
sub-056	C1	S0	loss_demean	221116	7.4282135756220669e-05	0	0	221116	221116	0	0	True	True	True	True	4	0	0	0	0
sub-056	C1	S1	gain_demean	221116	9.4342285592574626e-06	0	0	221116	221116	0	0	True	True	True	True	4	0	0	0	0
sub-056	C1	S1	loss_demean	221116	8.4404191511566751e-06	0	0	221116	221116	0	0	True	True	True	True	4	0	0	0	0
sub-056	C1	S2	gain_demean	221116	5.8975256251869723e-06	0	0	221116	221116	0	0	True	True	True	True	4	0	0	0	0
sub-056	C1	S2	loss_demean	221116	5.2170630624459591e-06	0	0	221116	221116	0	0	True	True	True	True	4	0	0	0	0
sub-056	C2	S0	gain_demean	221116	8.3446779171936214e-05	0	0	221116	221116	0	0	True	True	True	True	4	0	0	0	0
sub-056	C2	S0	loss_demean	221116	7.4435913120396435e-05	0	0	221116	221116	0	0	True	True	True	True	4	0	0	0	0
sub-056	C2	S1	gain_demean	221116	9.3038370323483832e-06	0	0	221116	221116	0	0	True	True	True	True	4	0	0	0	0
sub-056	C2	S1	loss_demean	221116	8.3521053966251202e-06	0	0	221116	221116	0	0	True	True	True	True	4	0	0	0	0
sub-056	C2	S2	gain_demean	221116	5.8014484238810837e-06	0	0	221116	221116	0	0	True	True	True	True	4	0	0	0	0
sub-056	C2	S2	loss_demean	221116	5.2143113862257451e-06	0	0	221116	221116	0	0	True	True	True	True	4	0	0	0	0
sub-057	C0	S0	gain_demean	221116	1.8957887732540257e-05	0	0	221116	221116	0	0	True	True	True	True	4	0	0	0	0
sub-057	C0	S0	loss_demean	221116	8.0080775660462677e-05	0	0	221116	221116	0	0	True	True	True	True	4	0	0	0	0
sub-057	C0	S1	gain_demean	221116	2.9066238766972674e-06	0	0	221116	221116	0	0	True	True	True	True	4	0	0	0	0
sub-057	C0	S1	loss_demean	221116	1.2372559467621613e-05	0	0	221116	221116	0	0	True	True	True	True	4	0	0	0	0
sub-057	C0	S2	gain_demean	221116	1.7642900047576404e-06	0	0	221116	221116	0	0	True	True	True	True	4	0	0	0	0
sub-057	C0	S2	loss_demean	221116	7.5551447480393108e-06	0	0	221116	221116	0	0	True	True	True	True	4	0	0	0	0
sub-057	C1	S0	gain_demean	221116	1.8051854567602277e-05	0	0	221116	221116	0	0	True	True	True	True	4	0	0	0	0
sub-057	C1	S0	loss_demean	221116	7.499169441871345e-05	0	0	221116	221116	0	0	True	True	True	True	4	0	0	0	0
sub-057	C1	S1	gain_demean	221116	2.7878452328877756e-06	0	0	221116	221116	0	0	True	True	True	True	4	0	0	0	0
sub-057	C1	S1	loss_demean	221116	1.1866691238537896e-05	0	0	221116	221116	0	0	True	True	True	True	4	0	0	0	0
sub-057	C1	S2	gain_demean	221116	1.7434675783079001e-06	0	0	221116	221116	0	0	True	True	True	True	4	0	0	0	0
sub-057	C1	S2	loss_demean	221116	7.4700265031424351e-06	0	0	221116	221116	0	0	True	True	True	True	4	0	0	0	0
sub-057	C2	S0	gain_demean	221116	1.70635394169949e-05	0	0	221116	221116	0	0	True	True	True	True	4	0	0	0	0
sub-057	C2	S0	loss_demean	221116	7.5466618000064045e-05	0	0	221116	221116	0	0	True	True	True	True	4	0	0	0	0
sub-057	C2	S1	gain_demean	221116	2.7047369712818181e-06	0	0	221116	221116	0	0	True	True	True	True	4	0	0	0	0
sub-057	C2	S1	loss_demean	221116	1.2346286894171499e-05	0	0	221116	221116	0	0	True	True	True	True	4	0	0	0	0
sub-057	C2	S2	gain_demean	221116	1.5827320112293819e-06	0	0	221116	221116	0	0	True	True	True	True	4	0	0	0	0
sub-057	C2	S2	loss_demean	221116	7.2360871854471043e-06	0	0	221116	221116	0	0	True	True	True	True	4	0	0	0	0
sub-058	C0	S0	gain_demean	221116	7.3597089794930071e-05	0	0	221116	221116	0	0	True	True	True	True	4	1	0	1	1
sub-058	C0	S0	loss_demean	221116	7.4152085289824754e-05	0	0	221116	221116	0	0	True	True	True	True	4	1	0	1	1
sub-058	C0	S1	gain_demean	221116	9.7798656497616321e-06	0	0	221116	221116	0	0	True	True	True	True	4	0	0	0	0
sub-058	C0	S1	loss_demean	221116	9.9576318461913615e-06	0	0	221116	221116	0	0	True	True	True	True	4	0	0	0	0
sub-058	C0	S2	gain_demean	221116	6.8528411247825716e-06	0	0	221116	221116	0	0	True	True	True	True	4	0	0	0	0
sub-058	C0	S2	loss_demean	221116	6.9509105742326938e-06	0	0	221116	221116	0	0	True	True	True	True	4	0	0	0	0
sub-058	C1	S0	gain_demean	221116	7.6741533121094108e-05	0	0	221116	221116	0	0	True	True	True	True	4	1	0	1	1
sub-058	C1	S0	loss_demean	221116	7.8694392868783325e-05	0	0	221116	221116	0	0	True	True	True	True	4	1	0	1	1
sub-058	C1	S1	gain_demean	221116	9.6017047326313332e-06	0	0	221116	221116	0	0	True	True	True	True	4	0	0	0	0
sub-058	C1	S1	loss_demean	221116	9.9396565929055214e-06	0	0	221116	221116	0	0	True	True	True	True	4	0	0	0	0
sub-058	C1	S2	gain_demean	221116	6.2978356254461687e-06	0	0	221116	221116	0	0	True	True	True	True	4	0	0	0	0
sub-058	C1	S2	loss_demean	221116	6.5003059717128053e-06	0	0	221116	221116	0	0	True	True	True	True	4	0	0	0	0
sub-058	C2	S0	gain_demean	221116	7.0781170506961644e-05	0	0	221116	221116	0	0	True	True	True	True	4	1	0	1	1
sub-058	C2	S0	loss_demean	221116	7.663347787456587e-05	0	0	221116	221116	0	0	True	True	True	True	4	1	0	1	1
sub-058	C2	S1	gain_demean	221116	8.0749168773763813e-06	0	0	221116	221116	0	0	True	True	True	True	4	0	0	0	0
sub-058	C2	S1	loss_demean	221116	8.9660597950569354e-06	0	0	221116	221116	0	0	True	True	True	True	4	0	0	0	0
sub-058	C2	S2	gain_demean	221116	5.1502320275176316e-06	0	0	221116	221116	0	0	True	True	True	True	4	0	0	0	0
sub-058	C2	S2	loss_demean	221116	5.7067836678470485e-06	0	0	221116	221116	0	0	True	True	True	True	4	0	0	0	0
sub-059	C0	S0	gain_demean	221116	2.2452402845374309e-05	0	0	221116	221116	0	0	True	True	True	True	4	0	0	0	0
sub-059	C0	S0	loss_demean	221116	9.4129929493647069e-05	0	0	221116	221116	0	0	True	True	True	True	4	0	0	0	0
sub-059	C0	S1	gain_demean	221116	1.9912415609724121e-06	0	0	221116	221116	0	0	True	True	True	True	4	0	0	0	0
sub-059	C0	S1	loss_demean	221116	8.3501536209951155e-06	0	0	221116	221116	0	0	True	True	True	True	4	0	0	0	0
sub-059	C0	S2	gain_demean	221116	1.2022728697047569e-06	0	0	221116	221116	0	0	True	True	True	True	4	0	0	0	0
sub-059	C0	S2	loss_demean	221116	5.0398193707223982e-06	0	0	221116	221116	0	0	True	True	True	True	4	0	0	0	0
sub-059	C1	S0	gain_demean	221116	2.3701491954852827e-05	0	0	221116	221116	0	0	True	True	True	True	4	0	0	0	0
sub-059	C1	S0	loss_demean	221116	9.6859614131972194e-05	0	0	221116	221116	0	0	True	True	True	True	4	0	0	0	0
sub-059	C1	S1	gain_demean	221116	1.8277457911608508e-06	0	0	221116	221116	0	0	True	True	True	True	4	0	0	0	0
sub-059	C1	S1	loss_demean	221116	7.4400800258445088e-06	0	0	221116	221116	0	0	True	True	True	True	4	0	0	0	0
sub-059	C1	S2	gain_demean	221116	1.0780339607663336e-06	0	0	221116	221116	0	0	True	True	True	True	4	0	0	0	0
sub-059	C1	S2	loss_demean	221116	4.3904574340558611e-06	0	0	221116	221116	0	0	True	True	True	True	4	0	0	0	0
sub-059	C2	S0	gain_demean	221116	2.3983433493413031e-05	0	0	221116	221116	0	0	True	True	True	True	4	0	0	0	0
sub-059	C2	S0	loss_demean	221116	9.7844029369298369e-05	0	0	221116	221116	0	0	True	True	True	True	4	0	0	0	0
sub-059	C2	S1	gain_demean	221116	1.8811020936482237e-06	0	0	221116	221116	0	0	True	True	True	True	4	0	0	0	0
sub-059	C2	S1	loss_demean	221116	7.6524720498127863e-06	0	0	221116	221116	0	0	True	True	True	True	4	0	0	0	0
sub-059	C2	S2	gain_demean	221116	1.0910230230365414e-06	0	0	221116	221116	0	0	True	True	True	True	4	0	0	0	0
sub-059	C2	S2	loss_demean	221116	4.4456264731707051e-06	0	0	221116	221116	0	0	True	True	True	True	4	0	0	0	0
sub-060	C0	S0	gain_demean	221116	8.130753121804446e-05	0	0	221116	221116	0	0	True	True	True	True	4	0	0	0	0
sub-060	C0	S0	loss_demean	221116	8.108160545816645e-05	0	0	221116	221116	0	0	True	True	True	True	4	0	0	0	0
sub-060	C0	S1	gain_demean	221116	1.2022820556012448e-05	0	0	221116	221116	0	0	True	True	True	True	4	0	0	0	0
sub-060	C0	S1	loss_demean	221116	1.1948764949920587e-05	0	0	221116	221116	0	0	True	True	True	True	4	0	0	0	0
sub-060	C0	S2	gain_demean	221116	8.0789750427356921e-06	0	0	221116	221116	0	0	True	True	True	True	4	0	0	0	0
sub-060	C0	S2	loss_demean	221116	7.9760138760320842e-06	0	0	221116	221116	0	0	True	True	True	True	4	0	0	0	0
sub-060	C1	S0	gain_demean	221116	8.26399409561418e-05	0	0	221116	221116	0	0	True	True	True	True	4	0	0	0	0
sub-060	C1	S0	loss_demean	221116	8.2141763414256275e-05	0	0	221116	221116	0	0	True	True	True	True	4	0	0	0	0
sub-060	C1	S1	gain_demean	221116	1.2530120329756755e-05	0	0	221116	221116	0	0	True	True	True	True	4	0	0	0	0
sub-060	C1	S1	loss_demean	221116	1.2411382158461493e-05	0	0	221116	221116	0	0	True	True	True	True	4	0	0	0	0
sub-060	C1	S2	gain_demean	221116	7.8427756307064556e-06	0	0	221116	221116	0	0	True	True	True	True	4	0	0	0	0
sub-060	C1	S2	loss_demean	221116	7.665938937861938e-06	0	0	221116	221116	0	0	True	True	True	True	4	0	0	0	0
sub-060	C2	S0	gain_demean	221116	8.3328108303248882e-05	0	0	221116	221116	0	0	True	True	True	True	4	0	0	0	0
sub-060	C2	S0	loss_demean	221116	8.2499260315671563e-05	0	0	221116	221116	0	0	True	True	True	True	4	0	0	0	0
sub-060	C2	S1	gain_demean	221116	1.1607537999225315e-05	0	0	221116	221116	0	0	True	True	True	True	4	0	0	0	0
sub-060	C2	S1	loss_demean	221116	1.1588002053031232e-05	0	0	221116	221116	0	0	True	True	True	True	4	0	0	0	0
sub-060	C2	S2	gain_demean	221116	5.5822988542786334e-06	0	0	221116	221116	0	0	True	True	True	True	4	0	0	0	0
sub-060	C2	S2	loss_demean	221116	5.514934855455067e-06	0	0	221116	221116	0	0	True	True	True	True	4	0	0	0	0
sub-061	C0	S0	gain_demean	221116	1.7868416762212291e-05	0	0	221116	221116	0	0	True	True	True	True	4	1	0	1	1
sub-061	C0	S0	loss_demean	221116	7.6500888098962605e-05	0	0	221116	221116	0	0	True	True	True	True	4	1	0	1	1
sub-061	C0	S1	gain_demean	221116	2.0121285615459783e-06	0	0	221116	221116	0	0	True	True	True	True	4	0	0	0	0
sub-061	C0	S1	loss_demean	221116	8.3950808402732946e-06	0	0	221116	221116	0	0	True	True	True	True	4	0	0	0	0
sub-061	C0	S2	gain_demean	221116	1.1664958492474398e-06	0	0	221116	221116	0	0	True	True	True	True	4	0	0	0	0
sub-061	C0	S2	loss_demean	221116	4.8315300773538183e-06	0	0	221116	221116	0	0	True	True	True	True	4	0	0	0	0
sub-061	C1	S0	gain_demean	221116	1.8175609511672519e-05	0	0	221116	221116	0	0	True	True	True	True	4	1	0	1	1
sub-061	C1	S0	loss_demean	221116	8.1491081800777465e-05	0	0	221116	221116	0	0	True	True	True	True	4	1	0	1	1
sub-061	C1	S1	gain_demean	221116	2.1395221665443387e-06	0	0	221116	221116	0	0	True	True	True	True	4	0	0	0	0
sub-061	C1	S1	loss_demean	221116	9.1937499746563844e-06	0	0	221116	221116	0	0	True	True	True	True	4	0	0	0	0
sub-061	C1	S2	gain_demean	221116	1.2618987739188015e-06	0	0	221116	221116	0	0	True	True	True	True	4	0	0	0	0
sub-061	C1	S2	loss_demean	221116	5.3691824177803937e-06	0	0	221116	221116	0	0	True	True	True	True	4	0	0	0	0
sub-061	C2	S0	gain_demean	221116	1.6906315067899413e-05	0	0	221116	221116	0	0	True	True	True	True	4	1	0	1	1
sub-061	C2	S0	loss_demean	221116	7.6648881076835096e-05	0	0	221116	221116	0	0	True	True	True	True	4	1	0	1	1
sub-061	C2	S1	gain_demean	221116	2.122892738043447e-06	0	0	221116	221116	0	0	True	True	True	True	4	0	0	0	0
sub-061	C2	S1	loss_demean	221116	9.2398186097852886e-06	0	0	221116	221116	0	0	True	True	True	True	4	0	0	0	0
sub-061	C2	S2	gain_demean	221116	1.2174668881925754e-06	0	0	221116	221116	0	0	True	True	True	True	4	0	0	0	0
sub-061	C2	S2	loss_demean	221116	5.2225650506443344e-06	0	0	221116	221116	0	0	True	True	True	True	4	0	0	0	0
sub-062	C0	S0	gain_demean	221116	6.1302359533800524e-32	5	2	221116	221116	0	0	True	True	True	True	4	12	1	5	4
sub-062	C0	S0	loss_demean	221116	5.6449295841600185e-32	5	2	221116	221116	0	0	True	True	True	True	4	12	1	5	4
sub-062	C0	S1	gain_demean	221116	9.4150982477003708e-06	0	0	221116	221116	0	0	True	True	True	True	4	0	0	0	0
sub-062	C0	S1	loss_demean	221116	8.3407903730403632e-06	0	0	221116	221116	0	0	True	True	True	True	4	0	0	0	0
sub-062	C0	S2	gain_demean	221116	4.8678607527108397e-06	0	0	221116	221116	0	0	True	True	True	True	4	0	0	0	0
sub-062	C0	S2	loss_demean	221116	4.2708979890448973e-06	0	0	221116	221116	0	0	True	True	True	True	4	0	0	0	0
sub-062	C1	S0	gain_demean	221116	7.958139072863516e-31	5	2	221116	221116	0	0	True	True	True	True	4	12	1	5	4
sub-062	C1	S0	loss_demean	221116	7.2714242068702019e-31	5	2	221116	221116	0	0	True	True	True	True	4	12	1	5	4
sub-062	C1	S1	gain_demean	221116	9.8186792456544936e-06	0	0	221116	221116	0	0	True	True	True	True	4	0	0	0	0
sub-062	C1	S1	loss_demean	221116	8.5669162217527628e-06	0	0	221116	221116	0	0	True	True	True	True	4	0	0	0	0
sub-062	C1	S2	gain_demean	221116	5.1139013521606103e-06	0	0	221116	221116	0	0	True	True	True	True	4	0	0	0	0
sub-062	C1	S2	loss_demean	221116	4.4328949115879368e-06	0	0	221116	221116	0	0	True	True	True	True	4	0	0	0	0
sub-062	C2	S0	gain_demean	221116	1.3640409410571755e-31	5	5	221116	221116	0	0	True	True	True	True	4	12	1	5	4
sub-062	C2	S0	loss_demean	221116	1.2403270960497996e-31	5	5	221116	221116	0	0	True	True	True	True	4	12	1	5	4
sub-062	C2	S1	gain_demean	221116	9.9779626907547936e-06	0	0	221116	221116	0	0	True	True	True	True	4	0	0	0	0
sub-062	C2	S1	loss_demean	221116	8.7988764789770357e-06	0	0	221116	221116	0	0	True	True	True	True	4	0	0	0	0
sub-062	C2	S2	gain_demean	221116	4.7855260163487401e-06	0	0	221116	221116	0	0	True	True	True	True	4	0	0	0	0
sub-062	C2	S2	loss_demean	221116	4.2070178096764721e-06	0	0	221116	221116	0	0	True	True	True	True	4	0	0	0	0
sub-063	C0	S0	gain_demean	221116	4.5239511348458162e-31	1	1	221116	221116	0	0	True	True	True	True	4	8	1	5	4
sub-063	C0	S0	loss_demean	221116	1.9065574213274923e-30	1	0	221116	221116	0	0	True	True	True	True	4	8	1	5	4
sub-063	C0	S1	gain_demean	221116	2.4723510705371154e-06	0	0	221116	221116	0	0	True	True	True	True	4	0	0	0	0
sub-063	C0	S1	loss_demean	221116	8.628737305116374e-06	0	0	221116	221116	0	0	True	True	True	True	4	0	0	0	0
sub-063	C0	S2	gain_demean	221116	1.3652531833940884e-06	0	0	221116	221116	0	0	True	True	True	True	4	0	0	0	0
sub-063	C0	S2	loss_demean	221116	4.9126542762678582e-06	0	0	221116	221116	0	0	True	True	True	True	4	0	0	0	0
sub-063	C1	S0	gain_demean	221116	3.1602389795585657e-31	1	1	221116	221116	0	0	True	True	True	True	4	8	1	5	4
sub-063	C1	S0	loss_demean	221116	1.3156574760278951e-30	1	0	221116	221116	0	0	True	True	True	True	4	8	1	5	4
sub-063	C1	S1	gain_demean	221116	2.5401886887266301e-06	0	0	221116	221116	0	0	True	True	True	True	4	0	0	0	0
sub-063	C1	S1	loss_demean	221116	8.8943916125572287e-06	0	0	221116	221116	0	0	True	True	True	True	4	0	0	0	0
sub-063	C1	S2	gain_demean	221116	1.4268960057961522e-06	0	0	221116	221116	0	0	True	True	True	True	4	0	0	0	0
sub-063	C1	S2	loss_demean	221116	5.06015521750669e-06	0	0	221116	221116	0	0	True	True	True	True	4	0	0	0	0
sub-063	C2	S0	gain_demean	221116	1.1726267323534565e-31	1	1	221116	221116	0	0	True	True	True	True	4	8	1	5	4
sub-063	C2	S0	loss_demean	221116	4.8689008924900972e-31	1	1	221116	221116	0	0	True	True	True	True	4	8	1	5	4
sub-063	C2	S1	gain_demean	221116	2.5518133952573407e-06	0	0	221116	221116	0	0	True	True	True	True	4	0	0	0	0
sub-063	C2	S1	loss_demean	221116	8.890428944141604e-06	0	0	221116	221116	0	0	True	True	True	True	4	0	0	0	0
sub-063	C2	S2	gain_demean	221116	1.4042198017705232e-06	0	0	221116	221116	0	0	True	True	True	True	4	0	0	0	0
sub-063	C2	S2	loss_demean	221116	4.957114015269326e-06	0	0	221116	221116	0	0	True	True	True	True	4	0	0	0	0
sub-064	C0	S0	gain_demean	221116	1.9198564942149553e-30	2	0	221116	221116	0	0	True	True	True	True	4	6	1	2	4
sub-064	C0	S0	loss_demean	221116	1.9817847339609077e-30	2	0	221116	221116	0	0	True	True	True	True	4	6	1	2	4
sub-064	C0	S1	gain_demean	221116	1.2312747458054218e-05	0	0	221116	221116	0	0	True	True	True	True	4	0	0	0	0
sub-064	C0	S1	loss_demean	221116	1.2530729691206943e-05	0	0	221116	221116	0	0	True	True	True	True	4	0	0	0	0
sub-064	C0	S2	gain_demean	221116	5.1698475544981193e-06	0	0	221116	221116	0	0	True	True	True	True	4	0	0	0	0
sub-064	C0	S2	loss_demean	221116	5.2025261538801715e-06	0	0	221116	221116	0	0	True	True	True	True	4	0	0	0	0
sub-064	C1	S0	gain_demean	221116	2.6604241888629428e-31	2	2	221116	221116	0	0	True	True	True	True	4	6	1	2	4
sub-064	C1	S0	loss_demean	221116	2.7394503230800236e-31	2	2	221116	221116	0	0	True	True	True	True	4	6	1	2	4
sub-064	C1	S1	gain_demean	221116	1.2665475878748111e-05	0	0	221116	221116	0	0	True	True	True	True	4	0	0	0	0
sub-064	C1	S1	loss_demean	221116	1.2595006410265341e-05	0	0	221116	221116	0	0	True	True	True	True	4	0	0	0	0
sub-064	C1	S2	gain_demean	221116	5.1040296966675669e-06	0	0	221116	221116	0	0	True	True	True	True	4	0	0	0	0
sub-064	C1	S2	loss_demean	221116	5.0569601626193617e-06	0	0	221116	221116	0	0	True	True	True	True	4	0	0	0	0
sub-064	C2	S0	gain_demean	221116	1.0825309678346823e-31	2	2	221116	221116	0	0	True	True	True	True	4	6	1	2	4
sub-064	C2	S0	loss_demean	221116	1.1316019795097587e-31	2	2	221116	221116	0	0	True	True	True	True	4	6	1	2	4
sub-064	C2	S1	gain_demean	221116	1.2300162779865786e-05	0	0	221116	221116	0	0	True	True	True	True	4	0	0	0	0
sub-064	C2	S1	loss_demean	221116	1.2096541468054056e-05	0	0	221116	221116	0	0	True	True	True	True	4	0	0	0	0
sub-064	C2	S2	gain_demean	221116	5.2656487241620198e-06	0	0	221116	221116	0	0	True	True	True	True	4	0	0	0	0
sub-064	C2	S2	loss_demean	221116	5.178428182261996e-06	0	0	221116	221116	0	0	True	True	True	True	4	0	0	0	0
sub-066	C0	S0	gain_demean	221116	5.0133357641665929e-31	3	2	221116	221116	0	0	True	True	True	True	4	7	1	2	4
sub-066	C0	S0	loss_demean	221116	5.7553101493943225e-31	3	1	221116	221116	0	0	True	True	True	True	4	7	1	2	4
sub-066	C0	S1	gain_demean	221116	1.0091729564010166e-05	0	0	221116	221116	0	0	True	True	True	True	4	0	0	0	0
sub-066	C0	S1	loss_demean	221116	1.0055138773168437e-05	0	0	221116	221116	0	0	True	True	True	True	4	0	0	0	0
sub-066	C0	S2	gain_demean	221116	5.1618085308291484e-06	0	0	221116	221116	0	0	True	True	True	True	4	0	0	0	0
sub-066	C0	S2	loss_demean	221116	5.1406095735728741e-06	0	0	221116	221116	0	0	True	True	True	True	4	0	0	0	0
sub-066	C1	S0	gain_demean	221116	1.3002561490434215e-31	3	3	221116	221116	0	0	True	True	True	True	4	7	1	2	4
sub-066	C1	S0	loss_demean	221116	1.2534702983863436e-31	3	3	221116	221116	0	0	True	True	True	True	4	7	1	2	4
sub-066	C1	S1	gain_demean	221116	1.0422305422252975e-05	0	0	221116	221116	0	0	True	True	True	True	4	0	0	0	0
sub-066	C1	S1	loss_demean	221116	1.0914476661127992e-05	0	0	221116	221116	0	0	True	True	True	True	4	0	0	0	0
sub-066	C1	S2	gain_demean	221116	5.2259929361753166e-06	0	0	221116	221116	0	0	True	True	True	True	4	0	0	0	0
sub-066	C1	S2	loss_demean	221116	5.4528641157958191e-06	0	0	221116	221116	0	0	True	True	True	True	4	0	0	0	0
sub-066	C2	S0	gain_demean	221116	1.0341411551359074e-31	3	3	221116	221116	0	0	True	True	True	True	4	7	1	2	4
sub-066	C2	S0	loss_demean	221116	1.2444727119768446e-31	3	3	221116	221116	0	0	True	True	True	True	4	7	1	2	4
sub-066	C2	S1	gain_demean	221116	1.0230863153992686e-05	0	0	221116	221116	0	0	True	True	True	True	4	0	0	0	0
sub-066	C2	S1	loss_demean	221116	1.0774011570902076e-05	0	0	221116	221116	0	0	True	True	True	True	4	0	0	0	0
sub-066	C2	S2	gain_demean	221116	4.9282366489933338e-06	0	0	221116	221116	0	0	True	True	True	True	4	0	0	0	0
sub-066	C2	S2	loss_demean	221116	5.1609695219667628e-06	0	0	221116	221116	0	0	True	True	True	True	4	0	0	0	0
sub-067	C0	S0	gain_demean	221116	3.1312079954659566e-05	0	0	221116	221116	0	0	True	True	True	True	4	0	0	0	0
sub-067	C0	S0	loss_demean	221116	0.00013459591718856245	0	0	221116	221116	0	0	True	True	True	True	4	0	0	0	0
sub-067	C0	S1	gain_demean	221116	3.1669519557908643e-06	0	0	221116	221116	0	0	True	True	True	True	4	0	0	0	0
sub-067	C0	S1	loss_demean	221116	1.3517144907382317e-05	0	0	221116	221116	0	0	True	True	True	True	4	0	0	0	0
sub-067	C0	S2	gain_demean	221116	1.9758820144488709e-06	0	0	221116	221116	0	0	True	True	True	True	4	0	0	0	0
sub-067	C0	S2	loss_demean	221116	8.3725299191428348e-06	0	0	221116	221116	0	0	True	True	True	True	4	0	0	0	0
sub-067	C1	S0	gain_demean	221116	2.5233513952116482e-05	0	0	221116	221116	0	0	True	True	True	True	4	0	0	0	0
sub-067	C1	S0	loss_demean	221116	0.00010745730833150446	0	0	221116	221116	0	0	True	True	True	True	4	0	0	0	0
sub-067	C1	S1	gain_demean	221116	3.0788785352342529e-06	0	0	221116	221116	0	0	True	True	True	True	4	0	0	0	0
sub-067	C1	S1	loss_demean	221116	1.3035976735409349e-05	0	0	221116	221116	0	0	True	True	True	True	4	0	0	0	0
sub-067	C1	S2	gain_demean	221116	1.8383562974122469e-06	0	0	221116	221116	0	0	True	True	True	True	4	0	0	0	0
sub-067	C1	S2	loss_demean	221116	7.7362101364997216e-06	0	0	221116	221116	0	0	True	True	True	True	4	0	0	0	0
sub-067	C2	S0	gain_demean	221116	2.4079128706944175e-05	0	0	221116	221116	0	0	True	True	True	True	4	0	0	0	0
sub-067	C2	S0	loss_demean	221116	0.00010148452565772459	0	0	221116	221116	0	0	True	True	True	True	4	0	0	0	0
sub-067	C2	S1	gain_demean	221116	3.0622775284427917e-06	0	0	221116	221116	0	0	True	True	True	True	4	0	0	0	0
sub-067	C2	S1	loss_demean	221116	1.3040767044003587e-05	0	0	221116	221116	0	0	True	True	True	True	4	0	0	0	0
sub-067	C2	S2	gain_demean	221116	1.6629942365398165e-06	0	0	221116	221116	0	0	True	True	True	True	4	0	0	0	0
sub-067	C2	S2	loss_demean	221116	7.0178557507460937e-06	0	0	221116	221116	0	0	True	True	True	True	4	0	0	0	0
sub-068	C0	S0	gain_demean	221116	8.9120003394782543e-05	0	0	221116	221116	0	0	True	True	True	True	4	0	0	0	0
sub-068	C0	S0	loss_demean	221116	8.125277963699773e-05	0	0	221116	221116	0	0	True	True	True	True	4	0	0	0	0
sub-068	C0	S1	gain_demean	221116	1.3647064406541176e-05	0	0	221116	221116	0	0	True	True	True	True	4	0	0	0	0
sub-068	C0	S1	loss_demean	221116	1.2651815268327482e-05	0	0	221116	221116	0	0	True	True	True	True	4	0	0	0	0
sub-068	C0	S2	gain_demean	221116	9.1563397290883586e-06	0	0	221116	221116	0	0	True	True	True	True	4	0	0	0	0
sub-068	C0	S2	loss_demean	221116	8.2832711996161379e-06	0	0	221116	221116	0	0	True	True	True	True	4	0	0	0	0
sub-068	C1	S0	gain_demean	221116	7.8753611887805164e-05	0	0	221116	221116	0	0	True	True	True	True	4	0	0	0	0
sub-068	C1	S0	loss_demean	221116	7.4354087701067328e-05	0	0	221116	221116	0	0	True	True	True	True	4	0	0	0	0
sub-068	C1	S1	gain_demean	221116	1.1887374057550915e-05	0	0	221116	221116	0	0	True	True	True	True	4	0	0	0	0
sub-068	C1	S1	loss_demean	221116	1.1343649021000601e-05	0	0	221116	221116	0	0	True	True	True	True	4	0	0	0	0
sub-068	C1	S2	gain_demean	221116	7.7042013799655251e-06	0	0	221116	221116	0	0	True	True	True	True	4	0	0	0	0
sub-068	C1	S2	loss_demean	221116	7.2511620601289906e-06	0	0	221116	221116	0	0	True	True	True	True	4	0	0	0	0
sub-068	C2	S0	gain_demean	221116	7.7789263741578907e-05	0	0	221116	221116	0	0	True	True	True	True	4	0	0	0	0
sub-068	C2	S0	loss_demean	221116	7.3485745815560222e-05	0	0	221116	221116	0	0	True	True	True	True	4	0	0	0	0
sub-068	C2	S1	gain_demean	221116	1.1210025149921421e-05	0	0	221116	221116	0	0	True	True	True	True	4	0	0	0	0
sub-068	C2	S1	loss_demean	221116	1.0753998139989562e-05	0	0	221116	221116	0	0	True	True	True	True	4	0	0	0	0
sub-068	C2	S2	gain_demean	221116	6.732127076247707e-06	0	0	221116	221116	0	0	True	True	True	True	4	0	0	0	0
sub-068	C2	S2	loss_demean	221116	6.3276038417825475e-06	0	0	221116	221116	0	0	True	True	True	True	4	0	0	0	0
sub-069	C0	S0	gain_demean	221116	4.2544946219219372e-32	4	4	221116	221116	0	0	True	True	True	True	4	6	1	2	4
sub-069	C0	S0	loss_demean	221116	1.7652346944546855e-31	4	3	221116	221116	0	0	True	True	True	True	4	6	1	2	4
sub-069	C0	S1	gain_demean	221116	2.0669629066105699e-06	0	0	221116	221116	0	0	True	True	True	True	4	0	0	0	0
sub-069	C0	S1	loss_demean	221116	8.7065718616941012e-06	0	0	221116	221116	0	0	True	True	True	True	4	0	0	0	0
sub-069	C0	S2	gain_demean	221116	8.6825815515112481e-07	0	0	221116	221116	0	0	True	True	True	True	4	0	0	0	0
sub-069	C0	S2	loss_demean	221116	3.6324800021247938e-06	0	0	221116	221116	0	0	True	True	True	True	4	0	0	0	0
sub-069	C1	S0	gain_demean	221116	5.0138092532911042e-31	4	3	221116	221116	0	0	True	True	True	True	4	6	1	2	4
sub-069	C1	S0	loss_demean	221116	1.9644803286422268e-30	4	0	221116	221116	0	0	True	True	True	True	4	6	1	2	4
sub-069	C1	S1	gain_demean	221116	2.1032587937952485e-06	0	0	221116	221116	0	0	True	True	True	True	4	0	0	0	0
sub-069	C1	S1	loss_demean	221116	8.7121661636047065e-06	0	0	221116	221116	0	0	True	True	True	True	4	0	0	0	0
sub-069	C1	S2	gain_demean	221116	9.4593076482851757e-07	0	0	221116	221116	0	0	True	True	True	True	4	0	0	0	0
sub-069	C1	S2	loss_demean	221116	3.8890425457793754e-06	0	0	221116	221116	0	0	True	True	True	True	4	0	0	0	0
sub-069	C2	S0	gain_demean	221116	1.3366414607832939e-31	4	4	221116	221116	0	0	True	True	True	True	4	6	1	2	4
sub-069	C2	S0	loss_demean	221116	4.6548490135782426e-31	4	2	221116	221116	0	0	True	True	True	True	4	6	1	2	4
sub-069	C2	S1	gain_demean	221116	2.0849045085924445e-06	0	0	221116	221116	0	0	True	True	True	True	4	0	0	0	0
sub-069	C2	S1	loss_demean	221116	8.6437166828545742e-06	0	0	221116	221116	0	0	True	True	True	True	4	0	0	0	0
sub-069	C2	S2	gain_demean	221116	9.1352143272160902e-07	0	0	221116	221116	0	0	True	True	True	True	4	0	0	0	0
sub-069	C2	S2	loss_demean	221116	3.7684865219489438e-06	0	0	221116	221116	0	0	True	True	True	True	4	0	0	0	0
sub-070	C0	S0	gain_demean	221116	8.1367019447498024e-05	0	0	221116	221116	0	0	True	True	True	True	4	0	0	0	0
sub-070	C0	S0	loss_demean	221116	8.1327503721695393e-05	0	0	221116	221116	0	0	True	True	True	True	4	0	0	0	0
sub-070	C0	S1	gain_demean	221116	9.0866287791868672e-06	0	0	221116	221116	0	0	True	True	True	True	4	0	0	0	0
sub-070	C0	S1	loss_demean	221116	9.0507364802761003e-06	0	0	221116	221116	0	0	True	True	True	True	4	0	0	0	0
sub-070	C0	S2	gain_demean	221116	5.0572934924275614e-06	0	0	221116	221116	0	0	True	True	True	True	4	0	0	0	0
sub-070	C0	S2	loss_demean	221116	5.0863841352111194e-06	0	0	221116	221116	0	0	True	True	True	True	4	0	0	0	0
sub-070	C1	S0	gain_demean	221116	7.0745707489550114e-05	0	0	221116	221116	0	0	True	True	True	True	4	0	0	0	0
sub-070	C1	S0	loss_demean	221116	7.071049913065508e-05	0	0	221116	221116	0	0	True	True	True	True	4	0	0	0	0
sub-070	C1	S1	gain_demean	221116	9.2229493020568043e-06	0	0	221116	221116	0	0	True	True	True	True	4	0	0	0	0
sub-070	C1	S1	loss_demean	221116	9.2040791059844196e-06	0	0	221116	221116	0	0	True	True	True	True	4	0	0	0	0
sub-070	C1	S2	gain_demean	221116	5.0702728913165629e-06	0	0	221116	221116	0	0	True	True	True	True	4	0	0	0	0
sub-070	C1	S2	loss_demean	221116	5.0888547775684856e-06	0	0	221116	221116	0	0	True	True	True	True	4	0	0	0	0
sub-070	C2	S0	gain_demean	221116	6.9187830376904458e-05	0	0	221116	221116	0	0	True	True	True	True	4	0	0	0	0
sub-070	C2	S0	loss_demean	221116	6.8156929046381265e-05	0	0	221116	221116	0	0	True	True	True	True	4	0	0	0	0
sub-070	C2	S1	gain_demean	221116	9.0475305114523508e-06	0	0	221116	221116	0	0	True	True	True	True	4	0	0	0	0
sub-070	C2	S1	loss_demean	221116	8.7905491454876028e-06	0	0	221116	221116	0	0	True	True	True	True	4	0	0	0	0
sub-070	C2	S2	gain_demean	221116	4.5363117351371329e-06	0	0	221116	221116	0	0	True	True	True	True	4	0	0	0	0
sub-070	C2	S2	loss_demean	221116	4.4750436245521996e-06	0	0	221116	221116	0	0	True	True	True	True	4	0	0	0	0
sub-071	C0	S0	gain_demean	221116	8.9007062793344902e-32	2	1	221116	221116	0	0	True	True	True	True	4	5	1	2	4
sub-071	C0	S0	loss_demean	221116	3.1332171856196033e-31	2	1	221116	221116	0	0	True	True	True	True	4	5	1	2	4
sub-071	C0	S1	gain_demean	221116	2.1384523734013783e-06	0	0	221116	221116	0	0	True	True	True	True	4	0	0	0	0
sub-071	C0	S1	loss_demean	221116	9.1015617726952769e-06	0	0	221116	221116	0	0	True	True	True	True	4	0	0	0	0
sub-071	C0	S2	gain_demean	221116	9.9554927146527916e-07	0	0	221116	221116	0	0	True	True	True	True	4	0	0	0	0
sub-071	C0	S2	loss_demean	221116	4.2416631913511083e-06	0	0	221116	221116	0	0	True	True	True	True	4	0	0	0	0
sub-071	C1	S0	gain_demean	221116	3.9884420467644518e-32	2	2	221116	221116	0	0	True	True	True	True	4	5	1	2	4
sub-071	C1	S0	loss_demean	221116	1.3903676651864967e-31	2	1	221116	221116	0	0	True	True	True	True	4	5	1	2	4
sub-071	C1	S1	gain_demean	221116	2.1158191430004081e-06	0	0	221116	221116	0	0	True	True	True	True	4	0	0	0	0
sub-071	C1	S1	loss_demean	221116	8.9496270447853021e-06	0	0	221116	221116	0	0	True	True	True	True	4	0	0	0	0
sub-071	C1	S2	gain_demean	221116	9.6221231160598109e-07	0	0	221116	221116	0	0	True	True	True	True	4	0	0	0	0
sub-071	C1	S2	loss_demean	221116	4.0780523704597726e-06	0	0	221116	221116	0	0	True	True	True	True	4	0	0	0	0
sub-071	C2	S0	gain_demean	221116	2.7759349053178229e-32	2	2	221116	221116	0	0	True	True	True	True	4	5	1	2	4
sub-071	C2	S0	loss_demean	221116	9.6246938377531125e-32	2	2	221116	221116	0	0	True	True	True	True	4	5	1	2	4
sub-071	C2	S1	gain_demean	221116	2.0671227503044065e-06	0	0	221116	221116	0	0	True	True	True	True	4	0	0	0	0
sub-071	C2	S1	loss_demean	221116	8.7589451140956953e-06	0	0	221116	221116	0	0	True	True	True	True	4	0	0	0	0
sub-071	C2	S2	gain_demean	221116	9.0969712118749158e-07	0	0	221116	221116	0	0	True	True	True	True	4	0	0	0	0
sub-071	C2	S2	loss_demean	221116	3.8624139051535167e-06	0	0	221116	221116	0	0	True	True	True	True	4	0	0	0	0
sub-072	C0	S0	gain_demean	221116	1.2716583199873512e-28	1	0	221116	221116	0	0	True	True	True	True	4	1	0	1	1
sub-072	C0	S0	loss_demean	221116	1.2678035712036601e-28	1	0	221116	221116	0	0	True	True	True	True	4	1	0	1	1
sub-072	C0	S1	gain_demean	221116	1.4656783605460078e-05	0	0	221116	221116	0	0	True	True	True	True	4	0	0	0	0
sub-072	C0	S1	loss_demean	221116	1.4055660358280875e-05	0	0	221116	221116	0	0	True	True	True	True	4	0	0	0	0
sub-072	C0	S2	gain_demean	221116	6.8404078774619848e-06	0	0	221116	221116	0	0	True	True	True	True	4	0	0	0	0
sub-072	C0	S2	loss_demean	221116	6.5951244323514402e-06	0	0	221116	221116	0	0	True	True	True	True	4	0	0	0	0
sub-072	C1	S0	gain_demean	221116	1.7737220457862666e-29	1	0	221116	221116	0	0	True	True	True	True	4	1	0	1	1
sub-072	C1	S0	loss_demean	221116	1.7649370969008766e-29	1	0	221116	221116	0	0	True	True	True	True	4	1	0	1	1
sub-072	C1	S1	gain_demean	221116	1.4177047887642402e-05	0	0	221116	221116	0	0	True	True	True	True	4	0	0	0	0
sub-072	C1	S1	loss_demean	221116	1.3767410564469174e-05	0	0	221116	221116	0	0	True	True	True	True	4	0	0	0	0
sub-072	C1	S2	gain_demean	221116	6.8852377808070742e-06	0	0	221116	221116	0	0	True	True	True	True	4	0	0	0	0
sub-072	C1	S2	loss_demean	221116	6.7306114033272024e-06	0	0	221116	221116	0	0	True	True	True	True	4	0	0	0	0
sub-072	C2	S0	gain_demean	221116	1.8897965645966317e-30	1	0	221116	221116	0	0	True	True	True	True	4	1	0	1	1
sub-072	C2	S0	loss_demean	221116	1.8998604889515356e-30	1	0	221116	221116	0	0	True	True	True	True	4	1	0	1	1
sub-072	C2	S1	gain_demean	221116	1.4336490494315512e-05	0	0	221116	221116	0	0	True	True	True	True	4	0	0	0	0
sub-072	C2	S1	loss_demean	221116	1.3792175195703749e-05	0	0	221116	221116	0	0	True	True	True	True	4	0	0	0	0
sub-072	C2	S2	gain_demean	221116	6.5921726672968362e-06	0	0	221116	221116	0	0	True	True	True	True	4	0	0	0	0
sub-072	C2	S2	loss_demean	221116	6.4160335568885785e-06	0	0	221116	221116	0	0	True	True	True	True	4	0	0	0	0
sub-073	C0	S0	gain_demean	221116	4.1083085575363039e-31	3	2	221116	221116	0	0	True	True	True	True	4	5	0	2	3
sub-073	C0	S0	loss_demean	221116	1.4962693618452976e-30	3	0	221116	221116	0	0	True	True	True	True	4	5	0	2	3
sub-073	C0	S1	gain_demean	221116	2.7752034839068074e-06	0	0	221116	221116	0	0	True	True	True	True	4	0	0	0	0
sub-073	C0	S1	loss_demean	221116	1.1645456652331632e-05	0	0	221116	221116	0	0	True	True	True	True	4	0	0	0	0
sub-073	C0	S2	gain_demean	221116	1.4926715721230721e-06	0	0	221116	221116	0	0	True	True	True	True	4	0	0	0	0
sub-073	C0	S2	loss_demean	221116	6.2742888076172676e-06	0	0	221116	221116	0	0	True	True	True	True	4	0	0	0	0
sub-073	C1	S0	gain_demean	221116	3.6604628422882747e-31	3	3	221116	221116	0	0	True	True	True	True	4	5	0	2	3
sub-073	C1	S0	loss_demean	221116	1.3452955442335957e-30	3	0	221116	221116	0	0	True	True	True	True	4	5	0	2	3
sub-073	C1	S1	gain_demean	221116	2.7219568892178359e-06	0	0	221116	221116	0	0	True	True	True	True	4	0	0	0	0
sub-073	C1	S1	loss_demean	221116	1.1537845239217859e-05	0	0	221116	221116	0	0	True	True	True	True	4	0	0	0	0
sub-073	C1	S2	gain_demean	221116	1.4471543181571178e-06	0	0	221116	221116	0	0	True	True	True	True	4	0	0	0	0
sub-073	C1	S2	loss_demean	221116	6.1532132349384483e-06	0	0	221116	221116	0	0	True	True	True	True	4	0	0	0	0
sub-073	C2	S0	gain_demean	221116	1.4498500303268061e-32	3	3	221116	221116	0	0	True	True	True	True	4	5	0	2	3
sub-073	C2	S0	loss_demean	221116	5.2157565966748013e-32	3	3	221116	221116	0	0	True	True	True	True	4	5	0	2	3
sub-073	C2	S1	gain_demean	221116	2.6643590445019072e-06	0	0	221116	221116	0	0	True	True	True	True	4	0	0	0	0
sub-073	C2	S1	loss_demean	221116	1.1295662261545658e-05	0	0	221116	221116	0	0	True	True	True	True	4	0	0	0	0
sub-073	C2	S2	gain_demean	221116	1.3782989753963193e-06	0	0	221116	221116	0	0	True	True	True	True	4	0	0	0	0
sub-073	C2	S2	loss_demean	221116	5.8641894611355383e-06	0	0	221116	221116	0	0	True	True	True	True	4	0	0	0	0
sub-074	C0	S0	gain_demean	221116	1.0026552098107142e-30	1	0	221116	221116	0	0	True	True	True	True	4	4	0	3	2
sub-074	C0	S0	loss_demean	221116	9.195906412414965e-31	1	1	221116	221116	0	0	True	True	True	True	4	4	0	3	2
sub-074	C0	S1	gain_demean	221116	9.9887220130767673e-06	0	0	221116	221116	0	0	True	True	True	True	4	0	0	0	0
sub-074	C0	S1	loss_demean	221116	1.0823038792295847e-05	0	0	221116	221116	0	0	True	True	True	True	4	0	0	0	0
sub-074	C0	S2	gain_demean	221116	5.510004484676756e-06	0	0	221116	221116	0	0	True	True	True	True	4	0	0	0	0
sub-074	C0	S2	loss_demean	221116	5.9695889831345994e-06	0	0	221116	221116	0	0	True	True	True	True	4	0	0	0	0
sub-074	C1	S0	gain_demean	221116	1.7870696430805316e-30	1	0	221116	221116	0	0	True	True	True	True	4	4	0	3	2
sub-074	C1	S0	loss_demean	221116	1.640720784482253e-30	1	0	221116	221116	0	0	True	True	True	True	4	4	0	3	2
sub-074	C1	S1	gain_demean	221116	1.0014174222305883e-05	0	0	221116	221116	0	0	True	True	True	True	4	0	0	0	0
sub-074	C1	S1	loss_demean	221116	1.0982076673826668e-05	0	0	221116	221116	0	0	True	True	True	True	4	0	0	0	0
sub-074	C1	S2	gain_demean	221116	5.7493170970701613e-06	0	0	221116	221116	0	0	True	True	True	True	4	0	0	0	0
sub-074	C1	S2	loss_demean	221116	6.3119628066488076e-06	0	0	221116	221116	0	0	True	True	True	True	4	0	0	0	0
sub-074	C2	S0	gain_demean	221116	1.412810438431266e-31	1	1	221116	221116	0	0	True	True	True	True	4	4	0	3	2
sub-074	C2	S0	loss_demean	221116	1.2955364216754349e-31	1	1	221116	221116	0	0	True	True	True	True	4	4	0	3	2
sub-074	C2	S1	gain_demean	221116	8.9225777628598735e-06	0	0	221116	221116	0	0	True	True	True	True	4	0	0	0	0
sub-074	C2	S1	loss_demean	221116	9.7217371148872189e-06	0	0	221116	221116	0	0	True	True	True	True	4	0	0	0	0
sub-074	C2	S2	gain_demean	221116	4.6814593588351272e-06	0	0	221116	221116	0	0	True	True	True	True	4	0	0	0	0
sub-074	C2	S2	loss_demean	221116	5.1352053560549393e-06	0	0	221116	221116	0	0	True	True	True	True	4	0	0	0	0
sub-075	C0	S0	gain_demean	221116	1.2881433850548083e-31	3	2	221116	221116	0	0	True	True	True	True	4	4	0	2	3
sub-075	C0	S0	loss_demean	221116	4.2010000486805639e-31	3	1	221116	221116	0	0	True	True	True	True	4	4	0	2	3
sub-075	C0	S1	gain_demean	221116	3.2328682664228836e-06	0	0	221116	221116	0	0	True	True	True	True	4	0	0	0	0
sub-075	C0	S1	loss_demean	221116	1.25826736621093e-05	0	0	221116	221116	0	0	True	True	True	True	4	0	0	0	0
sub-075	C0	S2	gain_demean	221116	1.8142358158002025e-06	0	0	221116	221116	0	0	True	True	True	True	4	0	0	0	0
sub-075	C0	S2	loss_demean	221116	7.0699848038202617e-06	0	0	221116	221116	0	0	True	True	True	True	4	0	0	0	0
sub-075	C1	S0	gain_demean	221116	3.3066870028602797e-31	3	2	221116	221116	0	0	True	True	True	True	4	4	0	2	3
sub-075	C1	S0	loss_demean	221116	1.0797813689986739e-30	3	0	221116	221116	0	0	True	True	True	True	4	4	0	2	3
sub-075	C1	S1	gain_demean	221116	3.4500767469580751e-06	0	0	221116	221116	0	0	True	True	True	True	4	0	0	0	0
sub-075	C1	S1	loss_demean	221116	1.3319206118467264e-05	0	0	221116	221116	0	0	True	True	True	True	4	0	0	0	0
sub-075	C1	S2	gain_demean	221116	1.8340928136240109e-06	0	0	221116	221116	0	0	True	True	True	True	4	0	0	0	0
sub-075	C1	S2	loss_demean	221116	7.1894432949193288e-06	0	0	221116	221116	0	0	True	True	True	True	4	0	0	0	0
sub-075	C2	S0	gain_demean	221116	1.6137127673370822e-31	3	2	221116	221116	0	0	True	True	True	True	4	4	0	2	3
sub-075	C2	S0	loss_demean	221116	6.3253572010685245e-31	3	2	221116	221116	0	0	True	True	True	True	4	4	0	2	3
sub-075	C2	S1	gain_demean	221116	3.5736845802603057e-06	0	0	221116	221116	0	0	True	True	True	True	4	0	0	0	0
sub-075	C2	S1	loss_demean	221116	1.3258410035632551e-05	0	0	221116	221116	0	0	True	True	True	True	4	0	0	0	0
sub-075	C2	S2	gain_demean	221116	1.9019696537725395e-06	0	0	221116	221116	0	0	True	True	True	True	4	0	0	0	0
sub-075	C2	S2	loss_demean	221116	7.1294189183390699e-06	0	0	221116	221116	0	0	True	True	True	True	4	0	0	0	0
sub-076	C0	S0	gain_demean	221116	4.8192329647836732e-31	1	1	221116	221116	0	0	True	True	True	True	4	2	0	1	2
sub-076	C0	S0	loss_demean	221116	4.5367870629590553e-31	1	1	221116	221116	0	0	True	True	True	True	4	2	0	1	2
sub-076	C0	S1	gain_demean	221116	1.0582628419797402e-05	0	0	221116	221116	0	0	True	True	True	True	4	0	0	0	0
sub-076	C0	S1	loss_demean	221116	1.0171104804612696e-05	0	0	221116	221116	0	0	True	True	True	True	4	0	0	0	0
sub-076	C0	S2	gain_demean	221116	4.9140121518576052e-06	0	0	221116	221116	0	0	True	True	True	True	4	0	0	0	0
sub-076	C0	S2	loss_demean	221116	4.7008988985908218e-06	0	0	221116	221116	0	0	True	True	True	True	4	0	0	0	0
sub-076	C1	S0	gain_demean	221116	1.8256547467366685e-29	1	0	221116	221116	0	0	True	True	True	True	4	2	0	1	2
sub-076	C1	S0	loss_demean	221116	1.7198069911626381e-29	1	0	221116	221116	0	0	True	True	True	True	4	2	0	1	2
sub-076	C1	S1	gain_demean	221116	1.0574299267318565e-05	0	0	221116	221116	0	0	True	True	True	True	4	0	0	0	0
sub-076	C1	S1	loss_demean	221116	9.9722283266601153e-06	0	0	221116	221116	0	0	True	True	True	True	4	0	0	0	0
sub-076	C1	S2	gain_demean	221116	4.9933732952922583e-06	0	0	221116	221116	0	0	True	True	True	True	4	0	0	0	0
sub-076	C1	S2	loss_demean	221116	4.6949353418312967e-06	0	0	221116	221116	0	0	True	True	True	True	4	0	0	0	0
sub-076	C2	S0	gain_demean	221116	4.2419025501117762e-31	1	1	221116	221116	0	0	True	True	True	True	4	2	0	1	2
sub-076	C2	S0	loss_demean	221116	4.038635596769846e-31	1	1	221116	221116	0	0	True	True	True	True	4	2	0	1	2
sub-076	C2	S1	gain_demean	221116	1.0961308362311684e-05	0	0	221116	221116	0	0	True	True	True	True	4	0	0	0	0
sub-076	C2	S1	loss_demean	221116	1.0011097401729785e-05	0	0	221116	221116	0	0	True	True	True	True	4	0	0	0	0
sub-076	C2	S2	gain_demean	221116	4.9647660489426926e-06	0	0	221116	221116	0	0	True	True	True	True	4	0	0	0	0
sub-076	C2	S2	loss_demean	221116	4.5632878027390689e-06	0	0	221116	221116	0	0	True	True	True	True	4	0	0	0	0
sub-077	C0	S0	gain_demean	221116	2.15353775274707e-05	0	0	221116	221116	0	0	True	True	True	True	4	0	0	0	0
sub-077	C0	S0	loss_demean	221116	8.9533306891098619e-05	0	0	221116	221116	0	0	True	True	True	True	4	0	0	0	0
sub-077	C0	S1	gain_demean	221116	2.0554921320581343e-06	0	0	221116	221116	0	0	True	True	True	True	4	0	0	0	0
sub-077	C0	S1	loss_demean	221116	8.5938490883563645e-06	0	0	221116	221116	0	0	True	True	True	True	4	0	0	0	0
sub-077	C0	S2	gain_demean	221116	1.2125785815442214e-06	0	0	221116	221116	0	0	True	True	True	True	4	0	0	0	0
sub-077	C0	S2	loss_demean	221116	5.0760677368089091e-06	0	0	221116	221116	0	0	True	True	True	True	4	0	0	0	0
sub-077	C1	S0	gain_demean	221116	2.2191914467839524e-05	0	0	221116	221116	0	0	True	True	True	True	4	0	0	0	0
sub-077	C1	S0	loss_demean	221116	8.9918161393143237e-05	0	0	221116	221116	0	0	True	True	True	True	4	0	0	0	0
sub-077	C1	S1	gain_demean	221116	2.0704433154605795e-06	0	0	221116	221116	0	0	True	True	True	True	4	0	0	0	0
sub-077	C1	S1	loss_demean	221116	8.5273459262680262e-06	0	0	221116	221116	0	0	True	True	True	True	4	0	0	0	0
sub-077	C1	S2	gain_demean	221116	1.2372120181680657e-06	0	0	221116	221116	0	0	True	True	True	True	4	0	0	0	0
sub-077	C1	S2	loss_demean	221116	5.0724556786008179e-06	0	0	221116	221116	0	0	True	True	True	True	4	0	0	0	0
sub-077	C2	S0	gain_demean	221116	2.1236359316390008e-05	0	0	221116	221116	0	0	True	True	True	True	4	0	0	0	0
sub-077	C2	S0	loss_demean	221116	8.6270047177094966e-05	0	0	221116	221116	0	0	True	True	True	True	4	0	0	0	0
sub-077	C2	S1	gain_demean	221116	2.0291370219638338e-06	0	0	221116	221116	0	0	True	True	True	True	4	0	0	0	0
sub-077	C2	S1	loss_demean	221116	8.370402611035388e-06	0	0	221116	221116	0	0	True	True	True	True	4	0	0	0	0
sub-077	C2	S2	gain_demean	221116	1.0788407962536439e-06	0	0	221116	221116	0	0	True	True	True	True	4	0	0	0	0
sub-077	C2	S2	loss_demean	221116	4.418903699843213e-06	0	0	221116	221116	0	0	True	True	True	True	4	0	0	0	0
sub-079	C0	S0	gain_demean	221116	2.570520500121093e-31	1	1	221116	221116	0	0	True	True	True	True	4	1	0	1	1
sub-079	C0	S0	loss_demean	221116	1.0840113619102209e-30	1	0	221116	221116	0	0	True	True	True	True	4	1	0	1	1
sub-079	C0	S1	gain_demean	221116	2.1352370822569355e-06	0	0	221116	221116	0	0	True	True	True	True	4	0	0	0	0
sub-079	C0	S1	loss_demean	221116	8.0624149632058106e-06	0	0	221116	221116	0	0	True	True	True	True	4	0	0	0	0
sub-079	C0	S2	gain_demean	221116	1.1143057463414152e-06	0	0	221116	221116	0	0	True	True	True	True	4	0	0	0	0
sub-079	C0	S2	loss_demean	221116	4.1635248635429889e-06	0	0	221116	221116	0	0	True	True	True	True	4	0	0	0	0
sub-079	C1	S0	gain_demean	221116	4.6099254751112854e-29	1	0	221116	221116	0	0	True	True	True	True	4	1	0	1	1
sub-079	C1	S0	loss_demean	221116	1.9356274831397117e-28	1	0	221116	221116	0	0	True	True	True	True	4	1	0	1	1
sub-079	C1	S1	gain_demean	221116	2.3195411813503597e-06	0	0	221116	221116	0	0	True	True	True	True	4	0	0	0	0
sub-079	C1	S1	loss_demean	221116	8.5343435785034671e-06	0	0	221116	221116	0	0	True	True	True	True	4	0	0	0	0
sub-079	C1	S2	gain_demean	221116	1.1849346037706709e-06	0	0	221116	221116	0	0	True	True	True	True	4	0	0	0	0
sub-079	C1	S2	loss_demean	221116	4.3128397919645067e-06	0	0	221116	221116	0	0	True	True	True	True	4	0	0	0	0
sub-079	C2	S0	gain_demean	221116	8.9032337097381932e-31	1	1	221116	221116	0	0	True	True	True	True	4	1	0	1	1
sub-079	C2	S0	loss_demean	221116	3.7118346255463286e-30	1	0	221116	221116	0	0	True	True	True	True	4	1	0	1	1
sub-079	C2	S1	gain_demean	221116	2.3694926767348079e-06	0	0	221116	221116	0	0	True	True	True	True	4	0	0	0	0
sub-079	C2	S1	loss_demean	221116	8.6006257333792746e-06	0	0	221116	221116	0	0	True	True	True	True	4	0	0	0	0
sub-079	C2	S2	gain_demean	221116	1.0679653996703564e-06	0	0	221116	221116	0	0	True	True	True	True	4	0	0	0	0
sub-079	C2	S2	loss_demean	221116	3.9336996451311279e-06	0	0	221116	221116	0	0	True	True	True	True	4	0	0	0	0
sub-080	C0	S0	gain_demean	221116	7.9947938502300531e-05	0	0	221116	221116	0	0	True	True	True	True	4	0	0	0	0
sub-080	C0	S0	loss_demean	221116	8.0692101619206369e-05	0	0	221116	221116	0	0	True	True	True	True	4	0	0	0	0
sub-080	C0	S1	gain_demean	221116	1.2703269021585584e-05	0	0	221116	221116	0	0	True	True	True	True	4	0	0	0	0
sub-080	C0	S1	loss_demean	221116	1.2304582924116403e-05	0	0	221116	221116	0	0	True	True	True	True	4	0	0	0	0
sub-080	C0	S2	gain_demean	221116	6.7175064941693563e-06	0	0	221116	221116	0	0	True	True	True	True	4	0	0	0	0
sub-080	C0	S2	loss_demean	221116	6.6451680140744429e-06	0	0	221116	221116	0	0	True	True	True	True	4	0	0	0	0
sub-080	C1	S0	gain_demean	221116	7.8644101449754089e-05	0	0	221116	221116	0	0	True	True	True	True	4	0	0	0	0
sub-080	C1	S0	loss_demean	221116	7.6770898886024952e-05	0	0	221116	221116	0	0	True	True	True	True	4	0	0	0	0
sub-080	C1	S1	gain_demean	221116	1.3002419109398033e-05	0	0	221116	221116	0	0	True	True	True	True	4	0	0	0	0
sub-080	C1	S1	loss_demean	221116	1.2389753464958631e-05	0	0	221116	221116	0	0	True	True	True	True	4	0	0	0	0
sub-080	C1	S2	gain_demean	221116	7.0547525865549687e-06	0	0	221116	221116	0	0	True	True	True	True	4	0	0	0	0
sub-080	C1	S2	loss_demean	221116	6.7891878643422388e-06	0	0	221116	221116	0	0	True	True	True	True	4	0	0	0	0
sub-080	C2	S0	gain_demean	221116	7.775528501952067e-05	0	0	221116	221116	0	0	True	True	True	True	4	0	0	0	0
sub-080	C2	S0	loss_demean	221116	7.5982017733622342e-05	0	0	221116	221116	0	0	True	True	True	True	4	0	0	0	0
sub-080	C2	S1	gain_demean	221116	1.2804165635316167e-05	0	0	221116	221116	0	0	True	True	True	True	4	0	0	0	0
sub-080	C2	S1	loss_demean	221116	1.2223888916196302e-05	0	0	221116	221116	0	0	True	True	True	True	4	0	0	0	0
sub-080	C2	S2	gain_demean	221116	6.7046130425296724e-06	0	0	221116	221116	0	0	True	True	True	True	4	0	0	0	0
sub-080	C2	S2	loss_demean	221116	6.4714354266470764e-06	0	0	221116	221116	0	0	True	True	True	True	4	0	0	0	0
sub-081	C0	S0	gain_demean	221116	6.1249803181375259e-32	1	1	221116	221116	0	0	True	True	True	True	4	2	0	1	2
sub-081	C0	S0	loss_demean	221116	2.577984183952204e-31	1	1	221116	221116	0	0	True	True	True	True	4	2	0	1	2
sub-081	C0	S1	gain_demean	221116	2.1573516733042197e-06	0	0	221116	221116	0	0	True	True	True	True	4	0	0	0	0
sub-081	C0	S1	loss_demean	221116	9.2336049419827759e-06	0	0	221116	221116	0	0	True	True	True	True	4	0	0	0	0
sub-081	C0	S2	gain_demean	221116	1.0575251963018673e-06	0	0	221116	221116	0	0	True	True	True	True	4	0	0	0	0
sub-081	C0	S2	loss_demean	221116	4.5203364607004914e-06	0	0	221116	221116	0	0	True	True	True	True	4	0	0	0	0
sub-081	C1	S0	gain_demean	221116	7.3830547927971703e-31	1	1	221116	221116	0	0	True	True	True	True	4	2	0	1	2
sub-081	C1	S0	loss_demean	221116	3.1143099702436892e-30	1	0	221116	221116	0	0	True	True	True	True	4	2	0	1	2
sub-081	C1	S1	gain_demean	221116	2.1882162855035858e-06	0	0	221116	221116	0	0	True	True	True	True	4	0	0	0	0
sub-081	C1	S1	loss_demean	221116	9.4602437457069755e-06	0	0	221116	221116	0	0	True	True	True	True	4	0	0	0	0
sub-081	C1	S2	gain_demean	221116	1.0048239573734463e-06	0	0	221116	221116	0	0	True	True	True	True	4	0	0	0	0
sub-081	C1	S2	loss_demean	221116	4.3093496060464531e-06	0	0	221116	221116	0	0	True	True	True	True	4	0	0	0	0
sub-081	C2	S0	gain_demean	221116	8.8563431225344571e-32	1	1	221116	221116	0	0	True	True	True	True	4	2	0	1	2
sub-081	C2	S0	loss_demean	221116	3.7697727672678497e-31	1	1	221116	221116	0	0	True	True	True	True	4	2	0	1	2
sub-081	C2	S1	gain_demean	221116	2.1537634893320501e-06	0	0	221116	221116	0	0	True	True	True	True	4	0	0	0	0
sub-081	C2	S1	loss_demean	221116	9.2862956080352888e-06	0	0	221116	221116	0	0	True	True	True	True	4	0	0	0	0
sub-081	C2	S2	gain_demean	221116	1.0081540722239879e-06	0	0	221116	221116	0	0	True	True	True	True	4	0	0	0	0
sub-081	C2	S2	loss_demean	221116	4.3008203647332266e-06	0	0	221116	221116	0	0	True	True	True	True	4	0	0	0	0
sub-082	C0	S0	gain_demean	221116	7.0112102886433638e-30	1	0	221116	221116	0	0	True	True	True	True	4	1	0	1	1
sub-082	C0	S0	loss_demean	221116	8.7145516320244294e-30	1	0	221116	221116	0	0	True	True	True	True	4	1	0	1	1
sub-082	C0	S1	gain_demean	221116	1.1671110769384541e-05	0	0	221116	221116	0	0	True	True	True	True	4	0	0	0	0
sub-082	C0	S1	loss_demean	221116	1.1450794772827066e-05	0	0	221116	221116	0	0	True	True	True	True	4	0	0	0	0
sub-082	C0	S2	gain_demean	221116	7.5016987466369756e-06	0	0	221116	221116	0	0	True	True	True	True	4	0	0	0	0
sub-082	C0	S2	loss_demean	221116	7.3691821853572037e-06	0	0	221116	221116	0	0	True	True	True	True	4	0	0	0	0
sub-082	C1	S0	gain_demean	221116	7.4755713703820279e-31	1	1	221116	221116	0	0	True	True	True	True	4	1	0	1	1
sub-082	C1	S0	loss_demean	221116	9.5513994139906412e-31	1	1	221116	221116	0	0	True	True	True	True	4	1	0	1	1
sub-082	C1	S1	gain_demean	221116	1.1909079148608726e-05	0	0	221116	221116	0	0	True	True	True	True	4	0	0	0	0
sub-082	C1	S1	loss_demean	221116	1.176381283585215e-05	0	0	221116	221116	0	0	True	True	True	True	4	0	0	0	0
sub-082	C1	S2	gain_demean	221116	6.8529284362739418e-06	0	0	221116	221116	0	0	True	True	True	True	4	0	0	0	0
sub-082	C1	S2	loss_demean	221116	6.8195799940440338e-06	0	0	221116	221116	0	0	True	True	True	True	4	0	0	0	0
sub-082	C2	S0	gain_demean	221116	3.9969718451970411e-31	1	1	221116	221116	0	0	True	True	True	True	4	1	0	1	1
sub-082	C2	S0	loss_demean	221116	5.1071735974017748e-31	1	1	221116	221116	0	0	True	True	True	True	4	1	0	1	1
sub-082	C2	S1	gain_demean	221116	1.0875108273467049e-05	0	0	221116	221116	0	0	True	True	True	True	4	0	0	0	0
sub-082	C2	S1	loss_demean	221116	1.0880976333282888e-05	0	0	221116	221116	0	0	True	True	True	True	4	0	0	0	0
sub-082	C2	S2	gain_demean	221116	6.4667524384276476e-06	0	0	221116	221116	0	0	True	True	True	True	4	0	0	0	0
sub-082	C2	S2	loss_demean	221116	6.4118453337869141e-06	0	0	221116	221116	0	0	True	True	True	True	4	0	0	0	0
sub-083	C0	S0	gain_demean	221116	3.9403104313998351e-31	1	1	221116	221116	0	0	True	True	True	True	4	2	0	1	2
sub-083	C0	S0	loss_demean	221116	1.4346845545288815e-30	1	0	221116	221116	0	0	True	True	True	True	4	2	0	1	2
sub-083	C0	S1	gain_demean	221116	1.7271307797273039e-06	0	0	221116	221116	0	0	True	True	True	True	4	0	0	0	0
sub-083	C0	S1	loss_demean	221116	7.6199748946237378e-06	0	0	221116	221116	0	0	True	True	True	True	4	0	0	0	0
sub-083	C0	S2	gain_demean	221116	8.8890737970359623e-07	0	0	221116	221116	0	0	True	True	True	True	4	0	0	0	0
sub-083	C0	S2	loss_demean	221116	3.8930725168029312e-06	0	0	221116	221116	0	0	True	True	True	True	4	0	0	0	0
sub-083	C1	S0	gain_demean	221116	7.0875425659665521e-31	1	1	221116	221116	0	0	True	True	True	True	4	2	0	1	2
sub-083	C1	S0	loss_demean	221116	2.5803596229363457e-30	1	0	221116	221116	0	0	True	True	True	True	4	2	0	1	2
sub-083	C1	S1	gain_demean	221116	1.812164327930077e-06	0	0	221116	221116	0	0	True	True	True	True	4	0	0	0	0
sub-083	C1	S1	loss_demean	221116	8.0960908235283569e-06	0	0	221116	221116	0	0	True	True	True	True	4	0	0	0	0
sub-083	C1	S2	gain_demean	221116	8.9297765271112439e-07	0	0	221116	221116	0	0	True	True	True	True	4	0	0	0	0
sub-083	C1	S2	loss_demean	221116	3.9641058720008004e-06	0	0	221116	221116	0	0	True	True	True	True	4	0	0	0	0
sub-083	C2	S0	gain_demean	221116	3.9703036399588061e-31	1	1	221116	221116	0	0	True	True	True	True	4	2	0	1	2
sub-083	C2	S0	loss_demean	221116	1.4463338916246265e-30	1	0	221116	221116	0	0	True	True	True	True	4	2	0	1	2
sub-083	C2	S1	gain_demean	221116	1.8193773030361626e-06	0	0	221116	221116	0	0	True	True	True	True	4	0	0	0	0
sub-083	C2	S1	loss_demean	221116	7.8891671364544891e-06	0	0	221116	221116	0	0	True	True	True	True	4	0	0	0	0
sub-083	C2	S2	gain_demean	221116	9.0266291863372317e-07	0	0	221116	221116	0	0	True	True	True	True	4	0	0	0	0
sub-083	C2	S2	loss_demean	221116	3.9672213461017236e-06	0	0	221116	221116	0	0	True	True	True	True	4	0	0	0	0
sub-084	C0	S0	gain_demean	221116	6.479750300059095e-05	0	0	221116	221116	0	0	True	True	True	True	4	0	0	0	0
sub-084	C0	S0	loss_demean	221116	6.1308397562243044e-05	0	0	221116	221116	0	0	True	True	True	True	4	0	0	0	0
sub-084	C0	S1	gain_demean	221116	1.1674626875901595e-05	0	0	221116	221116	0	0	True	True	True	True	4	0	0	0	0
sub-084	C0	S1	loss_demean	221116	1.0880686204473022e-05	0	0	221116	221116	0	0	True	True	True	True	4	0	0	0	0
sub-084	C0	S2	gain_demean	221116	6.7655400926014408e-06	0	0	221116	221116	0	0	True	True	True	True	4	0	0	0	0
sub-084	C0	S2	loss_demean	221116	6.2873664319340605e-06	0	0	221116	221116	0	0	True	True	True	True	4	0	0	0	0
sub-084	C1	S0	gain_demean	221116	5.915351357543841e-05	0	0	221116	221116	0	0	True	True	True	True	4	0	0	0	0
sub-084	C1	S0	loss_demean	221116	5.4448304581455886e-05	0	0	221116	221116	0	0	True	True	True	True	4	0	0	0	0
sub-084	C1	S1	gain_demean	221116	1.0293750165146776e-05	0	0	221116	221116	0	0	True	True	True	True	4	0	0	0	0
sub-084	C1	S1	loss_demean	221116	9.5099658210529014e-06	0	0	221116	221116	0	0	True	True	True	True	4	0	0	0	0
sub-084	C1	S2	gain_demean	221116	6.430859230022179e-06	0	0	221116	221116	0	0	True	True	True	True	4	0	0	0	0
sub-084	C1	S2	loss_demean	221116	6.0383454183465801e-06	0	0	221116	221116	0	0	True	True	True	True	4	0	0	0	0
sub-084	C2	S0	gain_demean	221116	5.6019354815362021e-05	0	0	221116	221116	0	0	True	True	True	True	4	0	0	0	0
sub-084	C2	S0	loss_demean	221116	5.2262606914155185e-05	0	0	221116	221116	0	0	True	True	True	True	4	0	0	0	0
sub-084	C2	S1	gain_demean	221116	9.3667667897534557e-06	0	0	221116	221116	0	0	True	True	True	True	4	0	0	0	0
sub-084	C2	S1	loss_demean	221116	8.7394537331419997e-06	0	0	221116	221116	0	0	True	True	True	True	4	0	0	0	0
sub-084	C2	S2	gain_demean	221116	5.9195731410000008e-06	0	0	221116	221116	0	0	True	True	True	True	4	0	0	0	0
sub-084	C2	S2	loss_demean	221116	5.6561148085165769e-06	0	0	221116	221116	0	0	True	True	True	True	4	0	0	0	0
sub-085	C0	S0	gain_demean	221116	6.0825414455897889e-32	2	2	221116	221116	0	0	True	True	True	True	4	4	0	2	2
sub-085	C0	S0	loss_demean	221116	2.1178942844471397e-31	2	2	221116	221116	0	0	True	True	True	True	4	4	0	2	2
sub-085	C0	S1	gain_demean	221116	2.9932336929050507e-06	0	0	221116	221116	0	0	True	True	True	True	4	0	0	0	0
sub-085	C0	S1	loss_demean	221116	1.3000636499782559e-05	0	0	221116	221116	0	0	True	True	True	True	4	0	0	0	0
sub-085	C0	S2	gain_demean	221116	1.7386325907864375e-06	0	0	221116	221116	0	0	True	True	True	True	4	0	0	0	0
sub-085	C0	S2	loss_demean	221116	7.7498070822912268e-06	0	0	221116	221116	0	0	True	True	True	True	4	0	0	0	0
sub-085	C1	S0	gain_demean	221116	1.3923921485772569e-30	2	0	221116	221116	0	0	True	True	True	True	4	4	0	2	2
sub-085	C1	S0	loss_demean	221116	4.893548752077687e-30	2	0	221116	221116	0	0	True	True	True	True	4	4	0	2	2
sub-085	C1	S1	gain_demean	221116	2.9410455226752674e-06	0	0	221116	221116	0	0	True	True	True	True	4	0	0	0	0
sub-085	C1	S1	loss_demean	221116	1.2802450328308623e-05	0	0	221116	221116	0	0	True	True	True	True	4	0	0	0	0
sub-085	C1	S2	gain_demean	221116	1.6413133607784403e-06	0	0	221116	221116	0	0	True	True	True	True	4	0	0	0	0
sub-085	C1	S2	loss_demean	221116	7.3332366810063832e-06	0	0	221116	221116	0	0	True	True	True	True	4	0	0	0	0
sub-085	C2	S0	gain_demean	221116	1.3787824630625326e-31	2	2	221116	221116	0	0	True	True	True	True	4	4	0	2	2
sub-085	C2	S0	loss_demean	221116	4.6221364163880793e-31	2	1	221116	221116	0	0	True	True	True	True	4	4	0	2	2
sub-085	C2	S1	gain_demean	221116	2.3187130864243954e-06	0	0	221116	221116	0	0	True	True	True	True	4	0	0	0	0
sub-085	C2	S1	loss_demean	221116	1.0227496204606723e-05	0	0	221116	221116	0	0	True	True	True	True	4	0	0	0	0
sub-085	C2	S2	gain_demean	221116	1.3302659453984234e-06	0	0	221116	221116	0	0	True	True	True	True	4	0	0	0	0
sub-085	C2	S2	loss_demean	221116	5.9332564887881745e-06	0	0	221116	221116	0	0	True	True	True	True	4	0	0	0	0
sub-087	C0	S0	gain_demean	221116	3.1768006010679528e-05	0	0	221116	221116	0	0	True	True	True	True	4	0	0	0	0
sub-087	C0	S0	loss_demean	221116	0.00012499841977842152	0	0	221116	221116	0	0	True	True	True	True	4	0	0	0	0
sub-087	C0	S1	gain_demean	221116	4.0953482312033884e-06	0	0	221116	221116	0	0	True	True	True	True	4	0	0	0	0
sub-087	C0	S1	loss_demean	221116	1.6133248209371231e-05	0	0	221116	221116	0	0	True	True	True	True	4	0	0	0	0
sub-087	C0	S2	gain_demean	221116	2.8684924018307356e-06	0	0	221116	221116	0	0	True	True	True	True	4	0	0	0	0
sub-087	C0	S2	loss_demean	221116	1.1355336937413085e-05	0	0	221116	221116	0	0	True	True	True	True	4	0	0	0	0
sub-087	C1	S0	gain_demean	221116	2.4383238269365393e-05	0	0	221116	221116	0	0	True	True	True	True	4	0	0	0	0
sub-087	C1	S0	loss_demean	221116	9.7001451649703085e-05	0	0	221116	221116	0	0	True	True	True	True	4	0	0	0	0
sub-087	C1	S1	gain_demean	221116	3.9892179302114528e-06	0	0	221116	221116	0	0	True	True	True	True	4	0	0	0	0
sub-087	C1	S1	loss_demean	221116	1.6038336980273016e-05	0	0	221116	221116	0	0	True	True	True	True	4	0	0	0	0
sub-087	C1	S2	gain_demean	221116	2.6026484647445614e-06	0	0	221116	221116	0	0	True	True	True	True	4	0	0	0	0
sub-087	C1	S2	loss_demean	221116	1.0319447028450668e-05	0	0	221116	221116	0	0	True	True	True	True	4	0	0	0	0
sub-087	C2	S0	gain_demean	221116	2.0750094336108305e-05	0	0	221116	221116	0	0	True	True	True	True	4	0	0	0	0
sub-087	C2	S0	loss_demean	221116	8.3868959336541593e-05	0	0	221116	221116	0	0	True	True	True	True	4	0	0	0	0
sub-087	C2	S1	gain_demean	221116	3.0457756565738237e-06	0	0	221116	221116	0	0	True	True	True	True	4	0	0	0	0
sub-087	C2	S1	loss_demean	221116	1.2142880223109387e-05	0	0	221116	221116	0	0	True	True	True	True	4	0	0	0	0
sub-087	C2	S2	gain_demean	221116	2.054031483567087e-06	0	0	221116	221116	0	0	True	True	True	True	4	0	0	0	0
sub-087	C2	S2	loss_demean	221116	8.2738561104633845e-06	0	0	221116	221116	0	0	True	True	True	True	4	0	0	0	0
sub-088	C0	S0	gain_demean	221116	0.00015631063433829695	0	0	221116	221116	0	0	True	True	True	True	4	0	0	0	0
sub-088	C0	S0	loss_demean	221116	0.00015848713519517332	0	0	221116	221116	0	0	True	True	True	True	4	0	0	0	0
sub-088	C0	S1	gain_demean	221116	1.6697120372555219e-05	0	0	221116	221116	0	0	True	True	True	True	4	0	0	0	0
sub-088	C0	S1	loss_demean	221116	1.7100657714763656e-05	0	0	221116	221116	0	0	True	True	True	True	4	0	0	0	0
sub-088	C0	S2	gain_demean	221116	9.8194523161510006e-06	0	0	221116	221116	0	0	True	True	True	True	4	0	0	0	0
sub-088	C0	S2	loss_demean	221116	1.0039166227215901e-05	0	0	221116	221116	0	0	True	True	True	True	4	0	0	0	0
sub-088	C1	S0	gain_demean	221116	0.00013936671894043684	0	0	221116	221116	0	0	True	True	True	True	4	0	0	0	0
sub-088	C1	S0	loss_demean	221116	0.00014173884119372815	0	0	221116	221116	0	0	True	True	True	True	4	0	0	0	0
sub-088	C1	S1	gain_demean	221116	1.4369224118127022e-05	0	0	221116	221116	0	0	True	True	True	True	4	0	0	0	0
sub-088	C1	S1	loss_demean	221116	1.4683807421533857e-05	0	0	221116	221116	0	0	True	True	True	True	4	0	0	0	0
sub-088	C1	S2	gain_demean	221116	8.5440087786992081e-06	0	0	221116	221116	0	0	True	True	True	True	4	0	0	0	0
sub-088	C1	S2	loss_demean	221116	8.838147550704889e-06	0	0	221116	221116	0	0	True	True	True	True	4	0	0	0	0
sub-088	C2	S0	gain_demean	221116	0.00013533499441109598	0	0	221116	221116	0	0	True	True	True	True	4	0	0	0	0
sub-088	C2	S0	loss_demean	221116	0.00013876539014745504	0	0	221116	221116	0	0	True	True	True	True	4	0	0	0	0
sub-088	C2	S1	gain_demean	221116	1.3123869393893983e-05	0	0	221116	221116	0	0	True	True	True	True	4	0	0	0	0
sub-088	C2	S1	loss_demean	221116	1.3543041859520599e-05	0	0	221116	221116	0	0	True	True	True	True	4	0	0	0	0
sub-088	C2	S2	gain_demean	221116	7.3309406616317574e-06	0	0	221116	221116	0	0	True	True	True	True	4	0	0	0	0
sub-088	C2	S2	loss_demean	221116	7.6046790127293207e-06	0	0	221116	221116	0	0	True	True	True	True	4	0	0	0	0
sub-089	C0	S0	gain_demean	221116	2.640100683493074e-05	0	0	221116	221116	0	0	True	True	True	True	4	0	0	0	0
sub-089	C0	S0	loss_demean	221116	0.00010796491551445797	0	0	221116	221116	0	0	True	True	True	True	4	0	0	0	0
sub-089	C0	S1	gain_demean	221116	3.9063993426680099e-06	0	0	221116	221116	0	0	True	True	True	True	4	0	0	0	0
sub-089	C0	S1	loss_demean	221116	1.5990388419595547e-05	0	0	221116	221116	0	0	True	True	True	True	4	0	0	0	0
sub-089	C0	S2	gain_demean	221116	2.4115779524436221e-06	0	0	221116	221116	0	0	True	True	True	True	4	0	0	0	0
sub-089	C0	S2	loss_demean	221116	9.7954516604659148e-06	0	0	221116	221116	0	0	True	True	True	True	4	0	0	0	0
sub-089	C1	S0	gain_demean	221116	2.4035723981796764e-05	0	0	221116	221116	0	0	True	True	True	True	4	0	0	0	0
sub-089	C1	S0	loss_demean	221116	9.9654651421587914e-05	0	0	221116	221116	0	0	True	True	True	True	4	0	0	0	0
sub-089	C1	S1	gain_demean	221116	3.5968812426290242e-06	0	0	221116	221116	0	0	True	True	True	True	4	0	0	0	0
sub-089	C1	S1	loss_demean	221116	1.485924167354824e-05	0	0	221116	221116	0	0	True	True	True	True	4	0	0	0	0
sub-089	C1	S2	gain_demean	221116	2.0199183836666634e-06	0	0	221116	221116	0	0	True	True	True	True	4	0	0	0	0
sub-089	C1	S2	loss_demean	221116	8.3421491581248119e-06	0	0	221116	221116	0	0	True	True	True	True	4	0	0	0	0
sub-089	C2	S0	gain_demean	221116	2.2586289560422301e-05	0	0	221116	221116	0	0	True	True	True	True	4	0	0	0	0
sub-089	C2	S0	loss_demean	221116	9.3758208095096052e-05	0	0	221116	221116	0	0	True	True	True	True	4	0	0	0	0
sub-089	C2	S1	gain_demean	221116	3.1563160973746562e-06	0	0	221116	221116	0	0	True	True	True	True	4	0	0	0	0
sub-089	C2	S1	loss_demean	221116	1.3048579603491817e-05	0	0	221116	221116	0	0	True	True	True	True	4	0	0	0	0
sub-089	C2	S2	gain_demean	221116	1.6942908587225247e-06	0	0	221116	221116	0	0	True	True	True	True	4	0	0	0	0
sub-089	C2	S2	loss_demean	221116	6.9797315518371761e-06	0	0	221116	221116	0	0	True	True	True	True	4	0	0	0	0
sub-090	C0	S0	gain_demean	221116	3.3344888548504478e-31	3	1	221116	221116	0	0	True	True	True	True	4	3	0	2	2
sub-090	C0	S0	loss_demean	221116	3.795623533734523e-31	3	1	221116	221116	0	0	True	True	True	True	4	3	0	2	2
sub-090	C0	S1	gain_demean	221116	9.6159428721875884e-06	0	0	221116	221116	0	0	True	True	True	True	4	0	0	0	0
sub-090	C0	S1	loss_demean	221116	1.0221298907708842e-05	0	0	221116	221116	0	0	True	True	True	True	4	0	0	0	0
sub-090	C0	S2	gain_demean	221116	5.1862216423614882e-06	0	0	221116	221116	0	0	True	True	True	True	4	0	0	0	0
sub-090	C0	S2	loss_demean	221116	5.5755531320755836e-06	0	0	221116	221116	0	0	True	True	True	True	4	0	0	0	0
sub-090	C1	S0	gain_demean	221116	1.2836374236855075e-29	3	0	221116	221116	0	0	True	True	True	True	4	3	0	2	2
sub-090	C1	S0	loss_demean	221116	1.4476485645065861e-29	3	0	221116	221116	0	0	True	True	True	True	4	3	0	2	2
sub-090	C1	S1	gain_demean	221116	8.9748336904449388e-06	0	0	221116	221116	0	0	True	True	True	True	4	0	0	0	0
sub-090	C1	S1	loss_demean	221116	9.5394179879804142e-06	0	0	221116	221116	0	0	True	True	True	True	4	0	0	0	0
sub-090	C1	S2	gain_demean	221116	5.281725407257909e-06	0	0	221116	221116	0	0	True	True	True	True	4	0	0	0	0
sub-090	C1	S2	loss_demean	221116	5.5982809499255382e-06	0	0	221116	221116	0	0	True	True	True	True	4	0	0	0	0
sub-090	C2	S0	gain_demean	221116	7.5291065569532221e-32	3	3	221116	221116	0	0	True	True	True	True	4	3	0	2	2
sub-090	C2	S0	loss_demean	221116	6.6179109437169932e-32	3	3	221116	221116	0	0	True	True	True	True	4	3	0	2	2
sub-090	C2	S1	gain_demean	221116	9.6059093266376294e-06	0	0	221116	221116	0	0	True	True	True	True	4	0	0	0	0
sub-090	C2	S1	loss_demean	221116	9.3917897174833342e-06	0	0	221116	221116	0	0	True	True	True	True	4	0	0	0	0
sub-090	C2	S2	gain_demean	221116	5.3454405133379623e-06	0	0	221116	221116	0	0	True	True	True	True	4	0	0	0	0
sub-090	C2	S2	loss_demean	221116	5.2684608817799017e-06	0	0	221116	221116	0	0	True	True	True	True	4	0	0	0	0
sub-092	C0	S0	gain_demean	221116	6.9093039201106876e-05	0	0	221116	221116	0	0	True	True	True	True	4	1	0	1	1
sub-092	C0	S0	loss_demean	221116	6.5771040681283921e-05	0	0	221116	221116	0	0	True	True	True	True	4	1	0	1	1
sub-092	C0	S1	gain_demean	221116	1.0822961485246196e-05	0	0	221116	221116	0	0	True	True	True	True	4	0	0	0	0
sub-092	C0	S1	loss_demean	221116	1.0352508070354816e-05	0	0	221116	221116	0	0	True	True	True	True	4	0	0	0	0
sub-092	C0	S2	gain_demean	221116	5.2166419663990382e-06	0	0	221116	221116	0	0	True	True	True	True	4	0	0	0	0
sub-092	C0	S2	loss_demean	221116	4.9555928853806108e-06	0	0	221116	221116	0	0	True	True	True	True	4	0	0	0	0
sub-092	C1	S0	gain_demean	221116	7.3398077802266926e-05	0	0	221116	221116	0	0	True	True	True	True	4	1	0	1	1
sub-092	C1	S0	loss_demean	221116	6.9914698542561382e-05	0	0	221116	221116	0	0	True	True	True	True	4	1	0	1	1
sub-092	C1	S1	gain_demean	221116	1.1191534213139676e-05	0	0	221116	221116	0	0	True	True	True	True	4	0	0	0	0
sub-092	C1	S1	loss_demean	221116	1.0680315426725429e-05	0	0	221116	221116	0	0	True	True	True	True	4	0	0	0	0
sub-092	C1	S2	gain_demean	221116	5.3656949603464454e-06	0	0	221116	221116	0	0	True	True	True	True	4	0	0	0	0
sub-092	C1	S2	loss_demean	221116	5.1057413656963035e-06	0	0	221116	221116	0	0	True	True	True	True	4	0	0	0	0
sub-092	C2	S0	gain_demean	221116	6.9651381636504084e-05	0	0	221116	221116	0	0	True	True	True	True	4	1	0	1	1
sub-092	C2	S0	loss_demean	221116	6.6619206336326897e-05	0	0	221116	221116	0	0	True	True	True	True	4	1	0	1	1
sub-092	C2	S1	gain_demean	221116	1.1076102964580059e-05	0	0	221116	221116	0	0	True	True	True	True	4	0	0	0	0
sub-092	C2	S1	loss_demean	221116	1.0615352039167192e-05	0	0	221116	221116	0	0	True	True	True	True	4	0	0	0	0
sub-092	C2	S2	gain_demean	221116	5.21508854944841e-06	0	0	221116	221116	0	0	True	True	True	True	4	0	0	0	0
sub-092	C2	S2	loss_demean	221116	4.9763434617489111e-06	0	0	221116	221116	0	0	True	True	True	True	4	0	0	0	0
sub-093	C0	S0	gain_demean	221116	3.3190670365002006e-05	0	0	221116	221116	0	0	True	True	True	True	4	1	0	1	1
sub-093	C0	S0	loss_demean	221116	0.00013571520685218275	0	0	221116	221116	0	0	True	True	True	True	4	1	0	1	1
sub-093	C0	S1	gain_demean	221116	4.3903864934691228e-06	0	0	221116	221116	0	0	True	True	True	True	4	0	0	0	0
sub-093	C0	S1	loss_demean	221116	1.8067437849822454e-05	0	0	221116	221116	0	0	True	True	True	True	4	0	0	0	0
sub-093	C0	S2	gain_demean	221116	2.3458724172087386e-06	0	0	221116	221116	0	0	True	True	True	True	4	0	0	0	0
sub-093	C0	S2	loss_demean	221116	9.8024338512914255e-06	0	0	221116	221116	0	0	True	True	True	True	4	0	0	0	0
sub-093	C1	S0	gain_demean	221116	2.9769718821626157e-05	0	0	221116	221116	0	0	True	True	True	True	4	1	0	1	1
sub-093	C1	S0	loss_demean	221116	0.00012510750093497336	0	0	221116	221116	0	0	True	True	True	True	4	1	0	1	1
sub-093	C1	S1	gain_demean	221116	3.9858932723291218e-06	0	0	221116	221116	0	0	True	True	True	True	4	0	0	0	0
sub-093	C1	S1	loss_demean	221116	1.6514726667082869e-05	0	0	221116	221116	0	0	True	True	True	True	4	0	0	0	0
sub-093	C1	S2	gain_demean	221116	2.0196446257614298e-06	0	0	221116	221116	0	0	True	True	True	True	4	0	0	0	0
sub-093	C1	S2	loss_demean	221116	8.7013650045264512e-06	0	0	221116	221116	0	0	True	True	True	True	4	0	0	0	0
sub-093	C2	S0	gain_demean	221116	3.0263050575740635e-05	0	0	221116	221116	0	0	True	True	True	True	4	1	0	1	1
sub-093	C2	S0	loss_demean	221116	0.00012340949615463614	0	0	221116	221116	0	0	True	True	True	True	4	1	0	1	1
sub-093	C2	S1	gain_demean	221116	3.6166318295727251e-06	0	0	221116	221116	0	0	True	True	True	True	4	0	0	0	0
sub-093	C2	S1	loss_demean	221116	1.4600030226574745e-05	0	0	221116	221116	0	0	True	True	True	True	4	0	0	0	0
sub-093	C2	S2	gain_demean	221116	1.5011061123004765e-06	0	0	221116	221116	0	0	True	True	True	True	4	0	0	0	0
sub-093	C2	S2	loss_demean	221116	6.129871508164797e-06	0	0	221116	221116	0	0	True	True	True	True	4	0	0	0	0
sub-094	C0	S0	gain_demean	221116	7.8000542998779565e-05	0	0	221116	221116	0	0	True	True	True	True	4	0	0	0	0
sub-094	C0	S0	loss_demean	221116	6.7213353759143502e-05	0	0	221116	221116	0	0	True	True	True	True	4	0	0	0	0
sub-094	C0	S1	gain_demean	221116	1.0508570994716138e-05	0	0	221116	221116	0	0	True	True	True	True	4	0	0	0	0
sub-094	C0	S1	loss_demean	221116	9.0043977252207696e-06	0	0	221116	221116	0	0	True	True	True	True	4	0	0	0	0
sub-094	C0	S2	gain_demean	221116	4.5875326577515807e-06	0	0	221116	221116	0	0	True	True	True	True	4	0	0	0	0
sub-094	C0	S2	loss_demean	221116	3.975366780650802e-06	0	0	221116	221116	0	0	True	True	True	True	4	0	0	0	0
sub-094	C1	S0	gain_demean	221116	7.7776858233846724e-05	0	0	221116	221116	0	0	True	True	True	True	4	0	0	0	0
sub-094	C1	S0	loss_demean	221116	6.4644678786862642e-05	0	0	221116	221116	0	0	True	True	True	True	4	0	0	0	0
sub-094	C1	S1	gain_demean	221116	1.1276489203737583e-05	0	0	221116	221116	0	0	True	True	True	True	4	0	0	0	0
sub-094	C1	S1	loss_demean	221116	9.3431108325603418e-06	0	0	221116	221116	0	0	True	True	True	True	4	0	0	0	0
sub-094	C1	S2	gain_demean	221116	4.5674041757592931e-06	0	0	221116	221116	0	0	True	True	True	True	4	0	0	0	0
sub-094	C1	S2	loss_demean	221116	3.8269049582595471e-06	0	0	221116	221116	0	0	True	True	True	True	4	0	0	0	0
sub-094	C2	S0	gain_demean	221116	7.6594908023253083e-05	0	0	221116	221116	0	0	True	True	True	True	4	0	0	0	0
sub-094	C2	S0	loss_demean	221116	6.4005580497905612e-05	0	0	221116	221116	0	0	True	True	True	True	4	0	0	0	0
sub-094	C2	S1	gain_demean	221116	1.0901223504333757e-05	0	0	221116	221116	0	0	True	True	True	True	4	0	0	0	0
sub-094	C2	S1	loss_demean	221116	9.0520097728585824e-06	0	0	221116	221116	0	0	True	True	True	True	4	0	0	0	0
sub-094	C2	S2	gain_demean	221116	4.3578229451668449e-06	0	0	221116	221116	0	0	True	True	True	True	4	0	0	0	0
sub-094	C2	S2	loss_demean	221116	3.6387473301147111e-06	0	0	221116	221116	0	0	True	True	True	True	4	0	0	0	0
sub-095	C0	S0	gain_demean	221116	2.3907845388748683e-05	0	0	221116	221116	0	0	True	True	True	True	4	1	0	1	1
sub-095	C0	S0	loss_demean	221116	9.5383591542486101e-05	0	0	221116	221116	0	0	True	True	True	True	4	1	0	1	1
sub-095	C0	S1	gain_demean	221116	3.0717515073774848e-06	0	0	221116	221116	0	0	True	True	True	True	4	0	0	0	0
sub-095	C0	S1	loss_demean	221116	1.2797630006389227e-05	0	0	221116	221116	0	0	True	True	True	True	4	0	0	0	0
sub-095	C0	S2	gain_demean	221116	2.1244197796477238e-06	0	0	221116	221116	0	0	True	True	True	True	4	0	0	0	0
sub-095	C0	S2	loss_demean	221116	8.6971695054671727e-06	0	0	221116	221116	0	0	True	True	True	True	4	0	0	0	0
sub-095	C1	S0	gain_demean	221116	2.5321862267446704e-05	0	0	221116	221116	0	0	True	True	True	True	4	1	0	1	1
sub-095	C1	S0	loss_demean	221116	9.7050724434666336e-05	0	0	221116	221116	0	0	True	True	True	True	4	1	0	1	1
sub-095	C1	S1	gain_demean	221116	3.0341107049025595e-06	0	0	221116	221116	0	0	True	True	True	True	4	0	0	0	0
sub-095	C1	S1	loss_demean	221116	1.2257122762093786e-05	0	0	221116	221116	0	0	True	True	True	True	4	0	0	0	0
sub-095	C1	S2	gain_demean	221116	1.9820863599306904e-06	0	0	221116	221116	0	0	True	True	True	True	4	0	0	0	0
sub-095	C1	S2	loss_demean	221116	8.1100761235575192e-06	0	0	221116	221116	0	0	True	True	True	True	4	0	0	0	0
sub-095	C2	S0	gain_demean	221116	2.4655482775415294e-05	0	0	221116	221116	0	0	True	True	True	True	4	1	0	1	1
sub-095	C2	S0	loss_demean	221116	9.3682778242509812e-05	0	0	221116	221116	0	0	True	True	True	True	4	1	0	1	1
sub-095	C2	S1	gain_demean	221116	2.8140889298811089e-06	0	0	221116	221116	0	0	True	True	True	True	4	0	0	0	0
sub-095	C2	S1	loss_demean	221116	1.149669878941495e-05	0	0	221116	221116	0	0	True	True	True	True	4	0	0	0	0
sub-095	C2	S2	gain_demean	221116	1.8103875163433258e-06	0	0	221116	221116	0	0	True	True	True	True	4	0	0	0	0
sub-095	C2	S2	loss_demean	221116	7.4149552347080316e-06	0	0	221116	221116	0	0	True	True	True	True	4	0	0	0	0
sub-096	C0	S0	gain_demean	221116	2.8189562000515619e-30	1	0	221116	221116	0	0	True	True	True	True	4	3	0	2	2
sub-096	C0	S0	loss_demean	221116	2.9433377963798659e-30	1	0	221116	221116	0	0	True	True	True	True	4	3	0	2	2
sub-096	C0	S1	gain_demean	221116	1.2068100659234915e-05	0	0	221116	221116	0	0	True	True	True	True	4	0	0	0	0
sub-096	C0	S1	loss_demean	221116	1.2885364412795752e-05	0	0	221116	221116	0	0	True	True	True	True	4	0	0	0	0
sub-096	C0	S2	gain_demean	221116	6.9484849518630654e-06	0	0	221116	221116	0	0	True	True	True	True	4	0	0	0	0
sub-096	C0	S2	loss_demean	221116	7.1284230216406286e-06	0	0	221116	221116	0	0	True	True	True	True	4	0	0	0	0
sub-096	C1	S0	gain_demean	221116	2.5820077600557466e-30	1	0	221116	221116	0	0	True	True	True	True	4	3	0	2	2
sub-096	C1	S0	loss_demean	221116	2.6731379125834704e-30	1	0	221116	221116	0	0	True	True	True	True	4	3	0	2	2
sub-096	C1	S1	gain_demean	221116	1.2884331226814538e-05	0	0	221116	221116	0	0	True	True	True	True	4	0	0	0	0
sub-096	C1	S1	loss_demean	221116	1.360178976028692e-05	0	0	221116	221116	0	0	True	True	True	True	4	0	0	0	0
sub-096	C1	S2	gain_demean	221116	6.8781446316279471e-06	0	0	221116	221116	0	0	True	True	True	True	4	0	0	0	0
sub-096	C1	S2	loss_demean	221116	7.0527621574001387e-06	0	0	221116	221116	0	0	True	True	True	True	4	0	0	0	0
sub-096	C2	S0	gain_demean	221116	1.8176176614632037e-31	1	1	221116	221116	0	0	True	True	True	True	4	3	0	2	2
sub-096	C2	S0	loss_demean	221116	1.8823381469802123e-31	1	1	221116	221116	0	0	True	True	True	True	4	3	0	2	2
sub-096	C2	S1	gain_demean	221116	1.0292651495547034e-05	0	0	221116	221116	0	0	True	True	True	True	4	0	0	0	0
sub-096	C2	S1	loss_demean	221116	1.0824165656231344e-05	0	0	221116	221116	0	0	True	True	True	True	4	0	0	0	0
sub-096	C2	S2	gain_demean	221116	6.3550928643962834e-06	0	0	221116	221116	0	0	True	True	True	True	4	0	0	0	0
sub-096	C2	S2	loss_demean	221116	6.5607187025307212e-06	0	0	221116	221116	0	0	True	True	True	True	4	0	0	0	0
sub-098	C0	S0	gain_demean	221116	8.082993736024946e-05	0	0	221116	221116	0	0	True	True	True	True	4	0	0	0	0
sub-098	C0	S0	loss_demean	221116	8.2456230302341282e-05	0	0	221116	221116	0	0	True	True	True	True	4	0	0	0	0
sub-098	C0	S1	gain_demean	221116	1.0278798072249629e-05	0	0	221116	221116	0	0	True	True	True	True	4	0	0	0	0
sub-098	C0	S1	loss_demean	221116	1.0479629963811021e-05	0	0	221116	221116	0	0	True	True	True	True	4	0	0	0	0
sub-098	C0	S2	gain_demean	221116	5.1447723308228888e-06	0	0	221116	221116	0	0	True	True	True	True	4	0	0	0	0
sub-098	C0	S2	loss_demean	221116	5.2128884817648213e-06	0	0	221116	221116	0	0	True	True	True	True	4	0	0	0	0
sub-098	C1	S0	gain_demean	221116	8.3077982708346099e-05	0	0	221116	221116	0	0	True	True	True	True	4	0	0	0	0
sub-098	C1	S0	loss_demean	221116	8.5978746938053519e-05	0	0	221116	221116	0	0	True	True	True	True	4	0	0	0	0
sub-098	C1	S1	gain_demean	221116	1.0306368494639173e-05	0	0	221116	221116	0	0	True	True	True	True	4	0	0	0	0
sub-098	C1	S1	loss_demean	221116	1.0538854439801071e-05	0	0	221116	221116	0	0	True	True	True	True	4	0	0	0	0
sub-098	C1	S2	gain_demean	221116	4.9740701797418296e-06	0	0	221116	221116	0	0	True	True	True	True	4	0	0	0	0
sub-098	C1	S2	loss_demean	221116	5.0744793043122627e-06	0	0	221116	221116	0	0	True	True	True	True	4	0	0	0	0
sub-098	C2	S0	gain_demean	221116	8.2706632383633405e-05	0	0	221116	221116	0	0	True	True	True	True	4	0	0	0	0
sub-098	C2	S0	loss_demean	221116	8.472286572214216e-05	0	0	221116	221116	0	0	True	True	True	True	4	0	0	0	0
sub-098	C2	S1	gain_demean	221116	1.001336750050541e-05	0	0	221116	221116	0	0	True	True	True	True	4	0	0	0	0
sub-098	C2	S1	loss_demean	221116	1.0049331649497617e-05	0	0	221116	221116	0	0	True	True	True	True	4	0	0	0	0
sub-098	C2	S2	gain_demean	221116	4.5357683120528236e-06	0	0	221116	221116	0	0	True	True	True	True	4	0	0	0	0
sub-098	C2	S2	loss_demean	221116	4.6237987589847762e-06	0	0	221116	221116	0	0	True	True	True	True	4	0	0	0	0
sub-099	C0	S0	gain_demean	221116	1.2802981357574204e-30	1	0	221116	221116	0	0	True	True	True	True	4	4	1	1	4
sub-099	C0	S0	loss_demean	221116	6.1277057252997944e-30	1	0	221116	221116	0	0	True	True	True	True	4	4	1	1	4
sub-099	C0	S1	gain_demean	221116	3.1937347557686735e-06	0	0	221116	221116	0	0	True	True	True	True	4	0	0	0	0
sub-099	C0	S1	loss_demean	221116	1.3250922165752854e-05	0	0	221116	221116	0	0	True	True	True	True	4	0	0	0	0
sub-099	C0	S2	gain_demean	221116	1.9634007912827656e-06	0	0	221116	221116	0	0	True	True	True	True	4	0	0	0	0
sub-099	C0	S2	loss_demean	221116	8.1502357716090046e-06	0	0	221116	221116	0	0	True	True	True	True	4	0	0	0	0
sub-099	C1	S0	gain_demean	221116	3.3172096991504226e-30	1	0	221116	221116	0	0	True	True	True	True	4	4	1	1	4
sub-099	C1	S0	loss_demean	221116	1.568778875115883e-29	1	0	221116	221116	0	0	True	True	True	True	4	4	1	1	4
sub-099	C1	S1	gain_demean	221116	3.1891643175185891e-06	0	0	221116	221116	0	0	True	True	True	True	4	0	0	0	0
sub-099	C1	S1	loss_demean	221116	1.3250603842607234e-05	0	0	221116	221116	0	0	True	True	True	True	4	0	0	0	0
sub-099	C1	S2	gain_demean	221116	1.7449019651394337e-06	0	0	221116	221116	0	0	True	True	True	True	4	0	0	0	0
sub-099	C1	S2	loss_demean	221116	7.2399980126647279e-06	0	0	221116	221116	0	0	True	True	True	True	4	0	0	0	0
sub-099	C2	S0	gain_demean	221116	1.0485466033063644e-31	1	1	221116	221116	0	0	True	True	True	True	4	4	1	1	4
sub-099	C2	S0	loss_demean	221116	4.9892512955114653e-31	1	1	221116	221116	0	0	True	True	True	True	4	4	1	1	4
sub-099	C2	S1	gain_demean	221116	3.0671269541926449e-06	0	0	221116	221116	0	0	True	True	True	True	4	0	0	0	0
sub-099	C2	S1	loss_demean	221116	1.298380630032625e-05	0	0	221116	221116	0	0	True	True	True	True	4	0	0	0	0
sub-099	C2	S2	gain_demean	221116	1.5705679743405199e-06	0	0	221116	221116	0	0	True	True	True	True	4	0	0	0	0
sub-099	C2	S2	loss_demean	221116	6.6698357841232792e-06	0	0	221116	221116	0	0	True	True	True	True	4	0	0	0	0
sub-100	C0	S0	gain_demean	221116	0.00013799140288028866	0	0	221116	221116	0	0	True	True	True	True	4	0	0	0	0
sub-100	C0	S0	loss_demean	221116	0.00013282321742735803	0	0	221116	221116	0	0	True	True	True	True	4	0	0	0	0
sub-100	C0	S1	gain_demean	221116	2.0219020370859653e-05	0	0	221116	221116	0	0	True	True	True	True	4	0	0	0	0
sub-100	C0	S1	loss_demean	221116	1.9728295228560455e-05	0	0	221116	221116	0	0	True	True	True	True	4	0	0	0	0
sub-100	C0	S2	gain_demean	221116	1.1731748600141145e-05	0	0	221116	221116	0	0	True	True	True	True	4	0	0	0	0
sub-100	C0	S2	loss_demean	221116	1.121696550399065e-05	0	0	221116	221116	0	0	True	True	True	True	4	0	0	0	0
sub-100	C1	S0	gain_demean	221116	0.00013269939518067986	0	0	221116	221116	0	0	True	True	True	True	4	0	0	0	0
sub-100	C1	S0	loss_demean	221116	0.00013115000911056995	0	0	221116	221116	0	0	True	True	True	True	4	0	0	0	0
sub-100	C1	S1	gain_demean	221116	1.7486805518274195e-05	0	0	221116	221116	0	0	True	True	True	True	4	0	0	0	0
sub-100	C1	S1	loss_demean	221116	1.7471515093347989e-05	0	0	221116	221116	0	0	True	True	True	True	4	0	0	0	0
sub-100	C1	S2	gain_demean	221116	9.8549435278982855e-06	0	0	221116	221116	0	0	True	True	True	True	4	0	0	0	0
sub-100	C1	S2	loss_demean	221116	9.7341471700929105e-06	0	0	221116	221116	0	0	True	True	True	True	4	0	0	0	0
sub-100	C2	S0	gain_demean	221116	0.00013022917846683413	0	0	221116	221116	0	0	True	True	True	True	4	0	0	0	0
sub-100	C2	S0	loss_demean	221116	0.00013068474072497338	0	0	221116	221116	0	0	True	True	True	True	4	0	0	0	0
sub-100	C2	S1	gain_demean	221116	1.7450689483666793e-05	0	0	221116	221116	0	0	True	True	True	True	4	0	0	0	0
sub-100	C2	S1	loss_demean	221116	1.7523527276352979e-05	0	0	221116	221116	0	0	True	True	True	True	4	0	0	0	0
sub-100	C2	S2	gain_demean	221116	8.6749514593975618e-06	0	0	221116	221116	0	0	True	True	True	True	4	0	0	0	0
sub-100	C2	S2	loss_demean	221116	8.7696289483574219e-06	0	0	221116	221116	0	0	True	True	True	True	4	0	0	0	0
sub-102	C0	S0	gain_demean	221116	3.2177579870143577e-30	1	0	221116	221116	0	0	True	True	True	True	4	3	0	1	3
sub-102	C0	S0	loss_demean	221116	4.0357470780114574e-30	1	0	221116	221116	0	0	True	True	True	True	4	3	0	1	3
sub-102	C0	S1	gain_demean	221116	1.0995234333677217e-05	0	0	221116	221116	0	0	True	True	True	True	4	0	0	0	0
sub-102	C0	S1	loss_demean	221116	1.1340737728460226e-05	0	0	221116	221116	0	0	True	True	True	True	4	0	0	0	0
sub-102	C0	S2	gain_demean	221116	5.1760780479526147e-06	0	0	221116	221116	0	0	True	True	True	True	4	0	0	0	0
sub-102	C0	S2	loss_demean	221116	5.3083153943589423e-06	0	0	221116	221116	0	0	True	True	True	True	4	0	0	0	0
sub-102	C1	S0	gain_demean	221116	1.890368550743787e-29	1	0	221116	221116	0	0	True	True	True	True	4	3	0	1	3
sub-102	C1	S0	loss_demean	221116	2.167151315752245e-29	1	0	221116	221116	0	0	True	True	True	True	4	3	0	1	3
sub-102	C1	S1	gain_demean	221116	1.1299573088763282e-05	0	0	221116	221116	0	0	True	True	True	True	4	0	0	0	0
sub-102	C1	S1	loss_demean	221116	1.156724010797916e-05	0	0	221116	221116	0	0	True	True	True	True	4	0	0	0	0
sub-102	C1	S2	gain_demean	221116	5.3303419917938299e-06	0	0	221116	221116	0	0	True	True	True	True	4	0	0	0	0
sub-102	C1	S2	loss_demean	221116	5.4566216931561939e-06	0	0	221116	221116	0	0	True	True	True	True	4	0	0	0	0
sub-102	C2	S0	gain_demean	221116	4.5281081530680642e-31	1	1	221116	221116	0	0	True	True	True	True	4	3	0	1	3
sub-102	C2	S0	loss_demean	221116	5.7401979940201511e-31	1	1	221116	221116	0	0	True	True	True	True	4	3	0	1	3
sub-102	C2	S1	gain_demean	221116	1.0593415026960429e-05	0	0	221116	221116	0	0	True	True	True	True	4	0	0	0	0
sub-102	C2	S1	loss_demean	221116	1.0866633601835929e-05	0	0	221116	221116	0	0	True	True	True	True	4	0	0	0	0
sub-102	C2	S2	gain_demean	221116	5.1737110879912507e-06	0	0	221116	221116	0	0	True	True	True	True	4	0	0	0	0
sub-102	C2	S2	loss_demean	221116	5.3163048505666666e-06	0	0	221116	221116	0	0	True	True	True	True	4	0	0	0	0
sub-103	C0	S0	gain_demean	221116	2.5055744117707945e-05	0	0	221116	221116	0	0	True	True	True	True	4	0	0	0	0
sub-103	C0	S0	loss_demean	221116	0.00010098842176375911	0	0	221116	221116	0	0	True	True	True	True	4	0	0	0	0
sub-103	C0	S1	gain_demean	221116	5.1927240747318137e-06	0	0	221116	221116	0	0	True	True	True	True	4	0	0	0	0
sub-103	C0	S1	loss_demean	221116	2.0932557163177989e-05	0	0	221116	221116	0	0	True	True	True	True	4	0	0	0	0
sub-103	C0	S2	gain_demean	221116	3.3154744869534625e-06	0	0	221116	221116	0	0	True	True	True	True	4	0	0	0	0
sub-103	C0	S2	loss_demean	221116	1.3300106729730032e-05	0	0	221116	221116	0	0	True	True	True	True	4	0	0	0	0
sub-103	C1	S0	gain_demean	221116	2.5804100005188957e-05	0	0	221116	221116	0	0	True	True	True	True	4	0	0	0	0
sub-103	C1	S0	loss_demean	221116	0.00010657707753125578	0	0	221116	221116	0	0	True	True	True	True	4	0	0	0	0
sub-103	C1	S1	gain_demean	221116	5.0550506784929894e-06	0	0	221116	221116	0	0	True	True	True	True	4	0	0	0	0
sub-103	C1	S1	loss_demean	221116	2.0791721908608451e-05	0	0	221116	221116	0	0	True	True	True	True	4	0	0	0	0
sub-103	C1	S2	gain_demean	221116	3.1476772619498661e-06	0	0	221116	221116	0	0	True	True	True	True	4	0	0	0	0
sub-103	C1	S2	loss_demean	221116	1.2919287655677181e-05	0	0	221116	221116	0	0	True	True	True	True	4	0	0	0	0
sub-103	C2	S0	gain_demean	221116	2.231298822152894e-05	0	0	221116	221116	0	0	True	True	True	True	4	0	0	0	0
sub-103	C2	S0	loss_demean	221116	9.3213144282344729e-05	0	0	221116	221116	0	0	True	True	True	True	4	0	0	0	0
sub-103	C2	S1	gain_demean	221116	3.2963760077109328e-06	0	0	221116	221116	0	0	True	True	True	True	4	0	0	0	0
sub-103	C2	S1	loss_demean	221116	1.3445225704344921e-05	0	0	221116	221116	0	0	True	True	True	True	4	0	0	0	0
sub-103	C2	S2	gain_demean	221116	2.2192873530002544e-06	0	0	221116	221116	0	0	True	True	True	True	4	0	0	0	0
sub-103	C2	S2	loss_demean	221116	9.2169202616787516e-06	0	0	221116	221116	0	0	True	True	True	True	4	0	0	0	0
sub-104	C0	S0	gain_demean	221116	6.8802517489530146e-05	0	0	221116	221116	0	0	True	True	True	True	4	1	0	1	1
sub-104	C0	S0	loss_demean	221116	6.2282480939757079e-05	0	0	221116	221116	0	0	True	True	True	True	4	1	0	1	1
sub-104	C0	S1	gain_demean	221116	1.0276514331053477e-05	0	0	221116	221116	0	0	True	True	True	True	4	0	0	0	0
sub-104	C0	S1	loss_demean	221116	9.423344636161346e-06	0	0	221116	221116	0	0	True	True	True	True	4	0	0	0	0
sub-104	C0	S2	gain_demean	221116	4.7936337068676949e-06	0	0	221116	221116	0	0	True	True	True	True	4	0	0	0	0
sub-104	C0	S2	loss_demean	221116	4.3207833186897915e-06	0	0	221116	221116	0	0	True	True	True	True	4	0	0	0	0
sub-104	C1	S0	gain_demean	221116	7.134161569410935e-05	0	0	221116	221116	0	0	True	True	True	True	4	1	0	1	1
sub-104	C1	S0	loss_demean	221116	6.3654886616859585e-05	0	0	221116	221116	0	0	True	True	True	True	4	1	0	1	1
sub-104	C1	S1	gain_demean	221116	9.9405742730596103e-06	0	0	221116	221116	0	0	True	True	True	True	4	0	0	0	0
sub-104	C1	S1	loss_demean	221116	8.9514842329663225e-06	0	0	221116	221116	0	0	True	True	True	True	4	0	0	0	0
sub-104	C1	S2	gain_demean	221116	4.6666746129631065e-06	0	0	221116	221116	0	0	True	True	True	True	4	0	0	0	0
sub-104	C1	S2	loss_demean	221116	4.131249625061173e-06	0	0	221116	221116	0	0	True	True	True	True	4	0	0	0	0
sub-104	C2	S0	gain_demean	221116	7.2421033110003918e-05	0	0	221116	221116	0	0	True	True	True	True	4	1	0	1	1
sub-104	C2	S0	loss_demean	221116	6.4265266701113433e-05	0	0	221116	221116	0	0	True	True	True	True	4	1	0	1	1
sub-104	C2	S1	gain_demean	221116	1.03063312053564e-05	0	0	221116	221116	0	0	True	True	True	True	4	0	0	0	0
sub-104	C2	S1	loss_demean	221116	9.2125583250890486e-06	0	0	221116	221116	0	0	True	True	True	True	4	0	0	0	0
sub-104	C2	S2	gain_demean	221116	4.67164727524505e-06	0	0	221116	221116	0	0	True	True	True	True	4	0	0	0	0
sub-104	C2	S2	loss_demean	221116	4.082444775121985e-06	0	0	221116	221116	0	0	True	True	True	True	4	0	0	0	0
sub-105	C0	S0	gain_demean	221116	1.0490056338503605e-31	1	1	221116	221116	0	0	True	True	True	True	4	1	0	1	1
sub-105	C0	S0	loss_demean	221116	3.257423915408279e-31	1	1	221116	221116	0	0	True	True	True	True	4	1	0	1	1
sub-105	C0	S1	gain_demean	221116	3.115234676442924e-06	0	0	221116	221116	0	0	True	True	True	True	4	0	0	0	0
sub-105	C0	S1	loss_demean	221116	1.027995313052088e-05	0	0	221116	221116	0	0	True	True	True	True	4	0	0	0	0
sub-105	C0	S2	gain_demean	221116	1.6472968127345666e-06	0	0	221116	221116	0	0	True	True	True	True	4	0	0	0	0
sub-105	C0	S2	loss_demean	221116	5.4189358706935309e-06	0	0	221116	221116	0	0	True	True	True	True	4	0	0	0	0
sub-105	C1	S0	gain_demean	221116	3.9165052319905983e-29	1	0	221116	221116	0	0	True	True	True	True	4	1	0	1	1
sub-105	C1	S0	loss_demean	221116	1.2225211063512274e-28	1	0	221116	221116	0	0	True	True	True	True	4	1	0	1	1
sub-105	C1	S1	gain_demean	221116	3.0039680041227257e-06	0	0	221116	221116	0	0	True	True	True	True	4	0	0	0	0
sub-105	C1	S1	loss_demean	221116	9.9695180324488319e-06	0	0	221116	221116	0	0	True	True	True	True	4	0	0	0	0
sub-105	C1	S2	gain_demean	221116	1.5808931266292348e-06	0	0	221116	221116	0	0	True	True	True	True	4	0	0	0	0
sub-105	C1	S2	loss_demean	221116	5.2392870202311315e-06	0	0	221116	221116	0	0	True	True	True	True	4	0	0	0	0
sub-105	C2	S0	gain_demean	221116	1.169299401553906e-30	1	0	221116	221116	0	0	True	True	True	True	4	1	0	1	1
sub-105	C2	S0	loss_demean	221116	3.6191673025659215e-30	1	0	221116	221116	0	0	True	True	True	True	4	1	0	1	1
sub-105	C2	S1	gain_demean	221116	2.9887673917983193e-06	0	0	221116	221116	0	0	True	True	True	True	4	0	0	0	0
sub-105	C2	S1	loss_demean	221116	1.0105331966769882e-05	0	0	221116	221116	0	0	True	True	True	True	4	0	0	0	0
sub-105	C2	S2	gain_demean	221116	1.5076996078278171e-06	0	0	221116	221116	0	0	True	True	True	True	4	0	0	0	0
sub-105	C2	S2	loss_demean	221116	5.1092065405100584e-06	0	0	221116	221116	0	0	True	True	True	True	4	0	0	0	0
sub-106	C0	S0	gain_demean	221116	8.156045078067109e-05	0	0	221116	221116	0	0	True	True	True	True	4	3	0	2	2
sub-106	C0	S0	loss_demean	221116	8.5798114014323801e-05	0	0	221116	221116	0	0	True	True	True	True	4	3	0	2	2
sub-106	C0	S1	gain_demean	221116	9.7120391728822142e-06	0	0	221116	221116	0	0	True	True	True	True	4	0	0	0	0
sub-106	C0	S1	loss_demean	221116	1.0192070476477966e-05	0	0	221116	221116	0	0	True	True	True	True	4	0	0	0	0
sub-106	C0	S2	gain_demean	221116	6.0704091993102338e-06	0	0	221116	221116	0	0	True	True	True	True	4	0	0	0	0
sub-106	C0	S2	loss_demean	221116	6.3616685110901017e-06	0	0	221116	221116	0	0	True	True	True	True	4	0	0	0	0
sub-106	C1	S0	gain_demean	221116	8.0542144132778049e-05	0	0	221116	221116	0	0	True	True	True	True	4	3	0	2	2
sub-106	C1	S0	loss_demean	221116	8.6743981228210032e-05	0	0	221116	221116	0	0	True	True	True	True	4	3	0	2	2
sub-106	C1	S1	gain_demean	221116	8.5379206211655401e-06	0	0	221116	221116	0	0	True	True	True	True	4	0	0	0	0
sub-106	C1	S1	loss_demean	221116	9.1747415353893302e-06	0	0	221116	221116	0	0	True	True	True	True	4	0	0	0	0
sub-106	C1	S2	gain_demean	221116	5.4818824537505861e-06	0	0	221116	221116	0	0	True	True	True	True	4	0	0	0	0
sub-106	C1	S2	loss_demean	221116	5.8709970289783087e-06	0	0	221116	221116	0	0	True	True	True	True	4	0	0	0	0
sub-106	C2	S0	gain_demean	221116	7.8286800999194384e-05	0	0	221116	221116	0	0	True	True	True	True	4	3	0	2	2
sub-106	C2	S0	loss_demean	221116	8.4153194620739669e-05	0	0	221116	221116	0	0	True	True	True	True	4	3	0	2	2
sub-106	C2	S1	gain_demean	221116	8.6285808720276691e-06	0	0	221116	221116	0	0	True	True	True	True	4	0	0	0	0
sub-106	C2	S1	loss_demean	221116	9.3086055130697787e-06	0	0	221116	221116	0	0	True	True	True	True	4	0	0	0	0
sub-106	C2	S2	gain_demean	221116	5.2984951253165491e-06	0	0	221116	221116	0	0	True	True	True	True	4	0	0	0	0
sub-106	C2	S2	loss_demean	221116	5.7051602198043838e-06	0	0	221116	221116	0	0	True	True	True	True	4	0	0	0	0
sub-107	C0	S0	gain_demean	221116	1.1556144655928194e-29	1	0	221116	221116	0	0	True	True	True	True	4	9	1	4	4
sub-107	C0	S0	loss_demean	221116	4.184087318079577e-29	1	0	221116	221116	0	0	True	True	True	True	4	9	1	4	4
sub-107	C0	S1	gain_demean	221116	2.8467297852330375e-06	0	0	221116	221116	0	0	True	True	True	True	4	0	0	0	0
sub-107	C0	S1	loss_demean	221116	1.2037331543979235e-05	0	0	221116	221116	0	0	True	True	True	True	4	0	0	0	0
sub-107	C0	S2	gain_demean	221116	1.3167402812541695e-06	0	0	221116	221116	0	0	True	True	True	True	4	0	0	0	0
sub-107	C0	S2	loss_demean	221116	5.5603227337996941e-06	0	0	221116	221116	0	0	True	True	True	True	4	0	0	0	0
sub-107	C1	S0	gain_demean	221116	7.3549750539424678e-31	1	1	221116	221116	0	0	True	True	True	True	4	9	1	4	4
sub-107	C1	S0	loss_demean	221116	2.6511232543812706e-30	1	0	221116	221116	0	0	True	True	True	True	4	9	1	4	4
sub-107	C1	S1	gain_demean	221116	2.9365355658228509e-06	0	0	221116	221116	0	0	True	True	True	True	4	0	0	0	0
sub-107	C1	S1	loss_demean	221116	1.2337754924374167e-05	0	0	221116	221116	0	0	True	True	True	True	4	0	0	0	0
sub-107	C1	S2	gain_demean	221116	1.3474397064783261e-06	0	0	221116	221116	0	0	True	True	True	True	4	0	0	0	0
sub-107	C1	S2	loss_demean	221116	5.6682579270272981e-06	0	0	221116	221116	0	0	True	True	True	True	4	0	0	0	0
sub-107	C2	S0	gain_demean	221116	7.5769234337054062e-31	1	1	221116	221116	0	0	True	True	True	True	4	9	1	4	4
sub-107	C2	S0	loss_demean	221116	2.7173150591574294e-30	1	0	221116	221116	0	0	True	True	True	True	4	9	1	4	4
sub-107	C2	S1	gain_demean	221116	2.9468378670571838e-06	0	0	221116	221116	0	0	True	True	True	True	4	0	0	0	0
sub-107	C2	S1	loss_demean	221116	1.2559094102471136e-05	0	0	221116	221116	0	0	True	True	True	True	4	0	0	0	0
sub-107	C2	S2	gain_demean	221116	1.3524322639568709e-06	0	0	221116	221116	0	0	True	True	True	True	4	0	0	0	0
sub-107	C2	S2	loss_demean	221116	5.747824161517201e-06	0	0	221116	221116	0	0	True	True	True	True	4	0	0	0	0
sub-108	C0	S0	gain_demean	221116	7.5702228059526533e-05	0	0	221116	221116	0	0	True	True	True	True	4	0	0	0	0
sub-108	C0	S0	loss_demean	221116	7.4954958108719438e-05	0	0	221116	221116	0	0	True	True	True	True	4	0	0	0	0
sub-108	C0	S1	gain_demean	221116	9.1843539848923683e-06	0	0	221116	221116	0	0	True	True	True	True	4	0	0	0	0
sub-108	C0	S1	loss_demean	221116	9.0872445070999674e-06	0	0	221116	221116	0	0	True	True	True	True	4	0	0	0	0
sub-108	C0	S2	gain_demean	221116	6.9102111410757061e-06	0	0	221116	221116	0	0	True	True	True	True	4	0	0	0	0
sub-108	C0	S2	loss_demean	221116	6.8385757003852632e-06	0	0	221116	221116	0	0	True	True	True	True	4	0	0	0	0
sub-108	C1	S0	gain_demean	221116	7.8385332017205656e-05	0	0	221116	221116	0	0	True	True	True	True	4	0	0	0	0
sub-108	C1	S0	loss_demean	221116	7.3717070335987955e-05	0	0	221116	221116	0	0	True	True	True	True	4	0	0	0	0
sub-108	C1	S1	gain_demean	221116	9.4456454462488182e-06	0	0	221116	221116	0	0	True	True	True	True	4	0	0	0	0
sub-108	C1	S1	loss_demean	221116	8.8905526354210451e-06	0	0	221116	221116	0	0	True	True	True	True	4	0	0	0	0
sub-108	C1	S2	gain_demean	221116	5.8100163187191356e-06	0	0	221116	221116	0	0	True	True	True	True	4	0	0	0	0
sub-108	C1	S2	loss_demean	221116	5.4638276196783409e-06	0	0	221116	221116	0	0	True	True	True	True	4	0	0	0	0
sub-108	C2	S0	gain_demean	221116	7.578650547657162e-05	0	0	221116	221116	0	0	True	True	True	True	4	0	0	0	0
sub-108	C2	S0	loss_demean	221116	7.1869741077534854e-05	0	0	221116	221116	0	0	True	True	True	True	4	0	0	0	0
sub-108	C2	S1	gain_demean	221116	8.2856267908937298e-06	0	0	221116	221116	0	0	True	True	True	True	4	0	0	0	0
sub-108	C2	S1	loss_demean	221116	7.8463781392201781e-06	0	0	221116	221116	0	0	True	True	True	True	4	0	0	0	0
sub-108	C2	S2	gain_demean	221116	4.3201212065469008e-06	0	0	221116	221116	0	0	True	True	True	True	4	0	0	0	0
sub-108	C2	S2	loss_demean	221116	4.0985628402268048e-06	0	0	221116	221116	0	0	True	True	True	True	4	0	0	0	0
sub-109	C0	S0	gain_demean	221116	9.1432903448766788e-31	2	2	221116	221116	0	0	True	True	True	True	4	2	0	2	1
sub-109	C0	S0	loss_demean	221116	3.4625613623810117e-30	2	0	221116	221116	0	0	True	True	True	True	4	2	0	2	1
sub-109	C0	S1	gain_demean	221116	2.4942751224443782e-06	0	0	221116	221116	0	0	True	True	True	True	4	0	0	0	0
sub-109	C0	S1	loss_demean	221116	9.7332285804441199e-06	0	0	221116	221116	0	0	True	True	True	True	4	0	0	0	0
sub-109	C0	S2	gain_demean	221116	1.4214189150152379e-06	0	0	221116	221116	0	0	True	True	True	True	4	0	0	0	0
sub-109	C0	S2	loss_demean	221116	5.5985074141062796e-06	0	0	221116	221116	0	0	True	True	True	True	4	0	0	0	0
sub-109	C1	S0	gain_demean	221116	6.9291431035209318e-30	2	0	221116	221116	0	0	True	True	True	True	4	2	0	2	1
sub-109	C1	S0	loss_demean	221116	2.618916552343882e-29	2	0	221116	221116	0	0	True	True	True	True	4	2	0	2	1
sub-109	C1	S1	gain_demean	221116	2.4696189484529896e-06	0	0	221116	221116	0	0	True	True	True	True	4	0	0	0	0
sub-109	C1	S1	loss_demean	221116	1.0050349374068901e-05	0	0	221116	221116	0	0	True	True	True	True	4	0	0	0	0
sub-109	C1	S2	gain_demean	221116	1.3534271374737727e-06	0	0	221116	221116	0	0	True	True	True	True	4	0	0	0	0
sub-109	C1	S2	loss_demean	221116	5.5257642088690773e-06	0	0	221116	221116	0	0	True	True	True	True	4	0	0	0	0
sub-109	C2	S0	gain_demean	221116	5.8618433216183851e-31	2	2	221116	221116	0	0	True	True	True	True	4	2	0	2	1
sub-109	C2	S0	loss_demean	221116	2.1540405476558289e-30	2	0	221116	221116	0	0	True	True	True	True	4	2	0	2	1
sub-109	C2	S1	gain_demean	221116	2.3272616545000346e-06	0	0	221116	221116	0	0	True	True	True	True	4	0	0	0	0
sub-109	C2	S1	loss_demean	221116	9.4142824309528805e-06	0	0	221116	221116	0	0	True	True	True	True	4	0	0	0	0
sub-109	C2	S2	gain_demean	221116	1.1691414556480595e-06	0	0	221116	221116	0	0	True	True	True	True	4	0	0	0	0
sub-109	C2	S2	loss_demean	221116	4.6973837015684694e-06	0	0	221116	221116	0	0	True	True	True	True	4	0	0	0	0
sub-110	C0	S0	gain_demean	221116	0.00011384706886019558	0	0	221116	221116	0	0	True	True	True	True	4	1	0	1	1
sub-110	C0	S0	loss_demean	221116	0.00011898632510565221	0	0	221116	221116	0	0	True	True	True	True	4	1	0	1	1
sub-110	C0	S1	gain_demean	221116	1.7084326827898622e-05	0	0	221116	221116	0	0	True	True	True	True	4	0	0	0	0
sub-110	C0	S1	loss_demean	221116	1.7545351511216722e-05	0	0	221116	221116	0	0	True	True	True	True	4	0	0	0	0
sub-110	C0	S2	gain_demean	221116	9.5509749371558428e-06	0	0	221116	221116	0	0	True	True	True	True	4	0	0	0	0
sub-110	C0	S2	loss_demean	221116	1.0037173524324317e-05	0	0	221116	221116	0	0	True	True	True	True	4	0	0	0	0
sub-110	C1	S0	gain_demean	221116	9.488453360972926e-05	0	0	221116	221116	0	0	True	True	True	True	4	1	0	1	1
sub-110	C1	S0	loss_demean	221116	9.9042830697726458e-05	0	0	221116	221116	0	0	True	True	True	True	4	1	0	1	1
sub-110	C1	S1	gain_demean	221116	1.4318141438707244e-05	0	0	221116	221116	0	0	True	True	True	True	4	0	0	0	0
sub-110	C1	S1	loss_demean	221116	1.4746535271115135e-05	0	0	221116	221116	0	0	True	True	True	True	4	0	0	0	0
sub-110	C1	S2	gain_demean	221116	9.9013805083814077e-06	0	0	221116	221116	0	0	True	True	True	True	4	0	0	0	0
sub-110	C1	S2	loss_demean	221116	1.033026728691766e-05	0	0	221116	221116	0	0	True	True	True	True	4	0	0	0	0
sub-110	C2	S0	gain_demean	221116	9.3355272838380188e-05	0	0	221116	221116	0	0	True	True	True	True	4	1	0	1	1
sub-110	C2	S0	loss_demean	221116	9.6158684755209833e-05	0	0	221116	221116	0	0	True	True	True	True	4	1	0	1	1
sub-110	C2	S1	gain_demean	221116	1.2167766726633999e-05	0	0	221116	221116	0	0	True	True	True	True	4	0	0	0	0
sub-110	C2	S1	loss_demean	221116	1.2500794582592789e-05	0	0	221116	221116	0	0	True	True	True	True	4	0	0	0	0
sub-110	C2	S2	gain_demean	221116	7.5718585321737919e-06	0	0	221116	221116	0	0	True	True	True	True	4	0	0	0	0
sub-110	C2	S2	loss_demean	221116	7.813895535946358e-06	0	0	221116	221116	0	0	True	True	True	True	4	0	0	0	0
sub-112	C0	S0	gain_demean	221116	7.9879674771145017e-31	3	2	221116	221116	0	0	True	True	True	True	4	10	2	4	4
sub-112	C0	S0	loss_demean	221116	7.6428696071820172e-31	3	2	221116	221116	0	0	True	True	True	True	4	10	2	4	4
sub-112	C0	S1	gain_demean	221116	7.5677758104575332e-06	0	0	221116	221116	0	0	True	True	True	True	4	0	0	0	0
sub-112	C0	S1	loss_demean	221116	7.168810952862259e-06	0	0	221116	221116	0	0	True	True	True	True	4	0	0	0	0
sub-112	C0	S2	gain_demean	221116	4.7261937652365305e-06	0	0	221116	221116	0	0	True	True	True	True	4	0	0	0	0
sub-112	C0	S2	loss_demean	221116	4.5369006329565309e-06	0	0	221116	221116	0	0	True	True	True	True	4	0	0	0	0
sub-112	C1	S0	gain_demean	221116	9.6295697883203233e-31	3	1	221116	221116	0	0	True	True	True	True	4	10	2	4	4
sub-112	C1	S0	loss_demean	221116	9.3997023382147654e-31	3	1	221116	221116	0	0	True	True	True	True	4	10	2	4	4
sub-112	C1	S1	gain_demean	221116	8.0609324868419208e-06	0	0	221116	221116	0	0	True	True	True	True	4	0	0	0	0
sub-112	C1	S1	loss_demean	221116	7.4752115324372426e-06	0	0	221116	221116	0	0	True	True	True	True	4	0	0	0	0
sub-112	C1	S2	gain_demean	221116	4.8117581172846258e-06	0	0	221116	221116	0	0	True	True	True	True	4	0	0	0	0
sub-112	C1	S2	loss_demean	221116	4.4777152652386576e-06	0	0	221116	221116	0	0	True	True	True	True	4	0	0	0	0
sub-112	C2	S0	gain_demean	221116	3.6598073866382562e-31	3	3	221116	221116	0	0	True	True	True	True	4	10	2	4	4
sub-112	C2	S0	loss_demean	221116	3.4021286805877236e-31	3	3	221116	221116	0	0	True	True	True	True	4	10	2	4	4
sub-112	C2	S1	gain_demean	221116	8.0375311881653033e-06	0	0	221116	221116	0	0	True	True	True	True	4	0	0	0	0
sub-112	C2	S1	loss_demean	221116	7.6158489719091449e-06	0	0	221116	221116	0	0	True	True	True	True	4	0	0	0	0
sub-112	C2	S2	gain_demean	221116	4.558488853945164e-06	0	0	221116	221116	0	0	True	True	True	True	4	0	0	0	0
sub-112	C2	S2	loss_demean	221116	4.3429472498246469e-06	0	0	221116	221116	0	0	True	True	True	True	4	0	0	0	0
sub-113	C0	S0	gain_demean	221116	1.4744702893070386e-31	3	3	221116	221116	0	0	True	True	True	True	4	7	1	2	4
sub-113	C0	S0	loss_demean	221116	4.892682553800453e-31	3	2	221116	221116	0	0	True	True	True	True	4	7	1	2	4
sub-113	C0	S1	gain_demean	221116	3.9633850974496454e-06	0	0	221116	221116	0	0	True	True	True	True	4	0	0	0	0
sub-113	C0	S1	loss_demean	221116	1.5190434169198852e-05	0	0	221116	221116	0	0	True	True	True	True	4	0	0	0	0
sub-113	C0	S2	gain_demean	221116	1.7619843220018083e-06	0	0	221116	221116	0	0	True	True	True	True	4	0	0	0	0
sub-113	C0	S2	loss_demean	221116	6.8927647589589469e-06	0	0	221116	221116	0	0	True	True	True	True	4	0	0	0	0
sub-113	C1	S0	gain_demean	221116	3.2230282454066083e-31	3	3	221116	221116	0	0	True	True	True	True	4	7	1	2	4
sub-113	C1	S0	loss_demean	221116	1.0834400716557213e-30	3	0	221116	221116	0	0	True	True	True	True	4	7	1	2	4
sub-113	C1	S1	gain_demean	221116	4.1942339521483518e-06	0	0	221116	221116	0	0	True	True	True	True	4	0	0	0	0
sub-113	C1	S1	loss_demean	221116	1.645266092964448e-05	0	0	221116	221116	0	0	True	True	True	True	4	0	0	0	0
sub-113	C1	S2	gain_demean	221116	1.8006094251177274e-06	0	0	221116	221116	0	0	True	True	True	True	4	0	0	0	0
sub-113	C1	S2	loss_demean	221116	7.186954917415278e-06	0	0	221116	221116	0	0	True	True	True	True	4	0	0	0	0
sub-113	C2	S0	gain_demean	221116	6.7371360459963191e-32	3	3	221116	221116	0	0	True	True	True	True	4	7	1	2	4
sub-113	C2	S0	loss_demean	221116	2.7720449006373643e-31	3	3	221116	221116	0	0	True	True	True	True	4	7	1	2	4
sub-113	C2	S1	gain_demean	221116	4.2146125451836269e-06	0	0	221116	221116	0	0	True	True	True	True	4	0	0	0	0
sub-113	C2	S1	loss_demean	221116	1.6445712390122935e-05	0	0	221116	221116	0	0	True	True	True	True	4	0	0	0	0
sub-113	C2	S2	gain_demean	221116	1.7552383724250831e-06	0	0	221116	221116	0	0	True	True	True	True	4	0	0	0	0
sub-113	C2	S2	loss_demean	221116	6.9464899752347264e-06	0	0	221116	221116	0	0	True	True	True	True	4	0	0	0	0
sub-114	C0	S0	gain_demean	221116	4.1285820735060658e-31	4	1	221116	221116	0	0	True	True	True	True	4	5	0	3	3
sub-114	C0	S0	loss_demean	221116	3.8489674673748384e-31	4	1	221116	221116	0	0	True	True	True	True	4	5	0	3	3
sub-114	C0	S1	gain_demean	221116	8.8086371761164628e-06	0	0	221116	221116	0	0	True	True	True	True	4	0	0	0	0
sub-114	C0	S1	loss_demean	221116	8.158048331097234e-06	0	0	221116	221116	0	0	True	True	True	True	4	0	0	0	0
sub-114	C0	S2	gain_demean	221116	3.7841250559722539e-06	0	0	221116	221116	0	0	True	True	True	True	4	0	0	0	0
sub-114	C0	S2	loss_demean	221116	3.5120056054438464e-06	0	0	221116	221116	0	0	True	True	True	True	4	0	0	0	0
sub-114	C1	S0	gain_demean	221116	3.91933185391845e-31	4	2	221116	221116	0	0	True	True	True	True	4	5	0	3	3
sub-114	C1	S0	loss_demean	221116	3.6916804457630622e-31	4	2	221116	221116	0	0	True	True	True	True	4	5	0	3	3
sub-114	C1	S1	gain_demean	221116	9.4159413492889144e-06	0	0	221116	221116	0	0	True	True	True	True	4	0	0	0	0
sub-114	C1	S1	loss_demean	221116	8.409454494540114e-06	0	0	221116	221116	0	0	True	True	True	True	4	0	0	0	0
sub-114	C1	S2	gain_demean	221116	3.9727119656163268e-06	0	0	221116	221116	0	0	True	True	True	True	4	0	0	0	0
sub-114	C1	S2	loss_demean	221116	3.5801936064672191e-06	0	0	221116	221116	0	0	True	True	True	True	4	0	0	0	0
sub-114	C2	S0	gain_demean	221116	3.7061930990183142e-31	4	4	221116	221116	0	0	True	True	True	True	4	5	0	3	3
sub-114	C2	S0	loss_demean	221116	3.5828776290464319e-31	4	4	221116	221116	0	0	True	True	True	True	4	5	0	3	3
sub-114	C2	S1	gain_demean	221116	9.2478139777085744e-06	0	0	221116	221116	0	0	True	True	True	True	4	0	0	0	0
sub-114	C2	S1	loss_demean	221116	8.4579032773035578e-06	0	0	221116	221116	0	0	True	True	True	True	4	0	0	0	0
sub-114	C2	S2	gain_demean	221116	3.6430517411645269e-06	0	0	221116	221116	0	0	True	True	True	True	4	0	0	0	0
sub-114	C2	S2	loss_demean	221116	3.4045881420752266e-06	0	0	221116	221116	0	0	True	True	True	True	4	0	0	0	0
sub-115	C0	S0	gain_demean	221116	1.8743994587566704e-05	0	0	221116	221116	0	0	True	True	True	True	4	0	0	0	0
sub-115	C0	S0	loss_demean	221116	7.5122341513633728e-05	0	0	221116	221116	0	0	True	True	True	True	4	0	0	0	0
sub-115	C0	S1	gain_demean	221116	2.6599598186294315e-06	0	0	221116	221116	0	0	True	True	True	True	4	0	0	0	0
sub-115	C0	S1	loss_demean	221116	1.1364579222572502e-05	0	0	221116	221116	0	0	True	True	True	True	4	0	0	0	0
sub-115	C0	S2	gain_demean	221116	1.4239258234738372e-06	0	0	221116	221116	0	0	True	True	True	True	4	0	0	0	0
sub-115	C0	S2	loss_demean	221116	5.8992677622882184e-06	0	0	221116	221116	0	0	True	True	True	True	4	0	0	0	0
sub-115	C1	S0	gain_demean	221116	1.9066512322751805e-05	0	0	221116	221116	0	0	True	True	True	True	4	0	0	0	0
sub-115	C1	S0	loss_demean	221116	7.6656346209347248e-05	0	0	221116	221116	0	0	True	True	True	True	4	0	0	0	0
sub-115	C1	S1	gain_demean	221116	2.7182925350643927e-06	0	0	221116	221116	0	0	True	True	True	True	4	0	0	0	0
sub-115	C1	S1	loss_demean	221116	1.1378771887393668e-05	0	0	221116	221116	0	0	True	True	True	True	4	0	0	0	0
sub-115	C1	S2	gain_demean	221116	1.3735210586673929e-06	0	0	221116	221116	0	0	True	True	True	True	4	0	0	0	0
sub-115	C1	S2	loss_demean	221116	5.663207957695704e-06	0	0	221116	221116	0	0	True	True	True	True	4	0	0	0	0
sub-115	C2	S0	gain_demean	221116	1.9462397176539525e-05	0	0	221116	221116	0	0	True	True	True	True	4	0	0	0	0
sub-115	C2	S0	loss_demean	221116	7.5658899731934071e-05	0	0	221116	221116	0	0	True	True	True	True	4	0	0	0	0
sub-115	C2	S1	gain_demean	221116	2.6929988052870613e-06	0	0	221116	221116	0	0	True	True	True	True	4	0	0	0	0
sub-115	C2	S1	loss_demean	221116	1.0656482118065469e-05	0	0	221116	221116	0	0	True	True	True	True	4	0	0	0	0
sub-115	C2	S2	gain_demean	221116	1.2243099263287149e-06	0	0	221116	221116	0	0	True	True	True	True	4	0	0	0	0
sub-115	C2	S2	loss_demean	221116	4.855375209444901e-06	0	0	221116	221116	0	0	True	True	True	True	4	0	0	0	0
sub-116	C0	S0	gain_demean	221116	0.00016753689851611853	0	0	221116	221116	0	0	True	True	True	True	4	0	0	0	0
sub-116	C0	S0	loss_demean	221116	0.00017277216829825193	0	0	221116	221116	0	0	True	True	True	True	4	0	0	0	0
sub-116	C0	S1	gain_demean	221116	1.62927717610728e-05	0	0	221116	221116	0	0	True	True	True	True	4	0	0	0	0
sub-116	C0	S1	loss_demean	221116	1.6985091860988177e-05	0	0	221116	221116	0	0	True	True	True	True	4	0	0	0	0
sub-116	C0	S2	gain_demean	221116	9.2208465503063053e-06	0	0	221116	221116	0	0	True	True	True	True	4	0	0	0	0
sub-116	C0	S2	loss_demean	221116	9.4727492978563532e-06	0	0	221116	221116	0	0	True	True	True	True	4	0	0	0	0
sub-116	C1	S0	gain_demean	221116	0.00013475280138663948	0	0	221116	221116	0	0	True	True	True	True	4	0	0	0	0
sub-116	C1	S0	loss_demean	221116	0.00013360078446567059	0	0	221116	221116	0	0	True	True	True	True	4	0	0	0	0
sub-116	C1	S1	gain_demean	221116	1.480989703850355e-05	0	0	221116	221116	0	0	True	True	True	True	4	0	0	0	0
sub-116	C1	S1	loss_demean	221116	1.5192902537819464e-05	0	0	221116	221116	0	0	True	True	True	True	4	0	0	0	0
sub-116	C1	S2	gain_demean	221116	8.477296432829462e-06	0	0	221116	221116	0	0	True	True	True	True	4	0	0	0	0
sub-116	C1	S2	loss_demean	221116	8.6083837231853977e-06	0	0	221116	221116	0	0	True	True	True	True	4	0	0	0	0
sub-116	C2	S0	gain_demean	221116	0.00012623885413631797	0	0	221116	221116	0	0	True	True	True	True	4	0	0	0	0
sub-116	C2	S0	loss_demean	221116	0.00013105657126288861	0	0	221116	221116	0	0	True	True	True	True	4	0	0	0	0
sub-116	C2	S1	gain_demean	221116	1.3404472156253178e-05	0	0	221116	221116	0	0	True	True	True	True	4	0	0	0	0
sub-116	C2	S1	loss_demean	221116	1.4645661394752096e-05	0	0	221116	221116	0	0	True	True	True	True	4	0	0	0	0
sub-116	C2	S2	gain_demean	221116	7.3934429565269966e-06	0	0	221116	221116	0	0	True	True	True	True	4	0	0	0	0
sub-116	C2	S2	loss_demean	221116	7.7179956861073151e-06	0	0	221116	221116	0	0	True	True	True	True	4	0	0	0	0
sub-117	C0	S0	gain_demean	221116	5.1180042497019461e-32	3	3	221116	221116	0	0	True	True	True	True	4	11	1	5	4
sub-117	C0	S0	loss_demean	221116	2.083307008866285e-31	3	3	221116	221116	0	0	True	True	True	True	4	11	1	5	4
sub-117	C0	S1	gain_demean	221116	2.2233289200812578e-06	0	0	221116	221116	0	0	True	True	True	True	4	0	0	0	0
sub-117	C0	S1	loss_demean	221116	8.7652197180432267e-06	0	0	221116	221116	0	0	True	True	True	True	4	0	0	0	0
sub-117	C0	S2	gain_demean	221116	9.7516272035136353e-07	0	0	221116	221116	0	0	True	True	True	True	4	0	0	0	0
sub-117	C0	S2	loss_demean	221116	3.8629386835964397e-06	0	0	221116	221116	0	0	True	True	True	True	4	0	0	0	0
sub-117	C1	S0	gain_demean	221116	8.3465007772791447e-31	3	2	221116	221116	0	0	True	True	True	True	4	11	1	5	4
sub-117	C1	S0	loss_demean	221116	2.8984664498620853e-30	3	0	221116	221116	0	0	True	True	True	True	4	11	1	5	4
sub-117	C1	S1	gain_demean	221116	2.3232198600453557e-06	0	0	221116	221116	0	0	True	True	True	True	4	0	0	0	0
sub-117	C1	S1	loss_demean	221116	9.0171479314449243e-06	0	0	221116	221116	0	0	True	True	True	True	4	0	0	0	0
sub-117	C1	S2	gain_demean	221116	9.9891121863038279e-07	0	0	221116	221116	0	0	True	True	True	True	4	0	0	0	0
sub-117	C1	S2	loss_demean	221116	3.8653010960842948e-06	0	0	221116	221116	0	0	True	True	True	True	4	0	0	0	0
sub-117	C2	S0	gain_demean	221116	1.9474249165369371e-31	3	3	221116	221116	0	0	True	True	True	True	4	11	1	5	4
sub-117	C2	S0	loss_demean	221116	7.8252325093844046e-31	3	2	221116	221116	0	0	True	True	True	True	4	11	1	5	4
sub-117	C2	S1	gain_demean	221116	2.1231373921182239e-06	0	0	221116	221116	0	0	True	True	True	True	4	0	0	0	0
sub-117	C2	S1	loss_demean	221116	8.2165424828417599e-06	0	0	221116	221116	0	0	True	True	True	True	4	0	0	0	0
sub-117	C2	S2	gain_demean	221116	9.5847713055263739e-07	0	0	221116	221116	0	0	True	True	True	True	4	0	0	0	0
sub-117	C2	S2	loss_demean	221116	3.6995431855757488e-06	0	0	221116	221116	0	0	True	True	True	True	4	0	0	0	0
sub-118	C0	S0	gain_demean	221116	8.0297586522749357e-30	1	0	221116	221116	0	0	True	True	True	True	4	2	0	1	2
sub-118	C0	S0	loss_demean	221116	1.0118153576849772e-29	1	0	221116	221116	0	0	True	True	True	True	4	2	0	1	2
sub-118	C0	S1	gain_demean	221116	1.4929965800547507e-05	0	0	221116	221116	0	0	True	True	True	True	4	0	0	0	0
sub-118	C0	S1	loss_demean	221116	1.4217869647836778e-05	0	0	221116	221116	0	0	True	True	True	True	4	0	0	0	0
sub-118	C0	S2	gain_demean	221116	9.0836128947557881e-06	0	0	221116	221116	0	0	True	True	True	True	4	0	0	0	0
sub-118	C0	S2	loss_demean	221116	8.644682566227857e-06	0	0	221116	221116	0	0	True	True	True	True	4	0	0	0	0
sub-118	C1	S0	gain_demean	221116	1.1154629828003701e-30	1	0	221116	221116	0	0	True	True	True	True	4	2	0	1	2
sub-118	C1	S0	loss_demean	221116	1.4122391011569923e-30	1	0	221116	221116	0	0	True	True	True	True	4	2	0	1	2
sub-118	C1	S1	gain_demean	221116	1.5626128515577875e-05	0	0	221116	221116	0	0	True	True	True	True	4	0	0	0	0
sub-118	C1	S1	loss_demean	221116	1.472689018555684e-05	0	0	221116	221116	0	0	True	True	True	True	4	0	0	0	0
sub-118	C1	S2	gain_demean	221116	8.5894525909679942e-06	0	0	221116	221116	0	0	True	True	True	True	4	0	0	0	0
sub-118	C1	S2	loss_demean	221116	8.0448808148503304e-06	0	0	221116	221116	0	0	True	True	True	True	4	0	0	0	0
sub-118	C2	S0	gain_demean	221116	7.4774154859195979e-31	1	1	221116	221116	0	0	True	True	True	True	4	2	0	1	2
sub-118	C2	S0	loss_demean	221116	9.6388768823923939e-31	1	1	221116	221116	0	0	True	True	True	True	4	2	0	1	2
sub-118	C2	S1	gain_demean	221116	1.3544819921662565e-05	0	0	221116	221116	0	0	True	True	True	True	4	0	0	0	0
sub-118	C2	S1	loss_demean	221116	1.2837562280765269e-05	0	0	221116	221116	0	0	True	True	True	True	4	0	0	0	0
sub-118	C2	S2	gain_demean	221116	7.2303082561120391e-06	0	0	221116	221116	0	0	True	True	True	True	4	0	0	0	0
sub-118	C2	S2	loss_demean	221116	6.8798017309745774e-06	0	0	221116	221116	0	0	True	True	True	True	4	0	0	0	0
sub-119	C0	S0	gain_demean	221116	3.1214036425808445e-05	0	0	221116	221116	0	0	True	True	True	True	4	1	0	1	1
sub-119	C0	S0	loss_demean	221116	0.00013398095325101167	0	0	221116	221116	0	0	True	True	True	True	4	1	0	1	1
sub-119	C0	S1	gain_demean	221116	3.2043778901424957e-06	0	0	221116	221116	0	0	True	True	True	True	4	0	0	0	0
sub-119	C0	S1	loss_demean	221116	1.3354674592847005e-05	0	0	221116	221116	0	0	True	True	True	True	4	0	0	0	0
sub-119	C0	S2	gain_demean	221116	1.6006360965548083e-06	0	0	221116	221116	0	0	True	True	True	True	4	0	0	0	0
sub-119	C0	S2	loss_demean	221116	6.8271765485405922e-06	0	0	221116	221116	0	0	True	True	True	True	4	0	0	0	0
sub-119	C1	S0	gain_demean	221116	3.062445466639474e-05	0	0	221116	221116	0	0	True	True	True	True	4	1	0	1	1
sub-119	C1	S0	loss_demean	221116	0.00012400913692545146	0	0	221116	221116	0	0	True	True	True	True	4	1	0	1	1
sub-119	C1	S1	gain_demean	221116	3.1519959975412348e-06	0	0	221116	221116	0	0	True	True	True	True	4	0	0	0	0
sub-119	C1	S1	loss_demean	221116	1.267980314878514e-05	0	0	221116	221116	0	0	True	True	True	True	4	0	0	0	0
sub-119	C1	S2	gain_demean	221116	1.5615576103300555e-06	0	0	221116	221116	0	0	True	True	True	True	4	0	0	0	0
sub-119	C1	S2	loss_demean	221116	6.447461146308342e-06	0	0	221116	221116	0	0	True	True	True	True	4	0	0	0	0
sub-119	C2	S0	gain_demean	221116	2.9668910428881645e-05	0	0	221116	221116	0	0	True	True	True	True	4	1	0	1	1
sub-119	C2	S0	loss_demean	221116	0.00012183633225504309	0	0	221116	221116	0	0	True	True	True	True	4	1	0	1	1
sub-119	C2	S1	gain_demean	221116	3.0941566819819855e-06	0	0	221116	221116	0	0	True	True	True	True	4	0	0	0	0
sub-119	C2	S1	loss_demean	221116	1.2677139238803647e-05	0	0	221116	221116	0	0	True	True	True	True	4	0	0	0	0
sub-119	C2	S2	gain_demean	221116	1.5616313930877368e-06	0	0	221116	221116	0	0	True	True	True	True	4	0	0	0	0
sub-119	C2	S2	loss_demean	221116	6.5078238549176604e-06	0	0	221116	221116	0	0	True	True	True	True	4	0	0	0	0
sub-120	C0	S0	gain_demean	221116	0.00014288739475887269	0	0	221116	221116	0	0	True	True	True	True	4	0	0	0	0
sub-120	C0	S0	loss_demean	221116	0.00013203456182964146	0	0	221116	221116	0	0	True	True	True	True	4	0	0	0	0
sub-120	C0	S1	gain_demean	221116	1.7506104995845817e-05	0	0	221116	221116	0	0	True	True	True	True	4	0	0	0	0
sub-120	C0	S1	loss_demean	221116	1.7219766959897242e-05	0	0	221116	221116	0	0	True	True	True	True	4	0	0	0	0
sub-120	C0	S2	gain_demean	221116	1.1284187166893389e-05	0	0	221116	221116	0	0	True	True	True	True	4	0	0	0	0
sub-120	C0	S2	loss_demean	221116	1.0943294000753667e-05	0	0	221116	221116	0	0	True	True	True	True	4	0	0	0	0
sub-120	C1	S0	gain_demean	221116	0.00013777123240288347	0	0	221116	221116	0	0	True	True	True	True	4	0	0	0	0
sub-120	C1	S0	loss_demean	221116	0.00012951243843417615	0	0	221116	221116	0	0	True	True	True	True	4	0	0	0	0
sub-120	C1	S1	gain_demean	221116	1.6950150893535465e-05	0	0	221116	221116	0	0	True	True	True	True	4	0	0	0	0
sub-120	C1	S1	loss_demean	221116	1.6355723346350715e-05	0	0	221116	221116	0	0	True	True	True	True	4	0	0	0	0
sub-120	C1	S2	gain_demean	221116	9.9547860372695141e-06	0	0	221116	221116	0	0	True	True	True	True	4	0	0	0	0
sub-120	C1	S2	loss_demean	221116	9.4627030193805695e-06	0	0	221116	221116	0	0	True	True	True	True	4	0	0	0	0
sub-120	C2	S0	gain_demean	221116	0.00013878558820579201	0	0	221116	221116	0	0	True	True	True	True	4	0	0	0	0
sub-120	C2	S0	loss_demean	221116	0.00012873038940597326	0	0	221116	221116	0	0	True	True	True	True	4	0	0	0	0
sub-120	C2	S1	gain_demean	221116	1.6273112123599276e-05	0	0	221116	221116	0	0	True	True	True	True	4	0	0	0	0
sub-120	C2	S1	loss_demean	221116	1.5599551261402667e-05	0	0	221116	221116	0	0	True	True	True	True	4	0	0	0	0
sub-120	C2	S2	gain_demean	221116	8.2518363342387602e-06	0	0	221116	221116	0	0	True	True	True	True	4	0	0	0	0
sub-120	C2	S2	loss_demean	221116	7.8563016359112225e-06	0	0	221116	221116	0	0	True	True	True	True	4	0	0	0	0
sub-121	C0	S0	gain_demean	221116	1.0847290247212849e-31	1	1	221116	221116	0	0	True	True	True	True	4	3	0	2	2
sub-121	C0	S0	loss_demean	221116	3.6991161528286237e-31	1	1	221116	221116	0	0	True	True	True	True	4	3	0	2	2
sub-121	C0	S1	gain_demean	221116	2.3872603378549684e-06	0	0	221116	221116	0	0	True	True	True	True	4	0	0	0	0
sub-121	C0	S1	loss_demean	221116	9.7164465842070058e-06	0	0	221116	221116	0	0	True	True	True	True	4	0	0	0	0
sub-121	C0	S2	gain_demean	221116	1.355751123810478e-06	0	0	221116	221116	0	0	True	True	True	True	4	0	0	0	0
sub-121	C0	S2	loss_demean	221116	5.4887605074327439e-06	0	0	221116	221116	0	0	True	True	True	True	4	0	0	0	0
sub-121	C1	S0	gain_demean	221116	1.4591481906418104e-30	1	0	221116	221116	0	0	True	True	True	True	4	3	0	2	2
sub-121	C1	S0	loss_demean	221116	4.9726235987806658e-30	1	0	221116	221116	0	0	True	True	True	True	4	3	0	2	2
sub-121	C1	S1	gain_demean	221116	2.5517240374028916e-06	0	0	221116	221116	0	0	True	True	True	True	4	0	0	0	0
sub-121	C1	S1	loss_demean	221116	1.0213097084488254e-05	0	0	221116	221116	0	0	True	True	True	True	4	0	0	0	0
sub-121	C1	S2	gain_demean	221116	1.353400080006395e-06	0	0	221116	221116	0	0	True	True	True	True	4	0	0	0	0
sub-121	C1	S2	loss_demean	221116	5.4490606089530047e-06	0	0	221116	221116	0	0	True	True	True	True	4	0	0	0	0
sub-121	C2	S0	gain_demean	221116	1.2061224438801376e-31	1	1	221116	221116	0	0	True	True	True	True	4	3	0	2	2
sub-121	C2	S0	loss_demean	221116	4.0836640833724445e-31	1	1	221116	221116	0	0	True	True	True	True	4	3	0	2	2
sub-121	C2	S1	gain_demean	221116	2.4931414372986183e-06	0	0	221116	221116	0	0	True	True	True	True	4	0	0	0	0
sub-121	C2	S1	loss_demean	221116	9.9215494628879242e-06	0	0	221116	221116	0	0	True	True	True	True	4	0	0	0	0
sub-121	C2	S2	gain_demean	221116	1.2860618880949914e-06	0	0	221116	221116	0	0	True	True	True	True	4	0	0	0	0
sub-121	C2	S2	loss_demean	221116	5.0608705350896344e-06	0	0	221116	221116	0	0	True	True	True	True	4	0	0	0	0
sub-123	C0	S0	gain_demean	221116	8.3371444593811335e-33	1	1	221116	221116	0	0	True	True	True	True	4	5	0	2	3
sub-123	C0	S0	loss_demean	221116	2.9282419451123405e-32	1	1	221116	221116	0	0	True	True	True	True	4	5	0	2	3
sub-123	C0	S1	gain_demean	221116	1.9045829731112462e-06	0	0	221116	221116	0	0	True	True	True	True	4	0	0	0	0
sub-123	C0	S1	loss_demean	221116	8.1105145000037737e-06	0	0	221116	221116	0	0	True	True	True	True	4	0	0	0	0
sub-123	C0	S2	gain_demean	221116	1.2344339666015003e-06	0	0	221116	221116	0	0	True	True	True	True	4	0	0	0	0
sub-123	C0	S2	loss_demean	221116	5.1459264795994386e-06	0	0	221116	221116	0	0	True	True	True	True	4	0	0	0	0
sub-123	C1	S0	gain_demean	221116	6.7723397508147449e-32	1	1	221116	221116	0	0	True	True	True	True	4	5	0	2	3
sub-123	C1	S0	loss_demean	221116	2.4105079773075002e-31	1	1	221116	221116	0	0	True	True	True	True	4	5	0	2	3
sub-123	C1	S1	gain_demean	221116	2.0254290120647056e-06	0	0	221116	221116	0	0	True	True	True	True	4	0	0	0	0
sub-123	C1	S1	loss_demean	221116	8.509923645760864e-06	0	0	221116	221116	0	0	True	True	True	True	4	0	0	0	0
sub-123	C1	S2	gain_demean	221116	1.2542647027657949e-06	0	0	221116	221116	0	0	True	True	True	True	4	0	0	0	0
sub-123	C1	S2	loss_demean	221116	5.1804022405121941e-06	0	0	221116	221116	0	0	True	True	True	True	4	0	0	0	0
sub-123	C2	S0	gain_demean	221116	1.8603494084284481e-32	1	1	221116	221116	0	0	True	True	True	True	4	5	0	2	3
sub-123	C2	S0	loss_demean	221116	6.5231807927201021e-32	1	1	221116	221116	0	0	True	True	True	True	4	5	0	2	3
sub-123	C2	S1	gain_demean	221116	2.0148145267739892e-06	0	0	221116	221116	0	0	True	True	True	True	4	0	0	0	0
sub-123	C2	S1	loss_demean	221116	8.4416524259722792e-06	0	0	221116	221116	0	0	True	True	True	True	4	0	0	0	0
sub-123	C2	S2	gain_demean	221116	1.2585127251441008e-06	0	0	221116	221116	0	0	True	True	True	True	4	0	0	0	0
sub-123	C2	S2	loss_demean	221116	5.2055265769013204e-06	0	0	221116	221116	0	0	True	True	True	True	4	0	0	0	0
sub-124	C0	S0	gain_demean	221116	1.7261517868084896e-28	1	0	221116	221116	0	0	True	True	True	True	4	2	0	1	2
sub-124	C0	S0	loss_demean	221116	1.4600576019721715e-28	1	0	221116	221116	0	0	True	True	True	True	4	2	0	1	2
sub-124	C0	S1	gain_demean	221116	1.6142934327945113e-05	0	0	221116	221116	0	0	True	True	True	True	4	0	0	0	0
sub-124	C0	S1	loss_demean	221116	1.5160103430389427e-05	0	0	221116	221116	0	0	True	True	True	True	4	0	0	0	0
sub-124	C0	S2	gain_demean	221116	8.4532166511053219e-06	0	0	221116	221116	0	0	True	True	True	True	4	0	0	0	0
sub-124	C0	S2	loss_demean	221116	8.0485533544560894e-06	0	0	221116	221116	0	0	True	True	True	True	4	0	0	0	0
sub-124	C1	S0	gain_demean	221116	4.7910968022001313e-30	1	0	221116	221116	0	0	True	True	True	True	4	2	0	1	2
sub-124	C1	S0	loss_demean	221116	4.0226842324687356e-30	1	0	221116	221116	0	0	True	True	True	True	4	2	0	1	2
sub-124	C1	S1	gain_demean	221116	1.5519379303441383e-05	0	0	221116	221116	0	0	True	True	True	True	4	0	0	0	0
sub-124	C1	S1	loss_demean	221116	1.4424443179450464e-05	0	0	221116	221116	0	0	True	True	True	True	4	0	0	0	0
sub-124	C1	S2	gain_demean	221116	8.1778525782283396e-06	0	0	221116	221116	0	0	True	True	True	True	4	0	0	0	0
sub-124	C1	S2	loss_demean	221116	7.6276637628325261e-06	0	0	221116	221116	0	0	True	True	True	True	4	0	0	0	0
sub-124	C2	S0	gain_demean	221116	4.6582588875911078e-31	1	1	221116	221116	0	0	True	True	True	True	4	2	0	1	2
sub-124	C2	S0	loss_demean	221116	3.9069085243223496e-31	1	1	221116	221116	0	0	True	True	True	True	4	2	0	1	2
sub-124	C2	S1	gain_demean	221116	1.4212998394214083e-05	0	0	221116	221116	0	0	True	True	True	True	4	0	0	0	0
sub-124	C2	S1	loss_demean	221116	1.3478032997227274e-05	0	0	221116	221116	0	0	True	True	True	True	4	0	0	0	0
sub-124	C2	S2	gain_demean	221116	8.0655663623474538e-06	0	0	221116	221116	0	0	True	True	True	True	4	0	0	0	0
sub-124	C2	S2	loss_demean	221116	7.6894348239875399e-06	0	0	221116	221116	0	0	True	True	True	True	4	0	0	0	0
