participant_id	group	run	n_volumes	defined_fd_frames	mean_fd_mm	proportion_fd_gt_0_5	mean_std_dvars_diagnostic	mask_voxels	C0_columns	C0_rank	C0_gain_demean_estimable	C0_gain_demean_projection_error	C0_loss_demean_estimable	C0_loss_demean_projection_error	C1_columns	C1_rank	C1_gain_demean_estimable	C1_gain_demean_projection_error	C1_loss_demean_estimable	C1_loss_demean_projection_error	C2_columns	C2_rank	C2_gain_demean_estimable	C2_gain_demean_projection_error	C2_loss_demean_estimable	C2_loss_demean_projection_error
sub-001	equalIndifference	1	453	452	0.07904649902418094	0.0	1.016638110619469	270071	18	18	True	6.972069758880738e-16	True	4.846535922197966e-16	36	36	True	2.364398791689976e-16	True	4.127525147512946e-16	42	42	True	2.6763118458391286e-16	True	7.165335850051467e-16
sub-001	equalIndifference	2	453	452	0.07868114505707477	0.0	0.9951386570796461	270415	17	17	True	9.010505675564548e-16	True	9.684004051448485e-16	35	35	True	5.579723447951914e-16	True	6.275673464503512e-16	41	41	True	1.008944813514756e-15	True	8.031725746154175e-16
sub-001	equalIndifference	3	453	452	0.07174279121787153	0.0	1.0129584623893806	265467	17	17	True	7.550343035919058e-16	True	1.305740760874672e-15	35	35	True	3.4638358771992324e-16	True	4.918500382088747e-16	41	41	True	9.513982596397124e-16	True	4.1759234358274213e-16
sub-001	equalIndifference	4	453	452	0.07159532363163713	0.0	1.0134553141592921	271176	17	17	True	1.067006550457624e-15	True	6.27689139165468e-16	35	35	True	8.256909188864986e-16	True	4.148969089703153e-16	41	41	True	1.2578818399331144e-15	True	7.771992335288407e-16
sub-002	equalRange	1	453	452	0.096030153859292	0.0022123893805309734	1.0191246703539825	252476	17	17	True	1.1734785287483765e-15	True	7.000876063336597e-16	35	35	True	1.1392495952156756e-15	True	1.3357181977035956e-15	41	41	True	9.415138912829747e-16	True	7.516416756888606e-16
sub-002	equalRange	2	453	452	0.07203167823008848	0.0022123893805309734	1.018958232300885	251162	17	17	True	4.953740634596959e-16	True	3.7825382530774434e-16	35	35	True	7.221344340593234e-16	True	9.567434923302478e-16	41	41	True	1.3290850129023305e-15	True	7.957786518758352e-16
sub-002	equalRange	3	453	452	0.09205678970946898	0.004424778761061947	1.0282362765486726	254740	17	17	True	5.252643419629931e-16	True	8.98705047510733e-16	35	35	True	7.310628635256741e-16	True	5.732013185747493e-16	41	41	True	7.659935690266631e-16	True	8.780472431581414e-16
sub-002	equalRange	4	453	452	0.09967989211902652	0.01327433628318584	1.0242199225663717	244570	17	17	True	1.5105775873677652e-15	True	1.935476699323853e-15	35	35	True	7.375737362494301e-16	True	6.000218093575108e-16	41	41	True	7.307993225210751e-16	True	4.0842772988543326e-16
sub-003	equalIndifference	1	453	452	0.0637313659749303	0.0	1.0232629999999998	256406	18	18	True	3.9848480878800223e-16	True	8.993171122882994e-16	36	36	True	1.893523600366799e-15	True	6.814332875958781e-16	42	42	True	9.3944696386035e-16	True	7.516728278623874e-16
sub-003	equalIndifference	2	453	452	0.08449825237146004	0.0022123893805309734	1.0468746128318585	254410	18	18	True	9.47201128499146e-16	True	9.307055595371575e-16	36	36	True	1.0321529107080945e-15	True	2.458389131647964e-15	42	42	True	1.0740532766446562e-15	True	7.883652310745578e-16
sub-003	equalIndifference	3	453	452	0.053657792763274315	0.0	1.0347972101769911	244979	17	17	True	2.3739685902350394e-16	True	4.858647735623723e-16	35	35	True	9.784365903304982e-16	True	2.9332407540402538e-16	41	41	True	6.91022322532823e-16	True	6.842320232503302e-16
sub-003	equalIndifference	4	453	452	0.07296934075965485	0.004424778761061947	1.0401735088495574	243091	18	18	True	6.838422873043013e-16	True	5.132300154377222e-16	36	36	True	4.165071598391983e-16	True	1.81490671606677e-16	42	42	True	2.63147452373951e-16	True	2.7591918208790267e-16
sub-004	equalRange	1	453	452	0.0928646092361989	0.0022123893805309734	0.971289232300885	253937	18	18	True	2.379782039339003e-15	True	7.578558841856546e-16	36	36	True	2.305113365466987e-15	True	1.160147577508291e-15	42	42	True	1.6567889611536077e-15	True	7.73392993100165e-16
sub-004	equalRange	2	453	452	0.0924095672446867	0.004424778761061947	1.0052753318584071	254084	17	17	True	5.542709392677726e-16	True	1.2212188289841447e-15	35	35	True	1.2491421114533743e-15	True	1.4221663896713787e-15	41	41	True	9.26868394690432e-16	True	6.9516177277517945e-16
sub-004	equalRange	3	453	452	0.10744675769474178	0.011061946902654867	1.006146789823009	252441	18	18	True	1.0112475722544355e-15	True	6.955170465886236e-16	36	36	True	1.3944417808064437e-15	True	2.136852564270511e-15	42	42	True	9.435606949055814e-16	True	6.194261044677578e-16
sub-004	equalRange	4	453	452	0.117181926248754	0.00663716814159292	1.0125306504424778	253591	17	17	True	5.810225678006819e-16	True	1.8858307407029909e-16	35	35	True	1.030748371517315e-15	True	6.858899538244963e-16	41	41	True	1.0413346884669826e-15	True	9.08388456574113e-16
sub-005	equalIndifference	1	453	452	0.07838004256637165	0.0	1.0453424092920354	254094	17	17	True	3.381091142016947e-16	True	3.780028921883661e-16	35	35	True	5.365891247988917e-16	True	9.436144933792446e-16	41	41	True	5.530563596082142e-16	True	6.950639349535368e-16
sub-005	equalIndifference	2	453	452	0.04430734968184236	0.0	1.0360735530973453	253196	17	17	True	4.796717053273077e-16	True	4.696050646832988e-16	35	35	True	5.573637889495788e-16	True	3.8480611119460036e-16	41	41	True	1.1985998387880925e-15	True	9.064411859449863e-16
sub-005	equalIndifference	3	453	452	0.048135202907743334	0.0	1.0383161061946904	254184	17	17	True	7.953161835049439e-16	True	1.831931601403786e-15	35	35	True	7.119296427524276e-16	True	9.666953678639169e-16	41	41	True	1.1606949610556565e-15	True	1.4278646053694437e-15
sub-005	equalIndifference	4	453	452	0.08499859720343245	0.0	1.0387323384955753	259929	17	17	True	4.415532235896291e-16	True	4.494300372391389e-16	35	35	True	5.010957939895319e-16	True	7.06630134866247e-16	41	41	True	4.794405686713965e-16	True	9.189888876675187e-16
sub-006	equalRange	1	453	452	0.09095564972026123	0.0	1.0203284358407079	172480	17	17	True	1.0541779184402012e-15	True	7.342008087952277e-16	35	35	True	6.485311492167139e-16	True	4.1561612700479276e-16	41	41	True	9.587408568055191e-16	True	8.5043709189058e-16
sub-006	equalRange	2	453	452	0.06324875667752732	0.0	1.0073214690265486	269003	17	17	True	9.419487644722038e-16	True	4.629828507309347e-16	35	35	True	8.44363956621214e-16	True	1.192680450891478e-15	41	41	True	7.651972457165845e-16	True	1.3627906171780194e-15
sub-006	equalRange	3	453	452	0.07176981988847234	0.0	0.9953303340707965	267792	17	17	True	7.503144501015543e-16	True	1.0261668428984442e-15	35	35	True	8.083644222081317e-16	True	3.5248639134193e-16	41	41	True	8.155499050835566e-16	True	9.02710259923503e-16
sub-006	equalRange	4	453	452	0.12157056957128547	0.0	0.9760094867256638	267082	16	16	True	1.1461523084965302e-15	True	1.0105811387266814e-15	34	34	True	7.108751369287547e-16	True	5.451172448728011e-16	40	40	True	7.338772017538301e-16	True	9.563809399187333e-16
sub-008	equalRange	1	453	452	0.18319003941335793	0.015486725663716814	1.0291363008849557	253458	17	17	True	6.860850144960805e-16	True	4.84063517937451e-16	35	35	True	8.2751492425131e-16	True	8.119329617284212e-16	41	41	True	1.0090101396066225e-15	True	5.88217302594549e-16
sub-008	equalRange	2	453	452	0.18809610516634095	0.028761061946902654	1.037766657079646	261979	17	17	True	5.484727180559719e-16	True	3.140449909116657e-16	35	35	True	1.4305072470097099e-15	True	1.3049825450358408e-15	41	41	True	1.424521300980282e-15	True	9.450577937346318e-16
sub-008	equalRange	3	453	452	0.18185516364738807	0.015486725663716814	1.0360198738938053	252805	17	17	True	8.794925660894159e-16	True	4.87810775994302e-16	35	35	True	8.785989490612522e-16	True	3.3722558221029893e-16	41	41	True	1.689566131180781e-15	True	1.2758736175681506e-15
sub-008	equalRange	4	453	452	0.1555285363544736	0.008849557522123894	1.0310274380530973	261593	17	17	True	5.301988535598783e-16	True	9.438572179501191e-16	35	35	True	8.677045627029759e-16	True	1.5271831589805057e-15	41	41	True	1.5723680898004216e-15	True	5.012338253317491e-16
sub-009	equalIndifference	1	453	452	0.07162764530215457	0.0	1.005521471238938	247306	18	18	True	5.225656696488761e-16	True	1.370783323157512e-15	36	36	True	2.357684601377725e-16	True	5.228947551710119e-16	42	42	True	6.36497029252052e-16	True	2.5755375070483575e-15
sub-009	equalIndifference	2	453	452	0.07967823397614866	0.0	1.0106205508849557	247360	17	17	True	1.2015426888638422e-15	True	1.4575943331034438e-15	35	35	True	1.6278658754966017e-15	True	4.506729423363241e-16	41	41	True	1.1417362833100852e-15	True	8.554960367845569e-16
sub-009	equalIndifference	3	453	452	0.06869693464973449	0.0	1.0091253584070796	247666	17	17	True	1.1714393841943037e-15	True	3.8928591820649156e-16	35	35	True	9.751899148593153e-16	True	8.914307484182385e-16	41	41	True	5.64500303898392e-16	True	5.079151340364469e-16
sub-009	equalIndifference	4	453	452	0.08473781360288399	0.0	1.0146817522123894	249163	17	17	True	7.571571444253811e-16	True	7.51107618457005e-16	35	35	True	1.123627599054306e-15	True	1.3808812298642373e-15	41	41	True	1.0406347306663514e-15	True	9.225618182915482e-16
sub-010	equalRange	1	453	452	0.030022606956870774	0.0	1.0234793694690265	255242	18	18	True	1.4629689269220422e-15	True	2.4459718196788343e-16	36	36	True	1.557768984206464e-15	True	8.004597101570506e-16	42	42	True	9.650883231405398e-16	True	4.8850807829175245e-16
sub-010	equalRange	2	453	452	0.07909227288558182	0.0	1.0142080420353983	266392	17	17	True	5.804551170488651e-16	True	1.0006416046545905e-15	35	35	True	4.2048380961311297e-16	True	1.0674719415983306e-15	41	41	True	7.666153943047493e-16	True	9.115336738667985e-16
sub-010	equalRange	3	453	452	0.08235866115147986	0.0	1.0029631106194692	262935	18	18	True	5.174802883553315e-16	True	2.3179214655938696e-15	36	36	True	3.3335118284706337e-16	True	1.0562197232894582e-15	42	42	True	2.3375335899385514e-16	True	3.162941225930449e-16
sub-010	equalRange	4	453	452	0.07767151318391927	0.0	1.018898342920354	253324	17	17	True	1.790978587599433e-16	True	1.7481155028688938e-16	35	35	True	1.0885655759261117e-15	True	9.73419314601456e-16	41	41	True	6.777737580624474e-16	True	4.550034941173908e-16
sub-011	equalIndifference	1	453	452	0.15539367176009464	0.0	1.0449701769911506	257318	17	17	True	6.278581077730217e-16	True	4.897742561058415e-16	35	35	True	2.95259772039438e-16	True	3.701148003245921e-16	41	41	True	6.978116600339481e-16	True	7.253660787626868e-16
sub-011	equalIndifference	2	453	452	0.15402861716690758	0.0	1.042350557522124	257418	17	16	True	4.768848882771761e-16	True	1.4231747810662685e-15	35	31	True	6.717069183702825e-16	True	4.919745588116435e-16	41	37	True	6.096917034130224e-16	True	9.183728921295478e-16
sub-011	equalIndifference	3	453	452	0.16190963068684325	0.004424778761061947	1.0529351283185842	266701	17	17	True	2.904291188768058e-16	True	7.239348763475006e-16	35	35	True	7.540869990420584e-16	True	1.0256695047270776e-15	41	41	True	1.066108535228976e-15	True	9.318074673217304e-16
sub-011	equalIndifference	4	453	452	0.1122155637810181	0.0	1.0288878340707965	266019	17	17	True	4.619640053723703e-16	True	1.0191327184177215e-15	35	35	True	9.183109022232214e-16	True	3.532231585365558e-16	41	41	True	3.3124821287425936e-16	True	9.256404793192342e-16
sub-013	equalIndifference	1	453	452	0.10516565779933626	0.0022123893805309734	1.0121353561946902	245723	17	17	True	2.9211709594829964e-16	True	5.710456999593172e-16	35	35	True	3.622835542129666e-16	True	1.4518987310087806e-15	41	41	True	1.3802511115772584e-15	True	5.432902012854693e-16
sub-013	equalIndifference	2	453	452	0.11459274730088492	0.008849557522123894	1.0313979491150442	253928	17	17	True	5.649091655400087e-16	True	9.918440018737502e-16	35	35	True	4.1376028091429816e-16	True	7.536122257813718e-16	41	41	True	6.053562543031667e-16	True	8.544472213728307e-16
sub-013	equalIndifference	3	453	452	0.14693968482610614	0.03761061946902655	1.0493649004424779	244615	17	17	True	5.972792476844231e-16	True	7.956467321310525e-16	35	35	True	3.325458506162621e-16	True	4.322145290022004e-16	41	41	True	7.151595047923534e-16	True	5.551242999889697e-16
sub-013	equalIndifference	4	453	452	0.14712813006008843	0.017699115044247787	1.0319725066371683	244787	17	17	True	6.313821521451598e-16	True	6.060587762313476e-16	35	35	True	5.027520928987226e-16	True	9.059885121054576e-16	41	41	True	7.207685098364626e-16	True	1.6293766408330553e-15
sub-014	equalRange	1	453	452	0.11175153455151621	0.0022123893805309734	0.992506075221239	258051	17	17	True	6.277553905715036e-16	True	6.933620214184931e-16	35	35	True	1.060330406763188e-15	True	1.0011432912651567e-15	41	41	True	1.4473397853204503e-15	True	2.1845730330195487e-15
sub-014	equalRange	2	453	452	0.08632878409096559	0.0	1.0214896084070797	258116	17	17	True	6.816668284064651e-16	True	5.087080470021301e-16	35	35	True	8.74728816113288e-16	True	1.1301736309280898e-15	41	41	True	5.780149021020746e-16	True	2.9372818424173105e-16
sub-014	equalRange	3	453	452	0.11749118207312832	0.0	1.0389433915929203	259265	17	17	True	1.434925329196062e-15	True	8.160703436373249e-16	35	35	True	6.49918411263911e-16	True	1.4286518210059348e-15	41	41	True	1.3042057096922132e-15	True	7.979532450001916e-16
sub-014	equalRange	4	453	452	0.07199418981279158	0.0	1.0105394402654868	266055	17	17	True	3.004861927277647e-16	True	8.900065212313634e-16	35	31	True	5.907924896001047e-16	True	7.418629907817407e-16	41	37	True	1.4347405431575548e-15	True	7.570214021443399e-16
sub-015	equalIndifference	1	453	452	0.10429393202761952	0.0	1.057703783185841	246601	17	17	True	3.565753982037609e-16	True	1.0741215827961353e-15	35	35	True	1.387789566174274e-15	True	2.1801696061714383e-16	41	41	True	9.406781800075364e-16	True	3.63195832358529e-16
sub-015	equalIndifference	2	453	452	0.10738015715136384	0.00663716814159292	0.9965009225663717	245341	18	18	True	1.130153519006405e-15	True	1.1278000049404135e-15	36	36	True	1.021783864385835e-15	True	8.281708354431688e-16	42	42	True	4.652395990294933e-16	True	1.7336027429089943e-15
sub-015	equalIndifference	3	453	452	0.10545313991992515	0.004424778761061947	1.020163289823009	244232	17	17	True	9.473418695755072e-16	True	9.34144464044007e-16	35	35	True	1.1123811141730057e-15	True	9.49001471477658e-16	41	41	True	9.562414817586268e-16	True	4.625278892268304e-16
sub-015	equalIndifference	4	453	452	0.09461418951295106	0.008849557522123894	1.0363036880530974	243989	17	17	True	7.237455528730751e-16	True	5.590717946376519e-16	35	35	True	6.805903081338703e-16	True	6.8099457791954395e-16	41	41	True	5.057608436070109e-16	True	4.615162629740031e-16
sub-016	equalRange	1	453	452	0.21837321938053092	0.07300884955752213	1.011241650442478	257642	18	18	True	1.2110059158036304e-15	True	4.681086415442563e-16	36	36	True	2.257034590424304e-15	True	6.652380844833143e-16	42	42	True	1.1991933243988668e-15	True	1.48394520453481e-15
sub-016	equalRange	2	453	452	0.18123255461681412	0.05530973451327434	1.0086884601769912	259231	17	17	True	6.708623112840665e-16	True	1.2575042898401778e-15	35	35	True	9.074635056081277e-16	True	8.465539665375578e-16	41	41	True	1.2163914474018929e-15	True	1.4658150621252742e-15
sub-016	equalRange	3	453	452	0.18693308177247311	0.06858407079646017	1.0230135243362832	256249	17	17	True	4.646535827091569e-16	True	4.414216991863014e-16	35	35	True	8.468225815479699e-16	True	8.1588526407836e-16	41	41	True	1.0015221787051885e-15	True	1.2628863125026657e-15
sub-016	equalRange	4	453	452	0.3223704158053097	0.14601769911504425	1.000388579646018	250097	17	17	True	3.802681792602427e-16	True	3.386001474599195e-16	35	35	True	1.1846751982609404e-15	True	7.477856170805532e-16	41	41	True	8.593482154269173e-16	True	8.375004800340489e-16
sub-017	equalIndifference	1	453	452	0.07440770975884953	0.0	1.0229006526548672	251990	17	17	True	4.129611345504468e-16	True	5.205741792004808e-16	35	35	True	6.282294314424129e-16	True	9.304764202362387e-16	41	41	True	1.1346254078109906e-15	True	1.507188112565928e-15
sub-017	equalIndifference	2	453	452	0.11883106785556576	0.01991150442477876	1.001347161504425	252490	18	18	True	6.850984615806073e-16	True	1.674661288138308e-16	36	36	True	4.632996084992968e-16	True	1.5473878661613224e-15	42	42	True	7.003663578060465e-16	True	5.075348465909752e-16
sub-017	equalIndifference	3	453	452	0.08833966683871458	0.01327433628318584	1.021175185840708	252039	17	17	True	5.64709443299038e-16	True	1.0781529666189465e-15	35	35	True	1.7416777584113244e-15	True	3.6396498503852076e-16	41	41	True	3.136243959786803e-16	True	6.829846344419155e-16
sub-017	equalIndifference	4	453	452	0.10442879892256635	0.01327433628318584	1.0426047455752212	261765	17	17	True	8.518257264527042e-16	True	1.576505801877807e-15	35	35	True	3.038891715074255e-16	True	8.044428888170735e-16	41	41	True	4.524718103136247e-16	True	5.831230866602214e-16
sub-018	equalRange	1	453	452	0.21991075519614597	0.03761061946902655	1.008888517699115	253050	17	17	True	1.3871026106551915e-15	True	7.369133898720703e-16	35	35	True	1.1487168763777491e-15	True	1.271805615552052e-15	41	41	True	9.146082541842666e-16	True	6.554279926500401e-16
sub-018	equalRange	2	453	452	0.280289909048971	0.05752212389380531	1.000632871681416	252998	18	18	True	6.212560337335434e-16	True	1.6823764291551162e-15	36	36	True	9.912765773803535e-16	True	2.8118118953013107e-16	42	42	True	6.655759898267398e-16	True	1.6731898584264478e-15
sub-018	equalRange	3	453	452	0.19469181058628318	0.030973451327433628	1.0706448805309734	252858	17	17	True	1.5277930199815463e-15	True	1.327939786766328e-15	35	35	True	4.500112734871503e-16	True	1.0014882691933132e-15	41	41	True	1.0451478165382942e-15	True	6.952432228733204e-16
sub-018	equalRange	4	453	452	0.2797342734734513	0.06415929203539823	1.0434553185840707	252033	17	17	True	1.116146739552946e-15	True	1.3476646205080927e-15	35	35	True	8.402073559667602e-16	True	1.7119492382329526e-15	41	41	True	3.9632227797918116e-16	True	4.267457397146725e-16
sub-019	equalIndifference	1	453	452	0.0772077748978236	0.0022123893805309734	1.006071028761062	255683	17	17	True	5.882429700950814e-16	True	6.356914114778287e-16	35	35	True	6.019409185515394e-16	True	1.403492656417909e-15	41	41	True	7.869314247644973e-16	True	2.2942040456135087e-15
sub-019	equalIndifference	2	453	452	0.08830159131958235	0.0	0.9741455265486726	255657	17	17	True	2.293947293365072e-16	True	2.0279287651456427e-15	35	35	True	1.1324873731151098e-15	True	7.212011702992648e-16	41	41	True	5.504183397560412e-16	True	1.4313974264344534e-15
sub-019	equalIndifference	3	453	452	0.06656299865786337	0.0	0.9988516216814161	254694	18	18	True	6.740880528077602e-16	True	1.1667447737623844e-15	36	36	True	6.731208814139957e-16	True	2.900308807475516e-16	42	42	True	4.855379954496395e-16	True	6.750680394845144e-16
sub-019	equalIndifference	4	453	452	0.05497716418555307	0.0	1.0036611946902654	264715	17	17	True	1.6053141808653071e-15	True	6.896576285473892e-16	35	35	True	1.2581233592849477e-15	True	1.24978718097097e-15	41	41	True	1.0827338313522275e-15	True	1.3361576439745698e-15
sub-020	equalRange	1	453	452	0.10950417972190263	0.0	1.0235407765486726	263064	18	18	True	7.463302874211754e-16	True	1.0660793002214647e-15	36	36	True	1.0672566038501444e-15	True	8.241468217494257e-16	42	42	True	1.6587290265995802e-15	True	2.1611387272944935e-15
sub-020	equalRange	2	453	452	0.09809898821017696	0.0	1.0370143230088495	264769	18	18	True	9.365643038268392e-16	True	7.145215709711594e-16	36	36	True	1.1133219905763563e-15	True	9.47126604364798e-16	42	42	True	7.889836945363269e-16	True	3.3486237810144856e-16
sub-020	equalRange	3	453	452	0.09154736994535395	0.0	1.034340482300885	254898	18	18	True	7.224275024902957e-16	True	9.799365198696935e-16	36	36	True	8.249187542731675e-16	True	1.3018000000085769e-15	42	42	True	1.0056677519314855e-15	True	5.836281675488401e-16
sub-020	equalRange	4	453	452	0.09645619751238936	0.0	1.038209353982301	253693	17	17	True	7.400564519340821e-16	True	6.755105857431348e-16	35	35	True	7.998719951380637e-16	True	4.966450215447711e-16	41	41	True	7.388642495959669e-16	True	7.13425088760138e-16
sub-021	equalIndifference	1	453	452	0.07889126576725661	0.0	1.0818646969026549	254412	17	17	True	3.833108630363321e-16	True	1.1689115010739805e-15	35	35	True	8.133810960523346e-16	True	2.164306441124748e-15	41	41	True	6.710590892511688e-16	True	7.414134137476346e-16
sub-021	equalIndifference	2	453	452	0.08437146030309732	0.0	1.0661314756637168	254740	17	17	True	1.4583492621147865e-15	True	1.1131542236148612e-15	35	35	True	8.709369973972986e-16	True	9.662245572526557e-16	41	41	True	5.82789871378853e-16	True	2.9158899122345484e-16
sub-021	equalIndifference	3	453	452	0.07378300028601391	0.0	1.0568661924778762	264645	17	17	True	4.958956512774275e-16	True	3.4157651201635022e-16	35	35	True	3.191014925579271e-16	True	4.66340417221222e-16	41	41	True	9.6441187160254e-16	True	1.3548916671896526e-15
sub-021	equalIndifference	4	453	452	0.08153341244561718	0.0022123893805309734	1.036937646017699	254248	17	17	True	6.337148757938434e-16	True	6.804017391800978e-16	35	35	True	4.47117942567756e-16	True	8.342276120022009e-16	41	41	True	6.67689667853485e-16	True	7.97793663616051e-16
sub-022	equalRange	1	453	452	0.10693581551305308	0.015486725663716814	1.0535732920353982	257152	17	17	True	4.050840423851787e-16	True	4.3939335439823123e-16	35	35	True	8.176823148551153e-16	True	4.857765893759043e-16	41	41	True	2.4556154227742825e-15	True	1.868668088967829e-15
sub-022	equalRange	2	453	452	0.1099965726752212	0.017699115044247787	1.0497869181415929	246305	17	17	True	4.741476257137971e-16	True	3.536408652995312e-16	35	35	True	5.374389707528636e-16	True	2.8238711971360885e-16	41	41	True	9.032901308335662e-16	True	5.240948657448237e-16
sub-022	equalRange	3	453	452	0.16829227534712385	0.07079646017699115	1.019086586283186	243947	16	16	True	7.119276013982592e-16	True	4.051331129221308e-16	34	34	True	4.264007715612474e-16	True	4.981253562911346e-16	40	40	True	7.230506293275177e-16	True	5.778777797219053e-16
sub-022	equalRange	4	453	452	0.15457984356265483	0.02654867256637168	0.9953677743362833	243497	18	18	True	3.589936856119166e-16	True	4.881927891287358e-16	36	36	True	1.2536579410426149e-15	True	4.216585725388449e-16	42	42	True	1.4195643928439232e-15	True	9.820490479611121e-16
sub-024	equalRange	1	453	452	0.1221295254115044	0.017699115044247787	1.0533141482300885	253243	18	18	True	1.2871536301204975e-15	True	5.238846055654533e-16	36	36	True	7.260459820385712e-16	True	1.0098066440363606e-15	42	42	True	1.2786972719453495e-15	True	1.3787645134891197e-15
sub-024	equalRange	2	453	452	0.1133912211915929	0.00663716814159292	1.0303949048672567	256616	17	17	True	3.6794447556764114e-16	True	5.61400925726465e-16	35	35	True	4.794768486648888e-16	True	4.007224166751031e-16	41	41	True	4.577075267743861e-16	True	4.3171288012756536e-16
sub-024	equalRange	3	453	452	0.09688050309915515	0.0022123893805309734	1.0245790022123893	254011	17	17	True	7.336086781171289e-16	True	1.5745699537763589e-15	35	35	True	1.2225419723247802e-15	True	8.553078378864395e-16	41	41	True	6.161584332516428e-16	True	1.5901272109391714e-15
sub-024	equalRange	4	453	452	0.14460068832498935	0.0022123893805309734	1.0616806880530973	252930	17	17	True	8.742136770484889e-16	True	9.903353599976933e-16	35	35	True	6.616218176578633e-16	True	7.316754151100103e-16	41	41	True	9.178898709897252e-16	True	4.780844431780719e-16
sub-025	equalIndifference	1	453	452	0.0951683268016005	0.0	1.0541034933628317	264908	17	17	True	4.737122770934909e-16	True	1.5783461115682525e-15	35	35	True	1.4256082186466149e-15	True	5.310448379750476e-16	41	41	True	2.309696175003549e-15	True	2.059806984878735e-15
sub-025	equalIndifference	2	453	452	0.09550270730901204	0.0	1.0357001548672566	267224	17	17	True	2.616244040840542e-16	True	7.608007046471433e-16	35	35	True	1.795641411362043e-15	True	8.344933041991005e-16	41	41	True	6.740949243408039e-16	True	7.57147605599794e-16
sub-025	equalIndifference	3	453	452	0.10946264390820572	0.0	1.0269310641592921	258048	17	17	True	1.2418869644773332e-15	True	1.1062318550990197e-15	35	35	True	5.39586456746241e-16	True	1.4548209887183553e-15	41	41	True	8.842210101735492e-16	True	1.2125719222591108e-15
sub-025	equalIndifference	4	453	452	0.09705125996817435	0.0	1.0377413008849556	268123	17	17	True	2.112180611209735e-15	True	1.5731019439854374e-15	35	35	True	5.975397680882443e-16	True	6.727370415068351e-16	41	41	True	8.714665154384588e-16	True	1.138154382508765e-15
sub-026	equalRange	1	453	452	0.20069677600655605	0.02654867256637168	0.9950818207964601	256308	18	18	True	1.385829727230126e-15	True	1.9337696217002153e-15	36	36	True	8.022859392292904e-16	True	8.413840519521556e-16	42	42	True	7.58063665992007e-16	True	9.790333134810162e-16
sub-026	equalRange	2	453	452	0.1901452301595868	0.008849557522123894	1.0305430840707965	247422	18	18	True	9.095147772756974e-16	True	7.216686253250933e-16	36	36	True	1.222746350180854e-15	True	8.195498016872409e-16	42	42	True	7.536282275769277e-16	True	1.3310490753155264e-15
sub-026	equalRange	3	453	452	0.16739788592567287	0.022123893805309734	1.0417786592920355	255091	18	18	True	9.241164460955069e-16	True	4.0683802247281855e-16	36	36	True	1.080766218524933e-15	True	1.4591410256995894e-15	42	42	True	9.905525268804198e-16	True	4.0826660178928474e-16
sub-026	equalRange	4	453	452	0.20486395468918528	0.0420353982300885	1.0601084203539823	246437	18	18	True	1.2110795505457758e-15	True	1.3332586050894595e-15	36	36	True	1.0586593463418799e-15	True	8.634077629532282e-16	42	42	True	1.7637663487587401e-15	True	9.498577291461934e-16
sub-027	equalIndifference	1	453	452	0.10774907716371679	0.0	1.0831240331858407	265078	17	17	True	8.072275402358428e-16	True	7.400417813161803e-16	35	35	True	1.3044240287120927e-15	True	6.07628504136457e-16	41	41	True	1.4351383567163744e-15	True	9.015218363441061e-16
sub-027	equalIndifference	2	453	452	0.08663042701042024	0.0	1.066242168141593	263525	17	17	True	6.756116735791212e-16	True	2.1211360553740728e-16	35	35	True	6.030622129943173e-16	True	6.242371387951265e-16	41	41	True	7.27083350615922e-16	True	1.762923034831616e-15
sub-027	equalIndifference	3	453	452	0.10880574884465272	0.0	1.0725295022123895	258779	17	17	True	6.2971745398102755e-16	True	5.0607267818422735e-16	35	35	True	7.086448887462983e-16	True	6.160254142761396e-16	41	41	True	7.284015192435518e-16	True	5.987778837243058e-16
sub-027	equalIndifference	4	453	452	0.09762748014184942	0.0	1.0598627588495575	258137	17	17	True	1.040876160657115e-15	True	8.108908083552478e-16	35	35	True	4.2361639145052817e-16	True	8.632911355890242e-16	41	41	True	1.305267848027557e-15	True	1.6471769556852752e-15
sub-029	equalIndifference	1	453	452	0.09165987866294498	0.0	1.0198822765486726	247873	17	17	True	3.0827927931970325e-16	True	1.1571125683417293e-15	35	35	True	3.830297591607887e-16	True	3.925273707918836e-16	41	41	True	5.143357827696315e-16	True	1.2599688486066936e-15
sub-029	equalIndifference	2	453	452	0.07900806337964598	0.0022123893805309734	1.0248530619469027	248035	17	17	True	5.041792901502906e-16	True	3.4967224371490137e-16	35	35	True	1.0057192036784198e-15	True	6.651560209918812e-16	41	41	True	8.286107340680119e-16	True	1.2394944397650434e-15
sub-029	equalIndifference	3	453	452	0.08577454775777342	0.004424778761061947	1.0173751548672567	248496	16	16	True	8.057998440745628e-16	True	1.5786405293357013e-15	34	34	True	1.028540180698748e-15	True	1.3547110894428085e-15	40	40	True	1.1765411189049112e-15	True	1.054354716911354e-15
sub-029	equalIndifference	4	453	452	0.07348708642101766	0.0	1.00945	258753	17	17	True	3.2561017057220386e-16	True	1.8935917816968715e-15	35	35	True	3.5656893844796783e-16	True	3.4062561342219977e-16	41	41	True	1.815608999889071e-15	True	6.395834129086727e-16
sub-030	equalRange	1	453	452	0.9295038178316123	0.497787610619469	1.0882399756637167	250414	17	17	True	1.3846736693466802e-15	True	1.0120319305202566e-15	35	35	True	6.651854647157562e-16	True	6.441750366729584e-16	41	41	True	1.3053457440690248e-15	True	1.0186938986157342e-15
sub-030	equalRange	2	453	452	1.1499057997216813	0.6106194690265486	1.1594820707964604	250870	17	17	True	8.944594309840774e-16	True	6.899613205228186e-16	35	35	True	1.6244019041117276e-15	True	1.6137722045431274e-15	41	41	True	1.3593714950235224e-15	True	1.7409318408114025e-15
sub-030	equalRange	3	453	452	1.3411457547389378	0.6150442477876106	1.139326418141593	259018	17	17	True	1.1183520987538443e-15	True	9.390280663188212e-16	35	35	True	6.030373730571044e-16	True	9.113006193587686e-16	41	41	True	8.470285155689833e-16	True	8.487059217198654e-16
sub-030	equalRange	4	453	452	0.6994091569756637	0.4026548672566372	1.0945948207964602	250671	17	17	True	2.5783021484908473e-15	True	8.580423530620829e-16	35	35	True	1.1072216930114767e-15	True	1.135966060925164e-15	41	41	True	2.0099028676439916e-15	True	1.1316791947407107e-15
sub-032	equalRange	1	453	452	0.16384674377924896	0.022123893805309734	1.0150575530973451	252210	17	17	True	6.677907421326264e-16	True	1.2319800070516337e-15	35	35	True	1.3208435916155516e-15	True	6.566701340964651e-16	41	41	True	7.762675217098471e-16	True	9.733457918016377e-16
sub-032	equalRange	2	453	452	0.1563870263495575	0.008849557522123894	1.0376590420353982	252886	18	18	True	1.2195666175449178e-15	True	9.292437347320228e-16	36	36	True	1.2042622907105258e-15	True	1.92496633498062e-16	42	42	True	7.763649949913705e-16	True	7.946921181545733e-16
sub-032	equalRange	3	453	452	0.15102377755530969	0.03761061946902655	1.0321065663716813	264638	17	17	True	1.1595904585810703e-15	True	1.5816107984345161e-15	35	35	True	4.883524742133919e-16	True	7.776038519588396e-16	41	41	True	7.374945022862484e-16	True	6.490381083373297e-16
sub-032	equalRange	4	453	452	0.14311242159513268	0.02654867256637168	1.003685081858407	253165	17	17	True	6.657995200193448e-16	True	7.312038640816621e-16	35	35	True	8.310266007360507e-16	True	7.226088528853867e-16	41	41	True	5.868365897370398e-16	True	7.330322764006811e-16
sub-033	equalIndifference	1	453	452	0.05484898275187465	0.0	1.0313230840707965	253868	18	18	True	2.5004534035541097e-16	True	4.426135300363469e-16	36	36	True	2.6819557798055893e-16	True	1.121160581331875e-15	42	42	True	2.414217813404944e-16	True	4.005322249759132e-16
sub-033	equalIndifference	2	453	452	0.08308252757382274	0.0	1.038960528761062	253610	17	17	True	7.8849157478288145e-16	True	1.8266835508238785e-15	35	35	True	4.2100336925772757e-16	True	1.5908755420740616e-15	41	41	True	4.959847389633147e-16	True	5.916217980597337e-16
sub-033	equalIndifference	3	453	452	0.07321980423404312	0.0	1.035703639380531	253670	17	17	True	6.984612321680103e-16	True	7.051540524987123e-16	35	35	True	5.189822101995714e-16	True	7.38797797095496e-16	41	41	True	8.365297397683958e-16	True	1.03060725314408e-15
sub-033	equalIndifference	4	453	452	0.09106631811568285	0.0	1.0324458207964602	254047	17	17	True	7.848372736406265e-16	True	8.569309614101141e-16	35	35	True	3.3489371624506447e-16	True	6.459928865670067e-16	41	41	True	7.498276949043371e-16	True	1.160096657960431e-15
sub-035	equalIndifference	1	453	452	0.0786424880850712	0.0	1.0158844292035398	255889	17	17	True	3.4345208895366496e-16	True	4.3614241165414284e-16	35	35	True	1.3262176271056525e-15	True	1.2583714519475618e-15	41	41	True	7.843874442172748e-16	True	7.920796384807751e-16
sub-035	equalIndifference	2	453	452	0.10056731341228536	0.0	1.0108680331858408	255151	17	17	True	9.517179815664314e-16	True	3.8991260192184333e-16	35	35	True	1.6122746444991284e-15	True	1.3953285449096385e-15	41	41	True	5.911040397637035e-16	True	1.4919480500971402e-15
sub-035	equalIndifference	3	453	452	0.13514256422448512	0.004424778761061947	1.016160993362832	264782	17	17	True	9.272536992122314e-16	True	7.649333569205077e-16	35	35	True	5.697506722816905e-16	True	1.2308793623596604e-15	41	41	True	7.083106867472302e-16	True	1.0159528292749995e-15
sub-035	equalIndifference	4	453	452	0.09602018684861285	0.0	1.0208627123893805	256819	17	17	True	1.923503202345593e-15	True	1.0634089255379263e-15	35	35	True	2.7885885790619485e-16	True	4.660431344899356e-16	41	41	True	6.099602134866368e-16	True	6.419069859220084e-16
sub-036	equalRange	1	453	452	0.061751060263865586	0.0	1.0454280774336284	259648	18	18	True	1.6950112865047272e-15	True	9.36157432012959e-16	36	36	True	1.2453938030619526e-15	True	1.3688167769151587e-15	42	42	True	3.000309362144912e-16	True	4.3596926791069134e-16
sub-036	equalRange	2	453	452	0.08415265030622594	0.0022123893805309734	1.1090328694690266	251655	18	18	True	6.433892897368662e-16	True	3.2382502459880954e-16	36	36	True	6.667037915100159e-16	True	8.515586243038504e-16	42	42	True	1.4163431698972646e-15	True	1.164768874456624e-15
sub-036	equalRange	3	453	452	0.05749775615348689	0.0	1.0433554623893804	259504	18	18	True	1.0852791898392091e-15	True	1.0960990460021417e-15	36	36	True	1.0664101811596339e-15	True	2.0865165303162367e-15	42	42	True	8.312952091760234e-16	True	1.151841493344986e-15
sub-036	equalRange	4	453	452	0.08478715215557253	0.0	1.0732475442477878	259016	18	18	True	3.7476155073603115e-16	True	1.7288545086314608e-16	36	36	True	1.0970950667895049e-15	True	8.444716294125063e-16	42	42	True	1.2378308951023493e-15	True	8.505355829221043e-16
sub-037	equalIndifference	1	453	452	0.027740043346225363	0.0	1.0297154491150444	245149	18	18	True	2.5899411384774015e-16	True	1.1856043754412322e-15	36	36	True	7.96738030338449e-16	True	1.2172717511089955e-15	42	42	True	9.095366613271192e-16	True	9.805290482941354e-16
sub-037	equalIndifference	2	453	452	0.060624547082758815	0.004424778761061947	1.0309006725663716	50853	18	18	True	9.363350805649836e-16	True	1.0464841354185284e-15	36	36	True	4.881184270026821e-16	True	1.2661789521322046e-15	42	42	True	1.0539887135261093e-15	True	1.0724716339337641e-15
sub-037	equalIndifference	3	453	452	0.114602609823265	0.022123893805309734	0.9729750730088494	247831	18	18	True	4.4909955665888e-16	True	1.1761737392775037e-15	36	36	True	3.350718689176876e-16	True	8.404965718090936e-16	42	42	True	6.900724969473502e-16	True	1.4848678226143168e-15
sub-037	equalIndifference	4	453	452	0.12456563394469022	0.030973451327433628	0.9834208274336282	241501	18	18	True	6.811242157018266e-16	True	2.669301668431311e-16	36	36	True	3.474516291568899e-16	True	9.28667959959488e-16	42	42	True	4.999740446454311e-16	True	3.905040909304628e-16
sub-038	equalRange	1	453	452	0.08169349255929201	0.0	1.012321528761062	250001	17	17	True	9.898801293260694e-16	True	9.843025863754811e-16	35	35	True	4.0992715182928414e-16	True	4.3639529512832406e-16	41	41	True	8.566226221925591e-16	True	7.507298520708565e-16
sub-038	equalRange	2	453	452	0.05389787431389687	0.0	1.0247543451327434	250309	17	17	True	5.875779000050549e-16	True	6.593019532304532e-16	35	35	True	7.962216893372191e-16	True	4.34471791462957e-16	41	41	True	9.860718717873367e-16	True	5.827157317893288e-16
sub-038	equalRange	3	453	452	0.09001157573546754	0.0	1.0182261150442478	250644	17	17	True	5.922264389852937e-16	True	1.377545571683893e-15	35	35	True	7.132123314207865e-16	True	1.1551744152268127e-15	41	41	True	7.614047180986065e-16	True	7.559182769003867e-16
sub-038	equalRange	4	453	452	0.06175345378053095	0.0	1.024604935840708	260120	17	17	True	1.209131128596953e-15	True	1.3958206578411987e-15	35	35	True	4.149793713617366e-16	True	8.540693913313978e-16	41	41	True	6.575063086045294e-16	True	4.445585793162686e-16
sub-039	equalIndifference	1	453	452	0.06086656319715972	0.004424778761061947	1.029501261061947	259038	17	17	True	8.606542587683191e-16	True	7.829573195410184e-16	35	35	True	7.068105323722695e-16	True	4.256595958265365e-16	41	41	True	2.9627012633201857e-16	True	1.0073465536961473e-15
sub-039	equalIndifference	2	453	452	0.057360108141074534	0.0	1.0252305973451328	258976	17	17	True	6.127471750093139e-16	True	3.329113450850235e-16	35	34	True	8.387523873175915e-16	True	6.912219422299278e-16	41	40	True	4.65855901129757e-16	True	8.049156722173769e-16
sub-039	equalIndifference	3	453	452	0.08221030197256633	0.004424778761061947	1.0307965707964604	249235	17	17	True	6.75374815838033e-16	True	2.632464863900775e-16	35	35	True	3.5128985794699414e-16	True	7.582188752702388e-16	41	41	True	1.192522582736771e-15	True	8.570943849122305e-16
sub-039	equalIndifference	4	453	452	0.08364894524571007	0.015486725663716814	1.0399003938053097	257784	17	17	True	4.096629289592906e-16	True	1.6522317616788839e-15	35	35	True	3.640974261583485e-16	True	9.259007076311099e-16	41	41	True	9.874839447875551e-16	True	9.975431912705248e-16
sub-040	equalRange	1	453	452	0.07848125709965702	0.0	1.0529812433628318	252525	17	17	True	2.819715122136144e-16	True	4.0225558399142877e-16	35	35	True	1.1700416840184648e-15	True	1.764277258697123e-15	41	41	True	9.616064402520147e-16	True	9.283288750522155e-16
sub-040	equalRange	2	453	452	0.09267420098560973	0.0	1.01696028539823	252434	17	17	True	5.554277994120006e-16	True	1.0572646961397528e-15	35	35	True	7.142631656931739e-16	True	3.95952749388122e-16	41	41	True	3.892417162738494e-16	True	4.054941720666695e-16
sub-040	equalRange	3	453	452	0.08403129725008734	0.0	1.050622057522124	253274	17	17	True	8.486521129931828e-16	True	8.149986230620487e-16	35	35	True	6.992382083527688e-16	True	4.455541376153519e-16	41	41	True	4.889420736808777e-16	True	4.54490827425773e-16
sub-040	equalRange	4	453	452	0.08150596430717719	0.0	1.054596778761062	252963	17	17	True	8.761332713743812e-16	True	9.303483003825511e-16	35	35	True	4.47976169018378e-16	True	2.5731087698560695e-16	41	41	True	1.5787788225848783e-15	True	8.052078025606694e-16
sub-041	equalIndifference	1	453	452	0.06915725933602469	0.0	1.0356284469026547	251584	17	17	True	5.067948782040005e-16	True	1.418694223775499e-15	35	35	True	3.1075275951491633e-16	True	1.9414205591726543e-15	41	41	True	7.39093442745506e-16	True	1.452799684333679e-15
sub-041	equalIndifference	2	453	452	0.04917068422903616	0.0	1.0477873296460176	251930	17	17	True	1.1323719462041304e-15	True	6.72266486298305e-16	35	35	True	3.8002705730749646e-16	True	8.659271997615249e-16	41	41	True	5.573516243275167e-16	True	4.085178169049603e-16
sub-041	equalIndifference	3	453	452	0.05153027277549235	0.0	1.0392820022123894	250717	17	17	True	1.4075924343009734e-15	True	3.192885215123159e-16	35	35	True	5.909694655523408e-16	True	9.62393664176513e-16	41	41	True	5.949596309682644e-16	True	1.0294759120346528e-15
sub-041	equalIndifference	4	453	452	0.04876454163527281	0.0	1.0480876725663717	250749	17	17	True	7.443008477303878e-16	True	7.413862535089937e-16	35	35	True	1.1864192054942628e-15	True	6.621655496996832e-16	41	41	True	1.032675582072374e-15	True	5.132029991510468e-16
sub-043	equalIndifference	1	453	452	0.04706381323646816	0.0	1.0091944247787612	262743	17	17	True	9.221639591001667e-16	True	7.559638838027291e-16	35	33	True	1.6039355033126571e-15	True	1.629516662882816e-15	41	39	True	1.1425989569643243e-15	True	1.035348065030526e-15
sub-043	equalIndifference	2	453	452	0.04818729318874909	0.0	1.0160729446902657	262840	17	17	True	4.602570925706658e-16	True	4.3126611089032406e-16	35	35	True	8.621949245668275e-16	True	1.0511985775283647e-15	41	41	True	6.715083155441653e-16	True	7.584648736459919e-16
sub-043	equalIndifference	3	453	452	0.05190443615026055	0.0	1.0249678053097346	261526	17	17	True	6.815400636036496e-16	True	1.0060910819358141e-15	35	35	True	2.521481923083024e-16	True	5.333700168512996e-16	41	41	True	3.80627132722469e-16	True	9.089575083314716e-16
sub-043	equalIndifference	4	453	452	0.07190894720465074	0.0022123893805309734	1.027553121681416	264577	17	17	True	6.141894006622403e-16	True	5.617454543564768e-16	35	35	True	7.987250227729258e-16	True	8.210198967248409e-16	41	41	True	3.602643317738124e-16	True	2.0377246547431337e-15
sub-044	equalRange	1	453	452	0.09344414259668138	0.0	1.0352715000000001	249889	17	17	True	4.537368807674235e-16	True	2.002510691935599e-16	35	35	True	1.0366771870533837e-15	True	1.868497078514876e-15	41	41	True	9.807174775061335e-16	True	5.8061094783400835e-16
sub-044	equalRange	2	453	452	0.056732878435396226	0.0	1.0321816570796458	250225	17	17	True	3.6420648690644355e-16	True	6.039422367541653e-16	35	35	True	9.038877203144904e-16	True	8.07299407980071e-16	41	41	True	7.391679124067825e-16	True	3.9900960083239486e-16
sub-044	equalRange	3	453	452	0.06789189462716096	0.0	0.9944763252212389	250178	17	17	True	8.574010899606657e-16	True	7.725456892689295e-16	35	35	True	1.3055940347647724e-15	True	1.4891024987779387e-15	41	41	True	7.959692405481035e-16	True	6.335398370891632e-16
sub-044	equalRange	4	453	452	0.06843612607787282	0.0	1.019926128318584	250049	17	17	True	2.9390687856071716e-16	True	3.674268769668535e-16	35	35	True	5.56189801477675e-16	True	6.443344199439435e-16	41	41	True	8.506438156694812e-16	True	1.0125645942491498e-15
sub-045	equalIndifference	1	453	452	0.06036706375749413	0.0	1.036225650442478	266773	18	18	True	1.1388101219303377e-15	True	4.79314755474636e-16	36	36	True	8.291359306512951e-16	True	8.312904892378665e-16	42	42	True	1.1438324426860308e-15	True	3.019256701361654e-16
sub-045	equalIndifference	2	453	452	0.028221961177882542	0.0	1.0365537345132743	262355	18	18	True	1.5997652144537839e-16	True	4.047456578774491e-16	36	36	True	2.2911145109189243e-16	True	6.319237883135827e-16	42	42	True	6.804883896847629e-16	True	1.784182060335417e-15
sub-045	equalIndifference	3	453	452	0.04365663788955192	0.0	1.0391773384955754	267048	17	17	True	1.4051235414562293e-15	True	7.458572206484094e-16	35	35	True	1.1692147358258564e-15	True	9.047424009691538e-16	41	41	True	7.516506799337716e-16	True	5.296140715069587e-16
sub-045	equalIndifference	4	453	452	0.020677472113497193	0.0	1.045073528761062	267986	17	15	True	9.451569740787283e-16	True	6.864351080684517e-16	35	25	True	2.0318498459342076e-16	True	7.683863189094316e-16	41	31	True	4.641587743939491e-16	True	4.0408723925634923e-16
sub-046	equalRange	1	453	452	0.1031853680851098	0.008849557522123894	1.0127309203539823	256283	18	18	True	1.4533876897761619e-15	True	5.910873097844587e-16	36	36	True	1.3538883348726582e-15	True	4.969247075990116e-16	42	42	True	2.1894785795436634e-15	True	1.873103332574675e-15
sub-046	equalRange	2	453	452	0.12306449023261573	0.0	0.9971720752212389	256708	17	17	True	4.268351745041813e-16	True	2.897573806898491e-16	35	35	True	7.635975667154142e-16	True	4.999815812377179e-16	41	41	True	1.2663641936553643e-15	True	1.217336551395542e-15
sub-046	equalRange	3	453	452	0.11578308341592916	0.0	0.9839918761061947	266315	17	17	True	1.331668671341827e-15	True	5.719554305927438e-16	35	35	True	4.722112320184264e-16	True	1.6341492050912025e-15	41	41	True	1.2857114158307487e-15	True	1.2371733495924979e-15
sub-046	equalRange	4	453	452	0.11885031909794752	0.0022123893805309734	0.9985739358407081	256159	17	17	True	5.213091313518194e-16	True	8.299302694761603e-16	35	35	True	6.05292978702247e-16	True	1.1841024544144433e-15	41	41	True	8.674417328226181e-16	True	1.0723974100851354e-15
sub-047	equalIndifference	1	453	452	0.0654426311729124	0.0	1.0057010774336284	252622	18	18	True	5.21242006632211e-16	True	1.0902337811175931e-15	36	36	True	8.892287509287244e-16	True	8.403747174813704e-16	42	42	True	3.335928464645125e-16	True	1.2638013472084274e-15
sub-047	equalIndifference	2	453	452	0.044747281113385835	0.0	1.028065471238938	261157	18	18	True	1.1246909691887113e-15	True	9.21404608333436e-16	36	36	True	5.635007379384121e-16	True	1.7922151607067206e-15	42	42	True	2.3833732531067446e-16	True	7.061243638698607e-16
sub-047	equalIndifference	3	453	452	0.07149597036729773	0.0	1.011629006637168	252713	18	18	True	2.4778808193179003e-16	True	1.377835259826314e-15	36	36	True	6.836763857712756e-16	True	1.3443981910880128e-15	42	42	True	7.007996820854488e-16	True	1.5740118010456383e-15
sub-047	equalIndifference	4	453	452	0.05671700877604643	0.0	1.0134607123893806	253359	18	18	True	1.3492464009744675e-15	True	4.476009887371178e-16	36	36	True	2.5506928069171905e-16	True	2.4241436176475864e-16	42	42	True	6.820356520735494e-16	True	1.1257847234313843e-15
sub-049	equalIndifference	1	453	452	0.09613298746786349	0.0	1.027011546460177	255649	18	18	True	7.905131786760277e-16	True	3.036851513267494e-16	36	36	True	4.539348378595038e-16	True	1.2142860536170201e-15	42	42	True	1.0055837796528505e-15	True	5.680893465179706e-16
sub-049	equalIndifference	2	453	452	0.05543653698794489	0.0	1.025803446902655	256399	17	16	True	2.0772120372516395e-16	True	9.111161282053837e-16	35	31	True	3.3636006954196443e-16	True	6.404460567503661e-16	41	37	True	1.0074635989591116e-15	True	1.3254726413783882e-15
sub-049	equalIndifference	3	453	452	0.05967484527880027	0.0	1.0247629557522124	256842	17	17	True	4.361324351004053e-16	True	1.0773892809096028e-15	35	35	True	9.135807341769603e-16	True	3.233717370120073e-16	41	41	True	3.8032111820168145e-16	True	4.9105098597821e-16
sub-049	equalIndifference	4	453	452	0.06294140224982234	0.0	1.0244563694690265	256912	17	17	True	2.8109673762020097e-16	True	6.03665738172647e-16	35	35	True	6.250976423956271e-16	True	9.01154519398408e-16	41	41	True	1.1408850411618048e-15	True	6.3321796642586395e-16
sub-050	equalRange	1	453	452	0.15014025689629829	0.008849557522123894	1.0249423185840707	250686	18	18	True	5.750421708500497e-16	True	4.0851088337874485e-16	36	36	True	9.447861236742335e-16	True	4.881669164000189e-16	42	42	True	5.422854612558164e-16	True	5.581617280922698e-16
sub-050	equalRange	2	453	452	0.11409174525442474	0.01327433628318584	1.0417403163716814	251749	18	18	True	1.2451981747432521e-15	True	2.571881808474649e-16	36	36	True	9.979203941563673e-16	True	1.1049134170348904e-15	42	42	True	7.029323928473866e-16	True	6.4772494496646355e-16
sub-050	equalRange	3	453	452	0.10832404487621679	0.004424778761061947	1.0488454579646018	250838	18	18	True	6.907269181024241e-16	True	3.353892779603908e-16	36	36	True	9.517603642960145e-16	True	3.2714914966106567e-16	42	42	True	2.0458261557033964e-15	True	1.1318262864767693e-15
sub-050	equalRange	4	453	452	0.16948538878097344	0.033185840707964605	1.0524127234513274	254103	17	17	True	9.793908248229756e-16	True	8.882912189026543e-16	35	35	True	6.702878419222485e-16	True	7.501373751837891e-16	41	41	True	7.60727340207026e-16	True	8.390675068449784e-16
sub-051	equalIndifference	1	453	452	0.1598507411586283	0.008849557522123894	1.021664557522124	246399	17	17	True	1.35703502131758e-15	True	5.764769480823261e-16	35	35	True	4.78230024972082e-16	True	1.1723754319763026e-15	41	41	True	6.813974146517968e-16	True	2.2557691649502893e-15
sub-051	equalIndifference	2	453	452	0.1384710675632743	0.0	1.0365075796460177	246629	17	17	True	4.4231776197136776e-16	True	3.7967101123762226e-16	35	35	True	4.984366685594148e-16	True	2.2347223814483456e-15	41	41	True	1.378598175435394e-15	True	1.34995920320827e-15
sub-051	equalIndifference	3	453	452	0.1604225321415929	0.011061946902654867	1.045502528761062	256625	17	17	True	4.912927969407475e-16	True	6.841871933984193e-16	35	35	True	4.954609940709928e-16	True	5.314267879089519e-16	41	41	True	1.3504926877966958e-15	True	1.441399382689391e-15
sub-051	equalIndifference	4	453	452	0.12705127246032974	0.004424778761061947	1.0358722721238938	249758	18	18	True	1.0965890237794848e-16	True	4.943126684624184e-16	36	36	True	2.526545773465317e-16	True	5.977452903392779e-16	42	42	True	2.4974003450543133e-16	True	3.86825710465216e-16
sub-052	equalRange	1	453	452	0.08215952205129509	0.0	1.0198133805309735	251175	17	17	True	3.521767275728934e-16	True	4.960098834800439e-16	35	35	True	1.1959164377678354e-15	True	8.111018057465251e-16	41	41	True	5.891073443432838e-16	True	7.973655372745548e-16
sub-052	equalRange	2	453	452	0.047957987278097323	0.0	1.038363353982301	251171	17	17	True	6.900546392492373e-16	True	3.1348367230955975e-16	35	35	True	1.2281735895876178e-15	True	1.1354859308327943e-15	41	41	True	8.286805299106335e-16	True	5.876542958712918e-16
sub-052	equalRange	3	453	452	0.04834257199135479	0.0	1.0362640553097344	257354	17	17	True	5.935966049355376e-16	True	7.23696064000647e-16	35	35	True	4.952290994998696e-16	True	4.761683163081594e-16	41	41	True	1.408325678256985e-15	True	2.7765193290558656e-16
sub-052	equalRange	4	453	452	0.057038009861504396	0.0	1.0279000088495576	250681	17	17	True	4.157314117107518e-16	True	2.7687252400549197e-16	35	35	True	1.0968363073014821e-15	True	4.712187744257591e-16	41	41	True	1.2617796316995618e-15	True	7.01150752977096e-16
sub-053	equalIndifference	1	453	452	0.07839965387686072	0.0	1.0558410132743363	253599	17	17	True	1.2085434291735028e-15	True	1.0158871205972773e-15	35	35	True	5.780002896708445e-16	True	1.376142495015211e-15	41	41	True	4.17057421842479e-16	True	7.5738233474646165e-16
sub-053	equalIndifference	2	453	452	0.08328715882300881	0.0	1.0447161526548674	261675	17	17	True	6.081771647400478e-16	True	7.368159275880088e-16	35	35	True	3.5631927359892453e-16	True	4.333355704610545e-16	41	41	True	5.071783711819753e-16	True	6.342853980826685e-16
sub-053	equalIndifference	3	453	452	0.04520910640606764	0.0	1.052183296460177	254051	17	17	True	8.308338892506388e-16	True	9.753887786094247e-16	35	35	True	5.686700491525136e-16	True	7.119200167884343e-16	41	41	True	3.093757670979424e-16	True	1.3929809694450082e-15
sub-053	equalIndifference	4	453	452	0.057765193180259404	0.0	1.0325328871681416	253660	17	17	True	3.093543370836479e-16	True	3.660173442312223e-16	35	35	True	5.912549810677129e-16	True	1.843498678297601e-15	41	41	True	7.877654670671475e-16	True	8.676093646352814e-16
sub-054	equalRange	1	453	452	0.07047810220153414	0.004424778761061947	1.0297992632743365	260031	18	18	True	5.802404331045423e-16	True	5.286620867565077e-16	36	36	True	8.838009601783657e-16	True	6.757940999784602e-16	42	42	True	4.590155049808026e-16	True	4.959291887780664e-16
sub-054	equalRange	2	453	452	0.048809712402599674	0.0	1.0332384933628318	260380	17	15	True	6.508912545303484e-16	True	9.38943731109019e-16	35	27	True	9.231098688791542e-16	True	1.182347191340748e-15	41	33	True	7.731562534932245e-16	True	6.112105926664214e-16
sub-054	equalRange	3	453	452	0.08120248735206059	0.0	1.0229819380530973	259906	17	17	True	5.405034831530567e-16	True	9.622340256506558e-16	35	35	True	7.545943111931424e-16	True	1.158289398475298e-15	41	41	True	1.1451386864097985e-15	True	8.124964614670237e-16
sub-054	equalRange	4	453	452	0.06711005964217817	0.0	1.0422334137168143	268325	17	17	True	7.320276772758601e-16	True	1.208018610927761e-15	35	35	True	6.689318909538613e-16	True	4.944738457511557e-16	41	41	True	9.407897420590756e-16	True	8.88085050225108e-16
sub-055	equalIndifference	1	453	452	0.059954939940455865	0.0	1.0350806128318584	259407	18	18	True	4.659109748686433e-16	True	1.1249358381467873e-15	36	36	True	2.6056742186430924e-16	True	5.78695589010682e-16	42	42	True	6.820399600011543e-16	True	3.302032990567163e-16
sub-055	equalIndifference	2	453	452	0.0723127094110224	0.0	1.0362847588495576	254236	17	17	True	5.271001638367075e-16	True	4.4947971249048e-16	35	35	True	4.656530922038701e-16	True	4.3214469944739603e-16	41	41	True	7.420587361730069e-16	True	6.504812900940426e-16
sub-055	equalIndifference	3	453	452	0.0932645406677599	0.0	1.042421663716814	263025	17	17	True	7.589688831465388e-16	True	5.075937048383819e-16	35	35	True	3.1250369998763616e-16	True	5.035093651729093e-16	41	41	True	4.515848951821854e-16	True	6.926082499166826e-16
sub-055	equalIndifference	4	453	452	0.10534965716567513	0.0	1.0188680154867258	254596	18	18	True	6.809451893362043e-16	True	4.537811150301326e-16	36	36	True	4.879894192688178e-16	True	9.01930851345991e-16	42	42	True	1.3499965566821434e-15	True	1.3357933064917553e-15
sub-056	equalRange	1	453	452	0.14526149098451321	0.0	1.0705816438053097	238019	17	17	True	8.148637046750008e-16	True	7.718785729926234e-16	35	35	True	7.082308214575838e-16	True	5.508234402144663e-16	41	41	True	1.2328548420366636e-15	True	2.0470949513233215e-15
sub-056	equalRange	2	453	452	0.11796529754026545	0.0	1.1026188053097346	252064	17	17	True	7.894168173761119e-16	True	6.453920682700805e-16	35	35	True	6.73117536799611e-16	True	7.03933091575124e-16	41	41	True	1.023497244623492e-15	True	1.2055715535485913e-15
sub-056	equalRange	3	453	452	0.08152983441421205	0.0	1.097913564159292	237843	17	17	True	5.972085324468477e-16	True	7.533380488421366e-16	35	35	True	5.302123419503493e-16	True	8.07416788951e-16	41	41	True	7.715042220159963e-16	True	1.0198666731226325e-15
sub-056	equalRange	4	453	452	0.09268944714159287	0.0	1.101875150442478	236676	17	17	True	6.253834380713605e-16	True	9.011247631072697e-16	35	35	True	6.244945217742837e-16	True	6.221919289621833e-16	41	41	True	6.581163375481059e-16	True	6.347469751241868e-16
sub-057	equalIndifference	1	453	452	0.14643684815265484	0.0	1.0152806305309736	266262	17	17	True	3.3134017960671896e-16	True	3.6609837100389987e-16	35	35	True	2.606324191086684e-16	True	1.1551067365369915e-15	41	41	True	5.527722510582373e-16	True	8.067155658742878e-16
sub-057	equalIndifference	2	453	452	0.10337556858407075	0.0	1.0078507986725662	266686	17	17	True	3.36341661384257e-16	True	7.805046056896199e-16	35	35	True	4.401213894246833e-16	True	1.5893769214100297e-15	41	41	True	6.265591916364117e-16	True	8.605495073282968e-16
sub-057	equalIndifference	3	453	452	0.09416016823761061	0.0	1.0131415044247787	258003	18	18	True	1.3371601306569588e-15	True	1.1282705380748788e-15	36	36	True	1.180957190139397e-15	True	1.187705668015257e-15	42	42	True	6.108449166591206e-16	True	7.877590162375169e-16
sub-057	equalIndifference	4	453	452	0.1459135665245702	0.046460176991150445	1.0504842544247788	257798	18	18	True	1.7657584981324952e-16	True	1.8915537259176656e-16	36	36	True	4.542419197823202e-16	True	7.336376551505795e-16	42	42	True	4.720009140192215e-16	True	3.630954804494917e-16
sub-058	equalRange	1	453	452	0.07783449117807596	0.0	1.0144030774336283	248858	17	17	True	3.4468153707995877e-16	True	3.392042825649997e-16	35	35	True	4.3438298321316233e-16	True	6.005921654754462e-16	41	41	True	9.426633104549895e-16	True	9.711088974870993e-16
sub-058	equalRange	2	453	452	0.1137273597108559	0.0022123893805309734	1.004158703539823	256986	17	17	True	7.953866305160105e-16	True	6.12400139621225e-16	35	35	True	3.872301844891562e-16	True	4.3413274319620314e-16	41	41	True	6.706610876539071e-16	True	9.520509032285752e-16
sub-058	equalRange	3	453	452	0.0915253833814159	0.0	1.0072947345132743	248740	17	17	True	4.723509273092245e-16	True	1.339031960599533e-15	35	35	True	2.070239086223741e-15	True	1.0643032370208182e-15	41	41	True	3.83963368578145e-16	True	4.053041521400022e-16
sub-058	equalRange	4	453	452	0.03966941383650643	0.0	1.0185255951327432	260072	17	17	True	9.982712772461372e-16	True	1.0088415069351052e-15	35	35	True	1.426279296015986e-15	True	6.84784156288669e-16	41	41	True	1.0325974916032006e-15	True	1.0243684144998732e-15
sub-059	equalIndifference	1	453	452	0.0684268334314159	0.0	1.019921825221239	254389	17	17	True	7.372876169617395e-16	True	7.69362522024751e-16	35	35	True	6.887883854086e-16	True	5.181302333867308e-16	41	41	True	9.273032920565066e-16	True	8.56152992848246e-16
sub-059	equalIndifference	2	453	452	0.07486799777610616	0.0	1.0232645752212388	263147	17	17	True	8.989113337824459e-16	True	4.596618373925699e-16	35	35	True	9.971604245464947e-16	True	3.571986013598637e-16	41	41	True	1.4600085098047056e-15	True	2.0253384329084396e-15
sub-059	equalIndifference	3	453	452	0.09138550106194687	0.0	1.0166709800884957	253811	17	17	True	2.7221778497546344e-16	True	4.1704945048560605e-16	35	35	True	4.234109491807934e-16	True	5.876186552061787e-16	41	41	True	1.5114168386442737e-15	True	1.1506896090623298e-15
sub-059	equalIndifference	4	453	452	0.08962584219428668	0.0	1.002022396017699	263503	17	17	True	2.816355986854523e-16	True	3.196000910728605e-16	35	35	True	4.1772456645375106e-16	True	1.6228767979565484e-15	41	41	True	8.663082837288387e-16	True	6.427663665027325e-16
sub-060	equalRange	1	453	452	0.07889700200646943	0.0	1.025391296460177	242698	17	17	True	4.537679574593518e-16	True	5.0083308210488475e-16	35	35	True	8.23548653993297e-16	True	2.305157141415481e-15	41	41	True	1.1645957549750722e-15	True	1.9963031093034283e-15
sub-060	equalRange	2	453	452	0.09638527010654646	0.0	1.0139630376106195	243901	18	18	True	8.201600164470103e-16	True	7.693693608341808e-16	36	36	True	1.249228475633188e-15	True	7.078925445006449e-16	42	42	True	1.740830275047909e-15	True	9.815737124624114e-16
sub-060	equalRange	3	453	452	0.13692494972873398	0.011061946902654867	1.0207136084070796	243505	18	18	True	3.570681085786984e-16	True	5.591022434246331e-16	36	36	True	1.2810789584320964e-15	True	1.344354670415549e-15	42	42	True	5.060370083122432e-16	True	1.3691307408541554e-15
sub-060	equalRange	4	453	452	0.0935330773408743	0.0	1.0330384225663718	243242	18	18	True	2.7191932939711607e-16	True	9.274092206993192e-16	36	36	True	7.972643271244987e-16	True	1.2274488757146546e-15	42	42	True	7.38354030868323e-16	True	6.998617667071969e-16
sub-061	equalIndifference	1	453	452	0.05243432333256414	0.0	1.0170117920353983	250970	17	17	True	6.981937855778665e-16	True	9.151692221794187e-16	35	35	True	7.079311804531097e-16	True	5.274046364818526e-16	41	41	True	9.701408210761797e-16	True	6.887967100010627e-16
sub-061	equalIndifference	2	453	452	0.07029132145668403	0.0	1.013615528761062	250905	17	17	True	8.702524828044512e-16	True	1.152427664700304e-15	35	35	True	8.138727587737925e-16	True	8.6681707324500555e-16	41	41	True	1.0339319670345603e-15	True	5.498662001894359e-16
sub-061	equalIndifference	3	453	452	0.0744126221212389	0.0	1.0205453362831858	251795	17	17	True	2.6854101711699845e-16	True	6.973185393818355e-16	35	35	True	1.928491677709299e-15	True	1.8693414135484694e-15	41	41	True	1.7363344633069837e-15	True	1.2355517431879926e-15
sub-061	equalIndifference	4	453	452	0.09751192044100025	0.0	0.9990691061946904	252359	17	17	True	1.584246680001666e-15	True	2.0966982127809333e-16	35	35	True	7.642021840144584e-16	True	1.5033484801486211e-15	41	41	True	1.3214363271542656e-15	True	1.6607600659353786e-15
sub-062	equalRange	1	453	452	0.05028863049784187	0.0	1.0198869690265489	245803	17	17	True	1.9499742471162815e-15	True	8.417573767855398e-16	35	35	True	4.871396818311685e-16	True	4.835667115923288e-16	41	41	True	7.713064214370018e-16	True	5.425932768002751e-16
sub-062	equalRange	2	453	452	0.06449416553303552	0.0	1.0237546548672567	245505	17	17	True	6.791727762622201e-16	True	8.263774287577475e-16	35	35	True	4.962717224057526e-16	True	6.495094885947158e-16	41	41	True	1.464718388440169e-15	True	1.167612927964516e-15
sub-062	equalRange	3	453	452	0.052760856589483346	0.0	1.0213493827433628	245601	17	17	True	9.806246979694946e-16	True	5.92046248082894e-16	35	35	True	7.195946463207181e-16	True	6.294214731942399e-16	41	41	True	1.156318450350833e-15	True	5.782947323108329e-16
sub-062	equalRange	4	453	452	0.08201314467610617	0.0	1.0312229778761062	245874	17	17	True	4.4142256322679803e-16	True	8.350746478807753e-16	35	35	True	2.842822949580309e-16	True	9.741855344622426e-16	41	41	True	1.2716273914553066e-15	True	5.331598157373006e-16
sub-063	equalIndifference	1	453	452	0.057234426604681574	0.0	1.0587036946902655	249637	17	17	True	8.327699917096096e-16	True	1.850400305107807e-15	35	35	True	4.765809239990629e-16	True	4.189160432503044e-16	41	41	True	6.18653538018032e-16	True	1.1806777049864431e-15
sub-063	equalIndifference	2	453	452	0.05012946971603599	0.0	1.0630601415929204	248266	17	17	True	7.911153811167426e-16	True	6.196959318107912e-16	35	35	True	9.477200337199008e-16	True	8.410166178987626e-16	41	41	True	1.0360934463039715e-15	True	1.489586297295007e-15
sub-063	equalIndifference	3	453	452	0.04713227893126546	0.0	1.0614901039823008	247845	17	17	True	7.647900939166791e-16	True	1.1000244177515108e-15	35	35	True	7.081561904742628e-16	True	6.830099852969421e-16	41	41	True	6.696778232168359e-16	True	9.16415959570155e-16
sub-063	equalIndifference	4	453	452	0.03418590482386023	0.0	1.0555809491150443	248219	17	17	True	3.9383200273345024e-16	True	7.108536359504236e-16	35	35	True	1.71296587079233e-15	True	7.102097102103903e-16	41	41	True	8.483280266848441e-16	True	1.829590733408669e-15
sub-064	equalRange	1	453	452	0.10639885545088494	0.0	1.0287620154867256	259614	17	17	True	7.198308138943806e-16	True	1.1219568626422263e-15	35	35	True	1.3534766631472025e-15	True	1.1676155713775354e-15	41	41	True	1.2330809233529927e-15	True	7.704012507692842e-16
sub-064	equalRange	2	453	452	0.08603489625327433	0.0	1.0395835199115044	260580	17	17	True	6.694165134674997e-16	True	5.895721984359344e-16	35	35	True	8.56176522502688e-16	True	1.374753405137208e-15	41	41	True	5.233935415786904e-16	True	3.663899690017779e-16
sub-064	equalRange	3	453	452	0.0768112154336283	0.0	1.042966289823009	259677	17	17	True	9.086118981024955e-16	True	1.1758824388086396e-15	35	35	True	5.523449231126058e-16	True	5.800078772328244e-16	41	41	True	5.613640357802941e-16	True	9.628715247765129e-16
sub-064	equalRange	4	453	452	0.097374829644469	0.0	1.0392251769911505	258990	17	17	True	9.738688695331371e-16	True	1.1731262101344857e-15	35	35	True	8.302166700830567e-16	True	6.777951700704791e-16	41	41	True	6.176498178510312e-16	True	6.913866779664228e-16
sub-066	equalRange	1	453	452	0.07833540829300223	0.0	0.9926261482300884	249213	18	18	True	1.0307406361843957e-15	True	2.0925035731495443e-15	36	36	True	1.1158450745512128e-15	True	7.78886900775296e-16	42	42	True	4.006127077307475e-16	True	5.302006497369539e-16
sub-066	equalRange	2	453	452	0.0750674943738994	0.0	1.0089390044247788	248881	17	17	True	7.821376904247324e-16	True	6.928680825299999e-16	35	35	True	9.29081241319317e-16	True	6.134370779545827e-16	41	41	True	7.012221910568321e-16	True	6.892050552996259e-16
sub-066	equalRange	3	453	452	0.0730926867230049	0.0	1.0081862522123894	256653	17	17	True	3.019828015581434e-16	True	8.064067621262386e-16	35	35	True	6.41586279503894e-16	True	1.175938225069417e-15	41	41	True	8.402954781162396e-16	True	1.3305423078794181e-15
sub-066	equalRange	4	453	452	0.07309461046853051	0.0	1.0224656349557522	249031	17	17	True	7.067389249552101e-16	True	1.1833281148498989e-15	35	35	True	5.863716916662236e-16	True	3.631997695358466e-16	41	41	True	1.0441509922755823e-15	True	1.2843719274149952e-15
sub-067	equalIndifference	1	453	452	0.10186379659292032	0.0	1.0252998982300885	252619	17	17	True	9.663966289185404e-16	True	3.7246358755088507e-16	35	35	True	6.293078310370215e-16	True	7.528895282867658e-16	41	41	True	5.37009021080241e-16	True	7.034925467218e-16
sub-067	equalIndifference	2	453	452	0.103544769454039	0.004424778761061947	1.005840296460177	252382	17	17	True	8.430107777693231e-16	True	4.93281964645915e-16	35	35	True	4.735531130312352e-16	True	3.0205201140252515e-16	41	41	True	1.1101896133365468e-15	True	7.780105195504501e-16
sub-067	equalIndifference	3	453	452	0.11113522985081102	0.00663716814159292	1.0107564026548672	258042	18	18	True	8.268346921660338e-16	True	3.3059555441019355e-16	36	36	True	1.5890227979154077e-15	True	2.1814510685675278e-15	42	42	True	6.789554651039704e-16	True	6.884589892381346e-16
sub-067	equalIndifference	4	453	452	0.09568319153439396	0.004424778761061947	1.038769174778761	254324	18	18	True	2.2787343350823417e-16	True	3.893207797942446e-16	36	36	True	4.610651351798144e-16	True	1.880994489119764e-15	42	42	True	2.2777349333480137e-16	True	1.082472749212681e-15
sub-068	equalRange	1	453	452	0.11102271072265911	0.00663716814159292	1.035638121681416	260185	17	17	True	4.374460764553374e-16	True	6.863313232497546e-16	35	35	True	1.3118640769588945e-15	True	9.744966186806266e-16	41	41	True	1.714481531779947e-15	True	1.4646897437310052e-15
sub-068	equalRange	2	453	452	0.20159214004203538	0.061946902654867256	1.033150389380531	258336	17	17	True	1.3241983981578804e-15	True	5.007617513675842e-16	35	35	True	5.147053822047424e-16	True	4.909828149948759e-16	41	41	True	6.383734119719968e-16	True	1.4380552833392841e-15
sub-068	equalRange	3	453	452	0.1089753453030973	0.0022123893805309734	1.0557578163716814	252623	17	17	True	8.509973013128768e-16	True	5.856679128656604e-16	35	35	True	7.463206604237791e-16	True	7.03810949936693e-16	41	41	True	7.498302220446646e-16	True	8.182877685918082e-16
sub-068	equalRange	4	453	452	0.08530844519834334	0.0	1.0597046880530974	251563	17	17	True	4.893052460653765e-16	True	2.362908089296381e-16	35	35	True	9.18570185086983e-16	True	7.145988076187216e-16	41	41	True	4.203569234014199e-16	True	4.843854030229377e-16
sub-069	equalIndifference	1	453	452	0.13847933078838523	0.0	1.034181803097345	250399	18	18	True	5.654422462596944e-16	True	7.124214923656895e-16	36	36	True	8.981124207304143e-16	True	1.129037598845447e-15	42	42	True	1.3932041458118091e-16	True	6.20347266576078e-16
sub-069	equalIndifference	2	453	452	0.10616376899522763	0.0	1.0358075	249829	17	17	True	1.1433023837619534e-15	True	9.405972751726669e-16	35	35	True	7.64404923999422e-16	True	9.360109367535796e-16	41	41	True	5.659975979138474e-16	True	5.433587065769348e-16
sub-069	equalIndifference	3	453	452	0.12127051705218078	0.0	1.0294015907079648	251523	18	18	True	4.514789788614088e-16	True	4.680006594594796e-16	36	36	True	2.491662438879567e-16	True	1.1271621670995645e-15	42	42	True	2.423787447783979e-16	True	2.0058331884607402e-15
sub-069	equalIndifference	4	453	452	0.10447089518283309	0.0	1.0180638119469028	247286	17	17	True	5.875894658196341e-16	True	1.0161717344053109e-15	35	35	True	5.59770987951281e-16	True	9.314382401188645e-16	41	41	True	1.5226824710427432e-15	True	9.51765031320674e-16
sub-070	equalRange	1	453	452	0.05922028783062956	0.004424778761061947	1.0144473451327434	252689	17	17	True	9.741069509505763e-16	True	6.987572401417166e-16	35	35	True	7.273576955348593e-16	True	8.522400242903367e-16	41	41	True	1.0730979277873045e-15	True	7.147457719177746e-16
sub-070	equalRange	2	453	452	0.06751212914273437	0.0	1.0043628938053097	262361	18	18	True	4.767921836418248e-16	True	3.744033130774621e-16	36	36	True	6.924308896031678e-16	True	1.6265151213798009e-15	42	42	True	1.5736987153298925e-15	True	9.753759872235482e-16
sub-070	equalRange	3	453	452	0.0579536211997549	0.0	1.0212185309734514	252430	18	18	True	6.57080784215418e-16	True	3.90122329973308e-16	36	34	True	8.664418882890987e-16	True	2.0977991908823374e-15	42	40	True	5.128227412386896e-16	True	3.8574823467843784e-16
sub-070	equalRange	4	453	452	0.08577874177873518	0.0	0.9902859911504426	252620	17	17	True	7.994660832923408e-16	True	6.02484529311964e-16	35	35	True	7.940122923949789e-16	True	8.946824841023328e-16	41	41	True	9.084013658559134e-16	True	1.0886184742020676e-15
sub-071	equalIndifference	1	453	452	0.06460427993799485	0.0	1.0328745331858409	241547	17	17	True	9.239382631943868e-16	True	1.068925457903631e-15	35	34	True	6.744805702028696e-16	True	1.1961993031038887e-15	41	40	True	5.645350491623138e-16	True	6.675123586048244e-16
sub-071	equalIndifference	2	453	452	0.07539536982326073	0.0	1.0133908274336283	239974	18	18	True	4.720988836564544e-16	True	1.1780341555312335e-15	36	36	True	6.79723113296385e-16	True	2.330059008781739e-15	42	42	True	4.475449965548125e-16	True	7.826148543061175e-16
sub-071	equalIndifference	3	453	452	0.07303776990872302	0.0	1.0251432477876106	248107	17	17	True	1.3053160350206115e-16	True	4.802973263430199e-16	35	35	True	5.834654660925496e-16	True	1.2968738132615523e-15	41	41	True	9.733805433183538e-16	True	1.2239132210015816e-15
sub-071	equalIndifference	4	453	452	0.07661770211439245	0.0	1.0110885420353983	249943	18	18	True	1.6949001550774302e-16	True	7.35230487796049e-16	36	36	True	1.3707255318187615e-15	True	7.643404181995289e-16	42	42	True	4.604587817437428e-16	True	9.9377204293093e-16
sub-072	equalRange	1	453	452	0.09053770929830875	0.0	1.0196791725663716	261602	18	18	True	8.162975623172126e-16	True	6.378427809023967e-16	36	36	True	9.377614001345247e-16	True	7.005465658167237e-16	42	42	True	1.625386163082633e-15	True	7.747435477263701e-16
sub-072	equalRange	2	453	452	0.11903249721207622	0.011061946902654867	1.0087691769911504	252826	18	18	True	3.554230462049753e-16	True	4.804019512540241e-16	36	36	True	1.575584698453235e-15	True	7.531405750127728e-16	42	42	True	4.673435786270917e-16	True	2.0487501002687282e-15
sub-072	equalRange	3	453	452	0.12044724543499774	0.01327433628318584	1.0240334557522124	261903	18	18	True	2.2118886481985272e-16	True	3.4123673590431646e-16	36	36	True	9.074179047173526e-16	True	8.108079590726262e-16	42	42	True	1.04574041333708e-15	True	8.686223335794382e-16
sub-072	equalRange	4	453	452	0.10229853546493349	0.008849557522123894	1.026420453539823	253988	18	18	True	1.3028606316240689e-15	True	7.746676428463333e-16	36	36	True	5.778721257253827e-16	True	4.1647092984176103e-16	42	42	True	1.9941938240761515e-15	True	1.1516203660298704e-15
sub-073	equalIndifference	1	453	452	0.08399128438004348	0.0022123893805309734	1.0380048849557522	258568	18	18	True	8.9291243663824e-16	True	9.824456975584236e-16	36	36	True	9.040600803806663e-16	True	8.185401892037101e-16	42	42	True	4.68739908675806e-16	True	7.282778652246211e-16
sub-073	equalIndifference	2	453	452	0.09551993322804597	0.0	1.0464542278761062	254261	18	18	True	6.958001343757655e-16	True	4.508791150272987e-16	36	36	True	3.155290880935634e-16	True	2.5577305223502907e-16	42	42	True	4.897051566885731e-16	True	2.350523996576387e-16
sub-073	equalIndifference	3	453	452	0.0869867237371681	0.004424778761061947	1.0462125022123894	255073	18	18	True	3.40291786655702e-16	True	2.1276201677565644e-16	36	36	True	6.800062708991765e-16	True	1.2412158959854705e-15	42	42	True	2.6092321677068815e-16	True	9.082290500271865e-16
sub-073	equalIndifference	4	453	452	0.0661973116531858	0.0	1.0430108960176991	255315	18	18	True	2.592782579870118e-16	True	5.405565737405117e-16	36	36	True	4.560468383099991e-16	True	4.2227761390549377e-16	42	42	True	2.519017181131084e-16	True	3.5331460475479454e-16
sub-074	equalRange	1	453	452	0.10633923707248127	0.0	1.0943021482300885	258221	17	17	True	4.890823416571828e-16	True	4.485805947521797e-16	35	35	True	4.913958616457152e-16	True	5.248493751460572e-16	41	41	True	9.179364647328595e-16	True	3.8071437361426724e-16
sub-074	equalRange	2	453	452	0.09078680772822094	0.0	1.082175814159292	256616	17	17	True	1.1301937301691993e-15	True	7.893411156395226e-16	35	35	True	1.4759114515884175e-15	True	1.262706450627589e-15	41	41	True	7.413405507880239e-16	True	5.953772952882857e-16
sub-074	equalRange	3	453	452	0.08019650090876226	0.0	1.0715149911504425	258128	17	17	True	9.088679036355376e-16	True	1.1363636384142205e-15	35	35	True	5.624597439357298e-16	True	5.742624042491129e-16	41	41	True	5.139729416870242e-16	True	4.840576975516498e-16
sub-074	equalRange	4	453	452	0.0730476561273014	0.0	1.0561838163716815	249479	17	17	True	8.247781952732315e-16	True	7.709487056404337e-16	35	35	True	1.5407243681726916e-15	True	1.3526802305649124e-15	41	41	True	9.929843250197474e-16	True	1.0398881320645312e-15
sub-075	equalIndifference	1	453	452	0.09799526450084417	0.0022123893805309734	1.0029055663716815	257572	18	18	True	6.712741334628985e-16	True	7.105107513755496e-16	36	36	True	1.5619700197476657e-15	True	6.541447143369839e-16	42	42	True	1.0230739123830032e-15	True	4.360879616309758e-16
sub-075	equalIndifference	2	453	452	0.05952271208424595	0.0	1.014012382743363	269024	18	18	True	2.570526275883698e-16	True	9.275052148337038e-16	36	36	True	3.0021434188856496e-16	True	1.3466432128214592e-15	42	42	True	4.490360313258827e-16	True	3.977037536237849e-16
sub-075	equalIndifference	3	453	452	0.07450771337595645	0.004424778761061947	1.003435261061947	266971	17	17	True	8.738560839986295e-16	True	7.307100607861084e-16	35	35	True	3.962029659472196e-16	True	8.990254548731316e-16	41	41	True	5.157264101954802e-16	True	3.801938641284728e-16
sub-075	equalIndifference	4	453	452	0.06453748491569895	0.0022123893805309734	1.010847524336283	258604	17	17	True	6.818995987392472e-16	True	8.202792333846294e-16	35	35	True	6.634043030412965e-16	True	8.243231640401181e-16	41	41	True	9.076064009302938e-16	True	1.4017854396922499e-15
sub-076	equalRange	1	453	452	0.13382594073353646	0.0	1.0060881371681416	262502	17	17	True	3.099303775776662e-16	True	7.384530508136036e-16	35	35	True	6.74552220578387e-16	True	7.881899481877737e-16	41	41	True	1.098938484338149e-15	True	1.5163884200171832e-15
sub-076	equalRange	2	453	452	0.0846953847345021	0.0	1.0223072168141591	258456	17	17	True	9.703678833140489e-16	True	9.592464711274694e-16	35	35	True	9.461075791474902e-16	True	6.034667433093121e-16	41	41	True	4.502053896749567e-16	True	5.2226461853278e-16
sub-076	equalRange	3	453	452	0.0986546147522289	0.0	1.0271899402654867	257230	17	17	True	7.038989928793525e-16	True	1.2358449189963028e-15	35	35	True	1.424036584239257e-15	True	1.017583893808294e-15	41	41	True	7.096577649789037e-16	True	7.695684262863608e-16
sub-076	equalRange	4	453	452	0.10189071936316488	0.0	1.0155166769911503	258451	17	17	True	1.166086815412439e-15	True	1.454385626031775e-15	35	35	True	6.920639932520443e-16	True	9.699905807410898e-16	41	41	True	5.641195896553025e-16	True	1.4210355053650814e-15
sub-077	equalIndifference	1	453	452	0.08051445162932935	0.0	1.0381950530973452	250460	17	17	True	7.633640449147296e-16	True	7.459512301590725e-16	35	35	True	6.6325258000414705e-16	True	7.610306094026906e-16	41	41	True	4.963776450519208e-16	True	1.4449424443219414e-15
sub-077	equalIndifference	2	453	452	0.06575484689176027	0.0	1.0496043761061948	250885	17	17	True	1.1305253272779152e-15	True	1.1944636057487436e-15	35	35	True	1.1394116336920602e-15	True	2.8103182920388046e-16	41	41	True	2.366480958237179e-16	True	6.416097023095414e-16
sub-077	equalIndifference	3	453	452	0.07527532296460175	0.0022123893805309734	1.0454665995575223	250368	17	17	True	1.3749667376629926e-15	True	9.68050751846042e-16	35	35	True	7.134176793162872e-16	True	2.822718671451404e-16	41	41	True	1.1344182421606702e-15	True	1.695640075384825e-15
sub-077	equalIndifference	4	453	452	0.06336067768761058	0.0	1.037384504424779	250309	17	17	True	5.400293569904004e-16	True	1.1700583038434881e-15	35	35	True	7.301986196333899e-16	True	5.549375050563496e-16	41	41	True	1.0900342961294253e-15	True	8.974020200758612e-16
sub-079	equalIndifference	1	453	452	0.12032099401936847	0.0	0.9879429955752212	251279	17	17	True	8.2308763410044215e-16	True	8.158123943159075e-16	35	35	True	6.784601212710508e-16	True	7.644272267477373e-16	41	41	True	5.755289681485054e-16	True	2.0628905278844866e-15
sub-079	equalIndifference	2	453	452	0.1157128461110293	0.0	1.0106227411504425	250417	17	17	True	4.893057981736003e-16	True	5.473246450022841e-16	35	35	True	1.9278467637642134e-16	True	1.4432439463861547e-15	41	41	True	8.021217676198235e-16	True	2.0393058495063533e-15
sub-079	equalIndifference	3	453	452	0.1368121773210229	0.0	1.0463035221238939	260663	17	17	True	7.092519239842787e-16	True	1.5625862943136369e-15	35	35	True	1.2026432791718169e-15	True	1.863274517329996e-15	41	41	True	1.1015546830369156e-15	True	7.291255971750459e-16
sub-079	equalIndifference	4	453	452	0.11115533503583239	0.0	1.0236496371681414	250359	17	17	True	6.715000635188661e-16	True	7.507542631733552e-16	35	35	True	5.916520935495614e-16	True	3.4598596888234706e-16	41	41	True	1.3731723942306211e-15	True	1.4433272425710837e-15
sub-080	equalRange	1	453	452	0.09493618440450033	0.0	1.0114544491150443	263886	17	17	True	1.507174354017566e-15	True	4.0267100847139327e-16	35	35	True	7.6080975762123e-16	True	6.094849638080696e-16	41	41	True	2.1655397934659366e-15	True	9.122852285999797e-16
sub-080	equalRange	2	453	452	0.07512931190774023	0.0	1.0132050796460177	263629	17	17	True	7.242766124794348e-16	True	5.473409961346072e-16	35	35	True	4.2478423081375435e-16	True	3.821623599725874e-16	41	41	True	1.1120048173381861e-15	True	1.1024380885998293e-15
sub-080	equalRange	3	453	452	0.08497597704711972	0.0	1.0225143716814158	255724	17	17	True	7.249382730795495e-16	True	4.478463427134269e-16	35	35	True	1.2946126028546658e-15	True	9.001049708700494e-16	41	41	True	1.1523873610860807e-15	True	1.2050630224251065e-15
sub-080	equalRange	4	453	452	0.06270211361701958	0.0	1.0123211902654867	255195	17	17	True	7.041998080851498e-16	True	5.296480276476203e-16	35	35	True	7.981614780962204e-16	True	6.391753622426529e-16	41	41	True	7.220945786524211e-16	True	4.933286239706168e-16
sub-081	equalIndifference	1	453	452	0.0608497413403835	0.0	1.0076104336283187	256487	17	17	True	4.789640416549653e-16	True	8.926225742046486e-16	35	35	True	9.637146854117846e-16	True	8.034354148013544e-16	41	41	True	1.9491920650589007e-15	True	2.7715233565146086e-16
sub-081	equalIndifference	2	453	452	0.04014503957909486	0.0	1.0219603230088496	257055	17	17	True	2.38836278860215e-16	True	1.2328849515036759e-15	35	35	True	5.177660223027948e-16	True	5.060875461605776e-16	41	41	True	1.4940022924054568e-15	True	8.136205944128712e-16
sub-081	equalIndifference	3	453	452	0.03347748926364215	0.0	1.0187989579646017	256263	17	15	True	7.930942864571944e-16	True	8.670116044953222e-16	35	25	True	7.50531644153567e-16	True	4.872766153103478e-16	41	31	True	6.735192632411951e-16	True	8.55679444319084e-16
sub-081	equalIndifference	4	453	452	0.09441653661041806	0.00663716814159292	1.0039100641592922	264774	18	18	True	7.403981905732254e-16	True	5.544482568830753e-16	36	36	True	5.901588899632985e-16	True	6.952366637257498e-16	42	42	True	1.818148732228375e-16	True	2.764362636049038e-16
sub-082	equalRange	1	453	452	0.16186921755903763	0.0	1.04774892920354	251414	17	17	True	6.793401957411168e-16	True	1.020517035661517e-15	35	35	True	5.668949825841831e-16	True	5.137024182484092e-16	41	41	True	1.1093441637085125e-15	True	1.5324349126270534e-15
sub-082	equalRange	2	453	452	0.1285285267507739	0.0	1.0455961415929205	259544	17	17	True	5.422827711570629e-16	True	3.9277942222531326e-16	35	35	True	3.247727512690453e-16	True	9.188069858449702e-16	41	41	True	5.743248949131862e-16	True	5.1382872832009195e-16
sub-082	equalRange	3	453	452	0.13232539083614453	0.0	1.0389473141592922	251835	18	18	True	1.1563906873560462e-15	True	1.4590185603810524e-15	36	36	True	5.379646986639187e-16	True	5.035660678290332e-16	42	42	True	1.063986793582174e-15	True	9.244352737715986e-16
sub-082	equalRange	4	453	452	0.12776005138591956	0.004424778761061947	1.0301509557522124	254668	18	18	True	8.06786860557341e-16	True	6.491400051613076e-16	36	36	True	5.568994156268517e-16	True	5.557551812823142e-16	42	42	True	6.15144216107937e-16	True	3.111384395105705e-16
sub-083	equalIndifference	1	453	452	0.04645391104487663	0.0	1.0037020132743364	252639	17	17	True	1.0029857245026997e-15	True	9.10812462517962e-16	35	35	True	1.084107248735661e-15	True	5.097846071807357e-16	41	41	True	7.450592683856107e-16	True	7.004570079578e-16
sub-083	equalIndifference	2	453	452	0.03236609039965816	0.0	1.0029419734513276	253319	17	17	True	8.07326967883666e-16	True	5.306125772535236e-16	35	35	True	7.502614015444552e-16	True	1.4744740386588271e-15	41	41	True	5.864367318528339e-16	True	4.810123691258381e-16
sub-083	equalIndifference	3	453	452	0.050134373672597335	0.0	0.980871267699115	253652	17	17	True	1.0449296893943627e-15	True	8.877563142836675e-16	35	35	True	4.758554547522875e-16	True	1.2133914234998083e-15	41	41	True	2.3389532756899093e-16	True	8.182809447358759e-16
sub-083	equalIndifference	4	453	452	0.05401722410048318	0.0	1.0036431438053097	252494	17	17	True	6.877422843911328e-16	True	4.55753057163007e-16	35	35	True	1.4439887577380611e-15	True	1.0845661754972045e-15	41	41	True	6.759549807709443e-16	True	5.935927248753957e-16
sub-084	equalRange	1	453	452	0.12658029678496704	0.0	1.0179446592920354	264919	17	17	True	2.8617897379714833e-16	True	1.1127855720976132e-15	35	35	True	8.370391406552172e-16	True	5.194582919433459e-16	41	41	True	8.553161583125755e-16	True	8.869049136872466e-16
sub-084	equalRange	2	453	452	0.11283170537610615	0.0	1.0089844823008849	264954	17	17	True	1.193381698401856e-15	True	6.548034024139277e-16	35	35	True	9.278165750320396e-16	True	8.677876320917608e-16	41	41	True	6.196045331724847e-16	True	1.3591834578238078e-15
sub-084	equalRange	3	453	452	0.1075868051036147	0.0	0.9892846659292035	266116	17	17	True	1.0071863852423712e-15	True	1.0206211584061827e-15	35	35	True	9.052013621994207e-16	True	8.38745679673836e-16	41	41	True	8.911328123852375e-16	True	2.7628562318683078e-15
sub-084	equalRange	4	453	452	0.11189002337627758	0.0	1.002513174778761	265213	17	17	True	9.372604092119237e-16	True	2.9615917123129124e-16	35	35	True	4.4035486975239595e-16	True	5.486820781574514e-16	41	41	True	6.472153620518668e-16	True	9.240773238892757e-16
sub-085	equalIndifference	1	453	452	0.09857950684941438	0.0022123893805309734	0.9877105752212388	248845	17	17	True	3.3939949257196906e-16	True	5.201171468132123e-16	35	35	True	1.4449662418693473e-15	True	2.7894035761483595e-15	41	41	True	7.010205910188762e-16	True	1.1635525340195249e-15
sub-085	equalIndifference	2	453	452	0.0774543903401232	0.004424778761061947	1.008753564159292	250199	17	17	True	7.544553430506712e-16	True	1.829790034021107e-15	35	35	True	5.482134650573249e-16	True	1.8361364877023942e-15	41	41	True	1.4032795880746046e-15	True	9.779524814528386e-16
sub-085	equalIndifference	3	453	452	0.0643056393352351	0.0	1.015719889380531	249787	17	17	True	3.6659387509787264e-16	True	1.3599804692344341e-15	35	35	True	5.140280481081449e-16	True	7.329869396772886e-16	41	41	True	7.489682923838466e-16	True	8.143821452607502e-16
sub-085	equalIndifference	4	453	452	0.06254823080470667	0.0	1.0217434690265486	249301	18	18	True	8.709697803288627e-16	True	7.484222287512798e-16	36	36	True	7.709493139313115e-16	True	7.563547650146744e-16	42	42	True	1.1248262490114422e-15	True	1.3387246545751634e-15
sub-087	equalIndifference	1	453	452	0.1047121627831858	0.01327433628318584	1.0152062831858408	252083	17	17	True	3.545278291486071e-16	True	7.608332223101672e-16	35	35	True	6.6441159996078325e-16	True	6.965060923493262e-16	41	41	True	6.792079258015565e-16	True	9.881932044507077e-16
sub-087	equalIndifference	2	453	452	0.08264598073507395	0.017699115044247787	1.0210531460176993	251591	17	17	True	6.7361454694235845e-16	True	3.2272310978395957e-16	35	35	True	1.2969691318371813e-15	True	8.126890019574815e-16	41	41	True	7.424872168668644e-16	True	9.931199088099785e-16
sub-087	equalIndifference	3	453	452	0.060643220807738714	0.004424778761061947	1.0131792544247789	251283	18	18	True	1.790538509267423e-16	True	1.1196224890727248e-15	36	36	True	1.5653294450601393e-16	True	3.73875233111733e-16	42	42	True	3.4513662987054264e-16	True	5.308740432453906e-16
sub-087	equalIndifference	4	453	452	0.11686377382375339	0.015486725663716814	0.9945537632743363	252057	17	17	True	9.606381473152232e-16	True	5.32538137970809e-16	35	35	True	1.0518207984261135e-15	True	5.716519497447464e-16	41	41	True	1.2263295135324924e-15	True	1.1270958418055903e-15
sub-088	equalRange	1	453	452	0.12902649794909027	0.0022123893805309734	1.0025711615044248	248644	18	18	True	8.877658157880303e-16	True	6.081754212377322e-16	36	36	True	1.2728818759640978e-15	True	4.308716246604399e-16	42	42	True	1.0060060735436145e-15	True	7.203131275118654e-16
sub-088	equalRange	2	453	452	0.16511597104172565	0.03982300884955752	1.0237769623893804	248593	17	17	True	7.83229225705988e-16	True	4.526698516401977e-16	35	35	True	5.336098905308273e-16	True	5.316134715461239e-16	41	41	True	1.0359055840741541e-15	True	7.807121678111971e-16
sub-088	equalRange	3	453	452	0.2502067193442929	0.08628318584070796	0.9992891592920355	249747	17	17	True	4.948678516925168e-16	True	8.983000176574267e-16	35	35	True	5.240846961333376e-16	True	5.841081852356182e-16	41	41	True	5.997245821259755e-16	True	8.666270734958884e-16
sub-088	equalRange	4	453	452	0.3314902189015213	0.19690265486725664	1.0429856570796459	261021	17	17	True	1.712231350533402e-15	True	1.4195419127796842e-15	35	35	True	8.6210128210151225e-16	True	5.229533012195233e-16	41	41	True	1.428032987071169e-15	True	9.427271794688936e-16
sub-089	equalIndifference	1	453	452	0.11179628753119468	0.004424778761061947	1.0423427831858407	252722	17	17	True	4.759765475089494e-16	True	1.1329227430674903e-15	35	35	True	3.9807776405823553e-16	True	2.972736906988432e-16	41	41	True	5.003724477475878e-16	True	6.74058101723094e-16
sub-089	equalIndifference	2	453	452	0.13058548200752207	0.0022123893805309734	1.0361929734513273	253039	17	17	True	4.682615619883633e-16	True	3.502153886974967e-16	35	35	True	9.027472078139266e-16	True	9.097630646997083e-16	41	41	True	1.0028138810383468e-15	True	1.4028339332294992e-15
sub-089	equalIndifference	3	453	452	0.21794920721017694	0.07079646017699115	1.0424298053097345	253841	17	17	True	1.180862582089912e-15	True	8.060901866169119e-16	35	35	True	7.467577757566404e-16	True	1.207405454813228e-15	41	41	True	5.590254616587022e-16	True	1.1498286718677105e-15
sub-089	equalIndifference	4	453	452	0.11473114628588565	0.004424778761061947	1.028984564159292	261567	17	17	True	8.30105132487139e-16	True	6.66662352665438e-16	35	35	True	7.524041205066347e-16	True	1.1909548394195688e-15	41	41	True	9.458464628428816e-16	True	7.672426437604609e-16
sub-090	equalRange	1	453	452	0.02426038755587146	0.0	1.0137017190265487	261471	18	18	True	6.797415543087826e-16	True	5.441950137313319e-16	36	36	True	9.759284541717948e-16	True	9.528080162292257e-16	42	42	True	1.6103775339667042e-15	True	1.2121511657863702e-15
sub-090	equalRange	2	453	452	0.049759345520142106	0.0	1.002586132743363	256966	17	17	True	9.565603791963859e-16	True	1.476097561214405e-15	35	35	True	7.241911417081838e-16	True	7.288579797881921e-16	41	41	True	1.0796937161511276e-15	True	6.170198411263783e-16
sub-090	equalRange	3	453	452	0.10239635709319994	0.0	0.9707412544247787	256898	17	17	True	9.36400657318791e-16	True	9.094700860734558e-16	35	35	True	5.196174087886365e-16	True	9.346415591758865e-16	41	41	True	1.1832894441319529e-15	True	9.652905032441343e-16
sub-090	equalRange	4	453	452	0.0863949244483282	0.0022123893805309734	0.9916621946902655	256907	17	17	True	1.2431770240824719e-15	True	1.092231840938369e-15	35	35	True	4.879032837428874e-16	True	4.838362151800443e-16	41	41	True	9.08628481338259e-16	True	8.543744165610252e-16
sub-092	equalRange	1	453	452	0.015796906556221974	0.0	1.0486081814159294	258936	18	16	True	7.179188183793594e-16	True	1.1912088396244465e-15	36	26	True	6.202027339061583e-16	True	4.939799739441529e-16	42	32	True	7.639098724822104e-16	True	4.0598161425086825e-16
sub-092	equalRange	2	453	452	0.013266027553597327	0.0	1.0405757411504426	266436	17	17	True	1.3995274920363278e-15	True	1.3685448705857713e-15	35	35	True	8.143573291639342e-16	True	1.267174220793962e-15	41	41	True	7.421135411510668e-16	True	4.456801946593328e-16
sub-092	equalRange	3	453	452	0.030017231246647996	0.0	1.0444227234513275	258789	17	17	True	1.2094193698854297e-15	True	7.856929713589084e-16	35	35	True	8.942020414283919e-16	True	1.1169301183704685e-15	41	41	True	1.048945355365781e-15	True	8.792808042447662e-16
sub-092	equalRange	4	453	452	0.0234049405928252	0.0	1.0460599115044247	258988	17	17	True	1.69665320264434e-16	True	1.1541338389010773e-15	35	35	True	1.011262343029498e-15	True	6.140314393727752e-16	41	41	True	5.748910680121712e-16	True	1.234709157512808e-15
sub-093	equalIndifference	1	453	452	0.08242542377589003	0.0	1.0161978185840708	241824	17	17	True	7.426343611598113e-16	True	1.0086706733158646e-15	35	35	True	3.0663111117819405e-16	True	5.014137470099868e-16	41	41	True	4.828152730192169e-16	True	7.695615980383129e-16
sub-093	equalIndifference	2	453	452	0.09514234373694687	0.004424778761061947	1.0103972544247788	251903	16	16	True	9.809883942199934e-16	True	7.491386664163189e-16	34	34	True	8.193405441572553e-16	True	3.211101023315716e-16	40	40	True	4.389166771385867e-16	True	5.045101865140517e-16
sub-093	equalIndifference	3	453	452	0.1597277955022124	0.024336283185840708	1.0285441747787611	243413	17	17	True	1.0447650253865431e-15	True	7.251883987882584e-16	35	35	True	1.3388641836016382e-15	True	2.0799914927251727e-15	41	41	True	9.188930914680564e-16	True	2.3970761688330446e-15
sub-093	equalIndifference	4	453	452	0.19356807619026545	0.06415929203539823	1.024749017699115	243548	17	17	True	8.537990610054807e-16	True	8.867141171239291e-16	35	35	True	2.9987504011569036e-16	True	6.524269479253395e-16	41	41	True	5.568542702334514e-16	True	4.2471417881649273e-16
sub-094	equalRange	1	453	452	0.08888665694619861	0.0	1.0607681238938051	257781	18	18	True	8.250431583115514e-16	True	9.109230799217048e-16	36	36	True	1.6243382249771122e-15	True	4.2932507033507135e-16	42	42	True	1.1798990529357294e-15	True	1.1850655829429266e-15
sub-094	equalRange	2	453	452	0.06327627273230164	0.0	1.0417447345132742	248295	18	18	True	5.49345966587005e-16	True	4.1286773410170624e-16	36	36	True	1.149865259567398e-15	True	6.761784031485593e-16	42	42	True	9.304106663276112e-16	True	1.099529415124813e-15
sub-094	equalRange	3	453	452	0.07540362041023126	0.0	1.0362186305309733	258471	17	17	True	1.1103309145818217e-15	True	6.867031877430806e-16	35	35	True	1.4106233625576928e-15	True	8.810851006964901e-16	41	41	True	7.481922192539113e-16	True	1.346174268242892e-15
sub-094	equalRange	4	453	452	0.09070325576628581	0.0022123893805309734	1.0402630752212387	247838	17	17	True	4.783369472902635e-16	True	6.137158513216469e-16	35	35	True	6.111975166217182e-16	True	1.2588002228731788e-15	41	41	True	5.871688368057549e-16	True	1.3726260653292675e-15
sub-095	equalIndifference	1	453	452	0.0656648776104664	0.0	1.0117007699115044	262784	18	18	True	6.80893411681491e-16	True	2.6052812042173875e-16	36	36	True	7.444911752574591e-16	True	4.821078966464151e-16	42	42	True	1.787473169014575e-15	True	1.0217362128010443e-15
sub-095	equalIndifference	2	453	452	0.08195122401371677	0.004424778761061947	1.0336391769911504	291706	18	18	True	3.4578133469485783e-16	True	7.463444718355312e-16	36	36	True	1.3779595003935153e-15	True	4.106892291001563e-16	42	42	True	1.3036447249980556e-15	True	1.6373224840818325e-15
sub-095	equalIndifference	3	453	452	0.11653995843677933	0.0022123893805309734	1.0167128274336281	255152	17	17	True	3.4639139926259165e-16	True	5.822056840569099e-16	35	35	True	3.728426290164112e-16	True	3.5760516363104534e-16	41	41	True	7.57360782373234e-16	True	4.371915578553246e-16
sub-095	equalIndifference	4	453	452	0.11548096529639551	0.022123893805309734	1.034501814159292	255448	17	17	True	8.261709846720315e-16	True	1.2176914189940819e-15	35	35	True	1.145108083431635e-15	True	9.379724155303615e-16	41	41	True	1.2959751169535167e-15	True	1.4629174250603082e-15
sub-096	equalRange	1	453	452	0.08898111271567842	0.0	1.0502009977876106	258810	18	18	True	6.641271157841072e-16	True	4.632822891993433e-16	36	36	True	7.185516483823015e-16	True	1.0376117173701123e-15	42	42	True	3.971051779583125e-16	True	7.404471937136992e-16
sub-096	equalRange	2	453	452	0.05525148383843844	0.0	1.0406929668141593	249878	17	16	True	5.591500923365979e-16	True	5.110269720019427e-16	35	31	True	5.470122095990903e-16	True	3.42538549165873e-16	41	37	True	6.892336165392869e-16	True	1.257612176664436e-15
sub-096	equalRange	3	453	452	0.0702049569683336	0.0	1.0323022367256636	249680	17	17	True	3.889517858188935e-16	True	1.0757994984299816e-15	35	35	True	7.304976288414952e-16	True	7.498315063637478e-16	41	41	True	1.1577430110987696e-15	True	8.578792150343022e-16
sub-096	equalRange	4	453	452	0.06082353475130399	0.0	1.0230657278761062	256285	17	17	True	5.523662151906993e-16	True	7.246819601962248e-16	35	35	True	7.438100699609596e-16	True	3.739810131833526e-16	41	41	True	3.6698933283439084e-16	True	4.701664770540123e-16
sub-098	equalRange	1	453	452	0.07176984834768697	0.0	1.0319556371681418	254922	17	17	True	5.204692009225043e-16	True	7.113296693482279e-16	35	35	True	1.509845556211036e-15	True	5.71491045934486e-16	41	41	True	8.251021615750521e-16	True	7.679422759747087e-16
sub-098	equalRange	2	453	452	0.07233026189803067	0.0	1.0174092721238939	254093	17	17	True	9.132028487322684e-16	True	1.2228160263728808e-15	35	35	True	9.277449012166723e-16	True	9.136627570811214e-16	41	41	True	7.071511540740985e-16	True	1.107101256740733e-15
sub-098	equalRange	3	453	452	0.05791811553597992	0.0	1.007598935840708	254469	17	17	True	4.6689580352234275e-16	True	6.376229643153762e-16	35	35	True	4.226493741087602e-16	True	4.438010625186871e-16	41	41	True	4.1468157131254013e-16	True	1.1991859783146951e-15
sub-098	equalRange	4	453	452	0.05084783113374591	0.0	1.0129806261061947	260962	17	17	True	8.144983693441294e-16	True	1.4745329828000255e-15	35	35	True	1.6583492777001223e-15	True	1.6449747145259635e-15	41	41	True	6.272766746149287e-16	True	8.065682618013724e-16
sub-099	equalIndifference	1	453	452	0.13766027227876101	0.0022123893805309734	1.0758277146017698	261092	17	17	True	3.784260898251759e-16	True	1.1257318654600482e-15	35	35	True	5.977323192800001e-16	True	3.2949407241441975e-16	41	41	True	6.181063740330864e-16	True	6.595546497652631e-16
sub-099	equalIndifference	2	453	452	0.12658766767477875	0.017699115044247787	1.0710249380530974	253642	17	17	True	2.533102034829357e-16	True	1.3361830525587455e-15	35	35	True	1.0450702424494965e-15	True	1.647714164036866e-15	41	41	True	5.973656770073952e-16	True	5.189310023597016e-16
sub-099	equalIndifference	3	453	452	0.1182974216216814	0.00663716814159292	1.0681554977876107	253343	17	17	True	4.740057437369393e-16	True	4.811912513506645e-16	35	35	True	8.113590562168923e-16	True	1.1507603289849651e-15	41	41	True	6.206059561316288e-16	True	1.1042113033596091e-15
sub-099	equalIndifference	4	453	452	0.1269192417057522	0.008849557522123894	1.07549346460177	254566	17	17	True	8.079944995225461e-16	True	7.269233362537212e-16	35	35	True	5.6704187869667655e-16	True	4.889910386329331e-16	41	41	True	7.937127062620847e-16	True	2.4139884915217855e-15
sub-100	equalRange	1	453	452	0.23542367178289572	0.07079646017699115	1.013369721238938	268677	18	18	True	6.394915391389482e-16	True	5.944431683770927e-16	36	36	True	1.3451706580537013e-15	True	8.798873688423163e-16	42	42	True	7.630733255843927e-16	True	3.8007934554665914e-16
sub-100	equalRange	2	453	452	0.3151284468458457	0.15486725663716813	1.0505603318584071	268516	17	17	True	4.437415174554104e-16	True	4.377900111727046e-16	35	35	True	5.067419893410655e-16	True	9.80906320368789e-16	41	41	True	1.0530994712947744e-15	True	1.1287073122142303e-15
sub-100	equalRange	3	453	452	0.3431552108160192	0.16592920353982302	1.031496878318584	269741	18	18	True	1.7439618609008582e-15	True	4.026045064210204e-16	36	36	True	8.37860076510865e-16	True	7.836689024121867e-16	42	42	True	1.8584295986825847e-15	True	9.604646814262853e-16
sub-100	equalRange	4	453	452	0.39588939342823	0.25663716814159293	1.0708406061946902	275769	18	18	True	8.14733568391432e-16	True	8.278792897903485e-16	36	36	True	1.4058391994779689e-15	True	7.946791383512551e-16	42	42	True	1.2759656431116483e-15	True	8.942265360260952e-16
sub-102	equalRange	1	453	452	0.09225294617117995	0.017699115044247787	1.0290699734513273	253763	17	17	True	1.1166338172883134e-15	True	1.0227845320726366e-15	35	35	True	1.3930768362988064e-15	True	7.469652780125121e-16	41	41	True	7.817196991990418e-16	True	2.333543404616467e-16
sub-102	equalRange	2	453	452	0.05717842591397876	0.0022123893805309734	1.044097831858407	256532	17	17	True	5.722156177050877e-16	True	4.858235569611445e-16	35	35	True	6.041307726236575e-16	True	3.685026079667449e-16	41	41	True	3.905727956044166e-16	True	5.059993818879739e-16
sub-102	equalRange	3	453	452	0.054032697127431153	0.0	1.0284902477876106	253356	17	17	True	2.4410547998207507e-16	True	4.929248053232621e-16	35	35	True	1.3463126748625054e-15	True	5.402997486084667e-16	41	41	True	9.117171152018694e-16	True	7.142503078012437e-16
sub-102	equalRange	4	453	452	0.0679869121105836	0.0	1.0280977831858407	253908	17	17	True	1.1435930474997402e-15	True	4.589637504717101e-16	35	35	True	1.1033394680863784e-15	True	1.8000564363544156e-15	41	41	True	8.136187670525642e-16	True	8.166788691989407e-16
sub-103	equalIndifference	1	453	452	0.11051385644230834	0.0	1.0063851128318584	250727	17	17	True	1.9831104958764035e-15	True	1.3172858731748201e-15	35	35	True	1.2711761495241764e-15	True	1.1596135445548536e-15	41	41	True	7.159222737125839e-16	True	1.4214051652268798e-15
sub-103	equalIndifference	2	453	452	0.06803043057860464	0.004424778761061947	1.0418344115044247	250484	17	17	True	2.6201916952692166e-16	True	2.9563806398966764e-16	35	35	True	6.493149372289795e-16	True	7.86069362891584e-16	41	41	True	5.975571688331928e-16	True	4.934460118899429e-16
sub-103	equalIndifference	3	453	452	0.09132686516666383	0.01327433628318584	1.0500582986725664	251408	17	17	True	1.18676910633683e-15	True	9.780970396240309e-16	35	35	True	7.209056343754266e-16	True	2.133686687210709e-15	41	41	True	7.200287118522917e-16	True	2.1534705562426683e-15
sub-103	equalIndifference	4	453	452	0.0877068590687982	0.00663716814159292	1.071306225663717	250933	18	18	True	1.2360040885487127e-16	True	5.622046914337009e-16	36	36	True	2.846278675556994e-16	True	1.498124261031067e-16	42	42	True	3.4649910277841645e-16	True	5.286662320073154e-16
sub-104	equalRange	1	453	452	0.09459226861775925	0.0	1.0190065176991152	255121	17	17	True	5.926638641344505e-16	True	5.336464959362211e-16	35	35	True	4.737925959486722e-16	True	5.992007486980777e-16	41	41	True	4.174549738028924e-16	True	3.731069792225083e-16
sub-104	equalRange	2	453	452	0.03694490702817311	0.0	1.0281409491150442	255344	17	17	True	1.0900887294487051e-15	True	8.022200387143472e-16	35	35	True	5.005764038218766e-16	True	7.22410187662125e-16	41	41	True	6.6598968016915215e-16	True	4.538567181063086e-16
sub-104	equalRange	3	453	452	0.03845122178146059	0.0	1.0213136061946901	256454	17	17	True	4.490560683395612e-16	True	2.2724963107875813e-16	35	35	True	1.7058583968902308e-15	True	1.3072907180040928e-15	41	41	True	1.7269272108296012e-15	True	4.0094453778073635e-16
sub-104	equalRange	4	453	452	0.048289455271638346	0.0	1.012162842920354	255534	17	17	True	1.013661002957794e-15	True	5.842115291376863e-16	35	35	True	5.761868360519094e-16	True	1.6980263125644045e-16	41	41	True	8.899483242028743e-16	True	1.0798431551995227e-16
sub-105	equalIndifference	1	453	452	0.10610168097612029	0.0	1.0274422699115044	246688	17	17	True	5.970581512332636e-16	True	1.2035079982006277e-15	35	35	True	9.217623457248472e-16	True	8.686471051794684e-16	41	41	True	5.937291462078131e-16	True	5.93361130123804e-16
sub-105	equalIndifference	2	453	452	0.09687773362212597	0.0022123893805309734	1.030930814159292	246646	17	17	True	1.1730057031362527e-15	True	1.1881711650686835e-15	35	35	True	1.6072682742030025e-15	True	1.5802358682429218e-15	41	41	True	8.443586216870806e-16	True	6.089244769060155e-16
sub-105	equalIndifference	3	453	452	0.0831795358615353	0.0	1.0340089469026548	257757	17	17	True	8.453394475545035e-16	True	7.953298945018478e-16	35	35	True	1.238569858911661e-16	True	1.2466127691032155e-15	41	41	True	5.671458885195253e-16	True	7.200416305198207e-16
sub-105	equalIndifference	4	453	452	0.09066274224551708	0.0	1.028863203539823	245590	17	17	True	5.196398904116679e-16	True	4.87931615369459e-16	35	35	True	5.94874109171311e-16	True	1.1295819999216836e-15	41	41	True	6.793746759388801e-16	True	6.736752197411081e-16
sub-106	equalRange	1	453	452	0.09628626557496578	0.0	1.0311401504424778	249270	17	17	True	5.673724333850854e-16	True	5.723552770439179e-16	35	35	True	5.507839805600087e-16	True	7.511914203301515e-16	41	41	True	1.4547504436745032e-15	True	1.8512745315787195e-15
sub-106	equalRange	2	453	452	0.07479464423140615	0.0	1.0454720796460177	249089	17	17	True	6.88019032425315e-16	True	2.802965770353685e-16	35	35	True	9.466042886081838e-16	True	5.53491084223355e-16	41	41	True	1.4724976170197776e-15	True	2.1056162470980083e-15
sub-106	equalRange	3	453	452	0.06873530682207342	0.00663716814159292	0.997766232300885	248779	17	17	True	4.540650880322572e-16	True	2.963414819357813e-16	35	35	True	6.962062821644884e-16	True	4.755431043006148e-16	41	41	True	6.842241265343391e-16	True	8.868349945499994e-16
sub-106	equalRange	4	453	452	0.10798140848125751	0.017699115044247787	0.9987167721238939	248318	17	17	True	1.0319057979401134e-15	True	1.0313220755646382e-15	35	35	True	1.0390285772539333e-15	True	1.001644107332097e-15	41	41	True	7.732041089106679e-16	True	5.868823969899274e-16
sub-107	equalIndifference	1	453	452	0.07880155228661759	0.0	1.016843150442478	246686	18	18	True	1.4696513871041418e-15	True	4.1119608203592316e-16	36	36	True	5.692274433427984e-16	True	1.1236886244227415e-15	42	42	True	2.8848911652259305e-16	True	3.494572352630719e-16
sub-107	equalIndifference	2	453	452	0.0817470540270835	0.0	1.0240770022123893	246728	17	17	True	5.821375331089404e-16	True	4.206153228562642e-16	35	35	True	7.234245159048512e-16	True	9.743225501327088e-16	41	41	True	1.6818086602989109e-15	True	1.6156123496728474e-15
sub-107	equalIndifference	3	453	452	0.06995010191806528	0.0	1.0255700243362833	246609	18	18	True	5.236779844950728e-16	True	1.2822918769271373e-15	36	36	True	5.129991051153855e-16	True	2.237236807156181e-15	42	42	True	1.5974810785418169e-16	True	1.005858279649954e-15
sub-107	equalIndifference	4	453	452	0.061018514061946874	0.0	1.0220806991150442	246572	17	17	True	9.435638573590434e-16	True	5.761810619446485e-16	35	35	True	4.796732983509585e-16	True	6.08418740035042e-16	41	41	True	6.263283364352245e-16	True	6.275871113728939e-16
sub-108	equalRange	1	453	452	0.06991057666499144	0.0	1.0437491216814159	256140	18	18	True	7.076859554080055e-16	True	4.43358568489517e-16	36	36	True	1.1953179249004371e-15	True	8.112500744821792e-16	42	42	True	5.000890714962152e-16	True	5.325045869142352e-16
sub-108	equalRange	2	453	452	0.09786762651150438	0.0	1.008347168141593	255911	17	17	True	3.1547688475970717e-16	True	5.578562084812222e-16	35	35	True	1.2352961705447472e-15	True	9.053270319716032e-16	41	41	True	8.58806330978457e-16	True	8.851954413684106e-16
sub-108	equalRange	3	453	452	0.10243095829567002	0.0	1.030901314159292	255884	17	17	True	7.274527507608318e-16	True	5.866203088385029e-16	35	35	True	8.295099748213707e-16	True	7.304225684175818e-16	41	41	True	5.772193936690223e-16	True	9.764465054338904e-16
sub-108	equalRange	4	453	452	0.10313249521468011	0.0	0.9891352079646017	256153	17	17	True	1.0249264841149447e-15	True	1.5803355376575215e-15	35	35	True	1.4936216319075951e-15	True	6.917854228271433e-16	41	41	True	1.0388632193341723e-15	True	9.497381319126663e-16
sub-109	equalIndifference	1	453	452	0.07924484342009658	0.0	1.064109064159292	253446	18	18	True	8.995573537489136e-16	True	1.7792227434176697e-15	36	36	True	1.0069401333788866e-15	True	2.837649232054457e-16	42	42	True	2.015498471997529e-15	True	1.1758418403656939e-15
sub-109	equalIndifference	2	453	452	0.07548965001727767	0.0	1.0474471548672566	256121	18	18	True	1.3402794404987033e-15	True	1.8096213498900894e-15	36	36	True	7.814323392801164e-16	True	1.3859711693876608e-15	42	42	True	4.53712267031034e-16	True	6.510561033307986e-16
sub-109	equalIndifference	3	453	452	0.12476869668503575	0.0	1.0368851061946902	258377	17	17	True	3.5415247513463607e-16	True	1.0670414819480362e-15	35	35	True	7.19315168208759e-16	True	1.3553104587603751e-15	41	41	True	1.1593179169541675e-15	True	1.4575920396043237e-15
sub-109	equalIndifference	4	453	452	0.1006289387533666	0.0	1.050324353982301	257605	17	17	True	7.556354506566178e-16	True	7.5625721244563e-16	35	35	True	4.973040091321657e-16	True	4.873346079342617e-16	41	41	True	4.754892935045252e-16	True	7.371251350918521e-16
sub-110	equalRange	1	453	452	0.12622807872196026	0.017699115044247787	1.0327834004424779	246583	17	17	True	1.4238023497477682e-15	True	5.898551651485922e-16	35	35	True	1.3914871176873024e-15	True	7.3723403210003945e-16	41	41	True	8.986226329822016e-16	True	4.305961351031507e-16
sub-110	equalRange	2	453	452	0.09086204535398226	0.015486725663716814	1.0300868030973451	238831	18	18	True	4.739589116510901e-16	True	7.488658671146775e-16	36	36	True	5.660119849140319e-16	True	1.1946713722027488e-15	42	42	True	7.973040427530243e-16	True	4.260856963121442e-16
sub-110	equalRange	3	453	452	0.13994507130973446	0.0420353982300885	1.0191730796460179	238663	18	18	True	1.3715104007235612e-15	True	8.068965527475358e-16	36	36	True	6.714089468392357e-16	True	9.69978236354567e-16	42	42	True	1.1949129041754155e-15	True	7.240477505788554e-16
sub-110	equalRange	4	453	452	0.12512776594469022	0.03761061946902655	1.0222095796460178	240120	17	17	True	1.1699321526909306e-15	True	1.021079934574354e-15	35	35	True	1.3396806298502292e-15	True	7.156149891191542e-16	41	41	True	5.739639672492439e-16	True	8.938765563328884e-16
sub-112	equalRange	1	453	452	0.05680458156715305	0.0	1.0402168827433629	253068	17	17	True	5.183589959916654e-16	True	9.081473708970112e-16	35	35	True	7.169966981242214e-16	True	7.908384739251209e-16	41	41	True	4.771639848455405e-16	True	4.0229761108305557e-16
sub-112	equalRange	2	453	452	0.05833337886556457	0.0	1.0234456659292035	253310	17	17	True	8.604104163529212e-16	True	4.6050696524904015e-16	35	35	True	7.184508901693351e-16	True	8.463940363460377e-16	41	41	True	8.51213229682285e-16	True	7.101073971688554e-16
sub-112	equalRange	3	453	452	0.06689369410290016	0.0	1.0228246725663717	254663	17	17	True	4.641920211623076e-16	True	3.681940294573083e-16	35	35	True	8.682398795555067e-16	True	8.7844848925657855e-16	41	41	True	6.997579915772295e-16	True	7.511684194673078e-16
sub-112	equalRange	4	453	452	0.055245482941287935	0.0	1.0117490243362832	254740	17	17	True	1.5664501835338914e-15	True	1.2372193745233473e-15	35	35	True	6.808544777879562e-16	True	5.950250959137588e-16	41	41	True	4.88551070940304e-16	True	1.0509373545949897e-15
sub-113	equalIndifference	1	453	452	0.053068364565088476	0.0	1.0468463915929205	255542	17	17	True	1.3752292913324036e-15	True	8.677416263847567e-16	35	35	True	9.378737492546039e-16	True	4.694045084588533e-16	41	41	True	9.920373385601337e-16	True	4.4141206336575496e-16
sub-113	equalIndifference	2	453	452	0.06552342272610617	0.0	1.0381071460176992	250675	17	17	True	5.211834208951448e-16	True	1.2501722890250957e-15	35	35	True	7.073996497030736e-16	True	3.4853989186734904e-16	41	41	True	1.4373053332184917e-15	True	2.038026088922267e-15
sub-113	equalIndifference	3	453	452	0.05765601813451324	0.0	1.0449098561946903	245400	17	17	True	9.407175231597394e-16	True	1.2971759979278873e-15	35	35	True	5.690906114442741e-16	True	1.662200366600223e-15	41	41	True	2.1668271117734073e-15	True	1.5248151837123472e-15
sub-113	equalIndifference	4	453	452	0.05037728403832698	0.0	1.0456223075221238	245926	18	18	True	6.673288835367305e-17	True	1.11407993230182e-15	36	36	True	3.6213152321196787e-16	True	1.8903355175637233e-15	42	42	True	4.622732732527647e-16	True	6.905408179619033e-16
sub-114	equalRange	1	453	452	0.0769726280851536	0.0	1.0105557190265486	246945	17	17	True	7.793845735253643e-16	True	5.061551922826844e-16	35	35	True	1.0032447062020957e-15	True	4.651536315660018e-16	41	41	True	6.691024602585867e-16	True	1.2109560209820638e-15
sub-114	equalRange	2	453	452	0.08060891616341108	0.0	1.0130995796460178	255224	17	17	True	5.413923963088706e-16	True	4.574034316167414e-16	35	35	True	1.0255540628564426e-15	True	4.815918318370434e-16	41	41	True	5.306829231804492e-16	True	4.681634843412639e-16
sub-114	equalRange	3	453	452	0.084994485549707	0.0	1.0151752942477876	246072	17	17	True	6.287133535318109e-16	True	6.108926863491812e-16	35	35	True	6.0460930772471285e-16	True	8.470406138969779e-16	41	41	True	1.0324777709989689e-15	True	1.0182537345553363e-15
sub-114	equalRange	4	453	452	0.07165476509985756	0.0	1.0203199513274337	257240	17	17	True	5.558431203748595e-16	True	1.0153317789795384e-15	35	35	True	1.7137834479308853e-15	True	8.743974050771857e-16	41	41	True	6.181523253702563e-16	True	8.999559112776528e-16
sub-115	equalIndifference	1	453	452	0.058780795820592605	0.0	1.0310758252212389	255241	17	17	True	7.3458436005577365e-16	True	9.439743239168301e-16	35	35	True	1.0764882281919888e-15	True	2.316215326064318e-16	41	41	True	5.358423051980646e-16	True	6.037403754185346e-16
sub-115	equalIndifference	2	453	452	0.06863977377872811	0.0	1.041297789823009	254889	18	18	True	2.3281211860602504e-16	True	3.7985242707905954e-16	36	36	True	2.26692763645703e-15	True	9.785217363435958e-16	42	42	True	4.670009334081263e-16	True	1.006773702992478e-15
sub-115	equalIndifference	3	453	452	0.06719968950733485	0.0	1.0210024955752213	255528	17	17	True	1.2390243272761031e-15	True	1.1623134435014052e-15	35	35	True	8.575693439342205e-16	True	1.135766466535027e-15	41	41	True	8.244334008933497e-16	True	7.277105820694462e-16
sub-115	equalIndifference	4	453	452	0.07460568141435142	0.0	1.007967174778761	254425	17	17	True	6.425761578357323e-16	True	7.061563342530477e-16	35	35	True	8.95691559681368e-16	True	4.959871450281593e-16	41	41	True	1.0705426772349665e-15	True	1.1158451137149462e-15
sub-116	equalRange	1	453	452	0.119316016626854	0.008849557522123894	1.0105566836283186	257088	17	17	True	1.4760123339124981e-15	True	1.0130234678752448e-15	35	35	True	4.226835190752168e-16	True	1.5625127785863245e-15	41	41	True	7.933748645576014e-16	True	2.261949421225312e-15
sub-116	equalRange	2	453	452	0.21322210677318665	0.05752212389380531	1.075486831858407	253977	17	17	True	1.661139501504172e-15	True	1.0814125692348537e-15	35	35	True	8.754450567010856e-16	True	7.36705320116236e-16	41	41	True	1.2396904791878367e-15	True	8.047946061341901e-16
sub-116	equalRange	3	453	452	0.2259587824601501	0.08185840707964602	0.9628832632743364	255170	17	17	True	7.866760235459505e-16	True	6.294240414689972e-16	35	35	True	1.1574891144734611e-15	True	5.060481359253189e-16	41	41	True	3.4144363600795868e-15	True	2.613720590909493e-15
sub-116	equalRange	4	453	452	0.18951108911362194	0.048672566371681415	0.959591860619469	257630	17	17	True	9.80754110033692e-16	True	1.1658555157373173e-15	35	35	True	1.4888192353992428e-15	True	1.2745389376082755e-15	41	41	True	9.605784475713696e-16	True	6.995613297143474e-16
sub-117	equalIndifference	1	453	452	0.05617686337566369	0.0	1.0226528230088496	239177	17	17	True	7.131998954087479e-16	True	3.8792680532900653e-16	35	35	True	5.98462623499774e-16	True	9.69353029871889e-16	41	41	True	9.876951428627825e-16	True	9.069685473662515e-16
sub-117	equalIndifference	2	453	452	0.030936250212922595	0.0	1.0340282057522125	239246	17	17	True	9.727448255597444e-16	True	5.326849216265611e-16	35	35	True	5.234753752980745e-16	True	6.878577492998325e-16	41	41	True	7.321963096592457e-16	True	9.110482084566942e-16
sub-117	equalIndifference	3	453	452	0.03950838746373993	0.0	1.0287925066371681	238834	17	17	True	5.561696466361419e-16	True	3.643728392311185e-16	35	35	True	1.1826076712653878e-15	True	1.6664053980866063e-15	41	41	True	5.026364530503219e-16	True	3.1270031106729733e-16
sub-117	equalIndifference	4	453	452	0.04481572985969506	0.0	1.0179881061946903	239829	17	17	True	1.2920957195683903e-15	True	1.7108756744663878e-15	35	35	True	1.360634204258039e-15	True	1.7482039689693705e-15	41	41	True	8.35995430742824e-16	True	8.255159604323121e-16
sub-118	equalRange	1	453	452	0.13112201794690265	0.0	1.0584020907079648	245385	17	17	True	7.737278196706204e-16	True	1.1637137904608656e-15	35	35	True	1.706265663515983e-15	True	1.2999684618084932e-15	41	41	True	1.72298007481098e-15	True	3.6897770878966324e-16
sub-118	equalRange	2	453	452	0.1172978086186472	0.0	1.0487484579646018	245475	18	18	True	7.929548550835864e-16	True	7.737675582979647e-16	36	36	True	1.6243413357020052e-15	True	7.590146064057527e-16	42	42	True	1.6115453636162025e-15	True	1.1672605214299311e-15
sub-118	equalRange	3	453	452	0.11887242660685839	0.0	1.0369077323008848	245267	17	17	True	1.0915609165001405e-15	True	1.148039756950669e-15	35	35	True	9.68427676506486e-16	True	5.089056278221028e-16	41	41	True	8.419406546221436e-16	True	7.445765958959811e-16
sub-118	equalRange	4	453	452	0.13279665504940263	0.0	1.0490632234513275	245266	17	17	True	7.144391283427106e-16	True	7.645535994913438e-16	35	35	True	4.2295642038964614e-16	True	3.1531885941574913e-16	41	41	True	8.609596335747217e-16	True	9.623113426595379e-16
sub-119	equalIndifference	1	453	452	0.12401548919026548	0.0	1.0134957477876108	247522	17	17	True	5.139800107328098e-16	True	7.812264996404509e-16	35	35	True	9.299326879409776e-16	True	9.390777819071482e-16	41	41	True	1.4355123898146294e-15	True	8.760394019225093e-16
sub-119	equalIndifference	2	453	452	0.10941528819026544	0.0	1.0605790840707965	245879	17	17	True	9.569180972007666e-16	True	9.926906250792825e-16	35	35	True	1.1852704231042838e-15	True	2.393259056919307e-16	41	41	True	1.1279338988514525e-15	True	7.92734013370294e-16
sub-119	equalIndifference	3	453	452	0.14769853367053026	0.0022123893805309734	1.0187125442477876	251531	18	18	True	2.4482592839309075e-16	True	7.378299086979513e-16	36	36	True	5.907183510302111e-16	True	1.6499890103460607e-15	42	42	True	1.4783183578002592e-15	True	1.0370216617762962e-15
sub-119	equalIndifference	4	453	452	0.1422956825530973	0.00663716814159292	1.0129796902654868	246401	18	18	True	4.582081172635412e-16	True	1.2507504400285021e-15	36	36	True	3.801574866030235e-16	True	1.1922247895757812e-15	42	42	True	5.425431012961371e-16	True	1.1504282350117664e-15
sub-120	equalRange	1	453	452	0.12698142141196986	0.01991150442477876	1.0282094845132743	248924	18	18	True	8.927005552221781e-16	True	8.146940487036835e-16	36	36	True	3.9740844191495405e-16	True	1.025305885651623e-15	42	42	True	6.068958018895252e-16	True	8.544487614762087e-16
sub-120	equalRange	2	453	452	0.16739688429646013	0.046460176991150445	1.0107802588495574	249275	18	18	True	5.594379766183263e-16	True	1.0001436269245962e-15	36	36	True	1.4505700563323506e-15	True	6.521201054714263e-16	42	42	True	8.133307296085094e-16	True	8.304536510666234e-16
sub-120	equalRange	3	453	452	0.112413344119469	0.01991150442477876	1.0431472544247788	248728	18	18	True	1.2829120908301012e-15	True	5.798456042138832e-16	36	36	True	1.1664508860952132e-15	True	9.134024165203205e-16	42	42	True	2.1207259848341716e-15	True	1.1596034936446176e-15
sub-120	equalRange	4	453	452	0.09132182564203535	0.00663716814159292	1.0399353384955752	256749	17	17	True	8.823314244632318e-16	True	4.517717601835957e-16	35	35	True	7.346665006746861e-16	True	1.3600380708567927e-15	41	41	True	1.054120210153971e-15	True	8.956135636014239e-16
sub-121	equalIndifference	1	453	452	0.0826491963730116	0.0	1.0859911880530975	260299	18	18	True	1.4226581193607248e-16	True	1.2024070556584173e-15	36	36	True	4.604496928911207e-16	True	6.181348402621634e-16	42	42	True	2.483935383508352e-16	True	1.1935745560392033e-15
sub-121	equalIndifference	2	453	452	0.03945188860148931	0.0	1.0485531349557522	252241	17	17	True	9.582643443276015e-16	True	2.235894194717089e-15	35	35	True	5.650869002160533e-16	True	1.3645771975152746e-15	41	41	True	7.332818826393566e-16	True	9.900585289834293e-16
sub-121	equalIndifference	3	453	452	0.044388786100099296	0.0	1.070926174778761	251642	17	17	True	4.847540801635268e-16	True	1.0048707212899804e-15	35	35	True	1.5459867887471322e-15	True	1.021699483527968e-15	41	41	True	6.031460381324811e-16	True	5.630701757322219e-16
sub-121	equalIndifference	4	453	452	0.07036677820554423	0.0	1.0299391415929204	251634	17	17	True	5.084599166691479e-16	True	1.8084667939502563e-15	35	35	True	4.3206305004612337e-16	True	1.0423759813871884e-15	41	41	True	6.129646577863816e-16	True	5.456989931116394e-16
sub-123	equalIndifference	1	453	452	0.06193561969579784	0.0	1.0494015730088495	248041	17	17	True	9.027495231993495e-16	True	3.218587814217886e-16	35	35	True	6.115949344595763e-16	True	9.925552266845825e-16	41	41	True	1.0873745656882442e-15	True	1.4270529376135248e-15
sub-123	equalIndifference	2	453	452	0.05322213465268893	0.0	1.0491404491150444	248490	17	17	True	4.1672713738273064e-16	True	4.234986677969075e-16	35	35	True	8.978194626088322e-16	True	8.704658176332915e-16	41	41	True	3.0939661620692206e-16	True	1.306182070522737e-15
sub-123	equalIndifference	3	453	452	0.04715752976746538	0.0	1.0578000464601771	249004	18	18	True	1.3381288682496655e-15	True	4.952240563917874e-16	36	36	True	8.980266626087048e-16	True	1.1251518193626249e-15	42	42	True	6.783862150734558e-16	True	5.476172011080466e-16
sub-123	equalIndifference	4	453	452	0.06133495671669204	0.0	1.0472650862831858	248598	17	17	True	5.551267997099676e-16	True	5.867738938518279e-16	35	35	True	7.101669845290403e-16	True	3.1435851179494404e-16	41	41	True	2.0233231505221483e-15	True	1.6496527901908424e-15
sub-124	equalRange	1	453	452	0.10719432528940147	0.004424778761061947	1.0485697190265486	269273	17	17	True	3.4743860453776975e-16	True	4.926055713100134e-16	35	35	True	1.0013934617585988e-15	True	8.433110679694631e-16	41	41	True	1.1249967101628968e-15	True	1.5224948362121776e-15
sub-124	equalRange	2	453	452	0.1493432661232001	0.0022123893805309734	1.0254077079646018	263714	17	17	True	1.0912146685947236e-15	True	8.423057903735979e-16	35	35	True	8.576713462200119e-16	True	1.0875375103993507e-15	41	41	True	1.2574530206056633e-15	True	8.698998502799106e-16
sub-124	equalRange	3	453	452	0.1562726825542685	0.0	1.0225719380530975	269699	17	17	True	8.445732780179955e-16	True	2.944124845491267e-16	35	35	True	8.384163377761893e-16	True	8.447046418704186e-16	41	41	True	1.3193934365100205e-15	True	1.5625831647894207e-15
sub-124	equalRange	4	453	452	0.15028431870307454	0.004424778761061947	1.0476658163716814	263946	16	16	True	6.159992357752514e-16	True	3.110268343251111e-16	34	34	True	4.896950130003222e-16	True	9.751334838824072e-16	40	40	True	4.586797641907914e-16	True	5.090620300500624e-16
